TweetID,Username,Text,CreateDate,Biased,Keyword
1341975520347631618,onkeltorben,Wenn ihr denkt viel mehr als bei uns in Deutschland kann eine Regierung nicht falsch machen.\n\nIn Israel steht man kurz vor einem 3. Lockdown und es wird die 4. Neuwahlen in 2 Jahren geben weil sich das Parlament gerade selbst aufgelöst hat. \n\nEs geht immer noch schlimmer.,2020-12-24 05:14:31+00:00,0,Israel
1341329464987443200,pcp68908616,"Was für intellektuelle Verrenkungen gemacht werden, um BDS als nicht-antisemitisch darzustellen. Eine Bewegung zum Israel-Boykott, die zugleich einzelne Juden, etwa Wissenschaftler, angreift und von Konferenzen ausschließen will, ist doch sonnenklar antisemitisch. #BDS",2020-12-22 10:27:19+00:00,0,Israel
1341096409056096259,katjahusen,"Die Resolution des Bundestages steht am Ende einer Ungleichbehandlung, die immer wieder zur Dämonisierung und doppelten Standards in Bezug auf Israel führt. Nicht am Anfang einer Ungleichbehandlung.",2020-12-21 19:01:14+00:00,0,Israel
1341078395199885314,Korallenherz,"Janko erzählt, das nach der Wichteldemo am 18.11., auf der eine Israelfahne zu sehen war und bei der es zum WaWe-Einsatz kam, der deutsche Botschafter in Israel einberufen wurde um sich erklären zu müssen. \n\nGibt es da einen Faktencheck?\n\n#Rosenbus",2020-12-21 17:49:40+00:00,0,Israel
1338912866473291786,medbuer,"ES IST EIN SKANDAL, dass Institutionen, die den Boykott eines einzigen Staates auf der Welt - Israel - unterstützen, mit deutschen Steuergeldern gefördert werden. \nSolange das der Fall ist, werde ich NICHT schweigen.",2020-12-15 18:24:37+00:00,0,Israel
1334999453477072896,Psch27389151,Der palästinensische Regierungschef Mahmud Abbas läßt seit 14 Jahren keine Neuwahlen zu.\nUnd mit dem Diktator soll Israel Frieden schließen?,2020-12-04 23:14:07+00:00,0,Israel
1328390995394895874,sen_senf,Israel hat 1948 die Unabhängigkeit ausgerufen.Was war vorher?Ein Britisches Madatsgebiet.Und davor? Osmanisches Reich.Und davor?Vor 2100 Jahren ein jüdisches Königreich in dem der Jude Jesus geboren wurde. \nWann also gab es einen palästinensischen Staat? \nNie! \nDas sind Fakten.,2020-11-16 17:34:28+00:00,0,Israel
1315698808295129089,Hiob888Marcus,"Zum Abschluss dieses Abschnitts wird nochmals betont, dass Adonai für Israel kämpft (V. 14).",2020-10-12 17:00:15+00:00,0,Israel
1314139736529948672,manuelakohler15,"In #Israel räumt der #Lockdown mit #Ausgangssperre die Neuinfektionen mal ordentlich ab.\nEr ist das einzige sinnvolle Mittel, wenn die Situation so eskaliert wie jetzt in Europa fast überall.\n\nVor 1 Woche waren es noch 9066 neue Fälle, gestern 3277.",2020-10-08 09:45:03+00:00,0,Israel
1313945556402802688,hafiz_machaalji,"Israelische Siedler halten sich illegal in Palästinensischen Territorien auf. Sie verbrennen grundlos Oliven und Obstbäume, zerstören Felder und Infrastruktur. Antisemitismus ist weltweit so hoch wie im 3. Reisch. Israel ist laut Studien das meist gehasste Land und Volk.",2020-10-07 20:53:27+00:00,1,Israel
1313023406812598277,joemarauder,Im einstigen Vorzeigeland #Israel werden inzwischen provisorische Leichenhallen errichtet. Bilder wie aus Bergamo im Frühjahr. \n\nUnd es gibt immer mehr Proteste gegen die Regierung und die Maßnahmen. \n\nWir müssen unbedingt die Zahlen niedrig halten.,2020-10-05 07:49:09+00:00,0,Israel
1312707253317840898,Roman_Bolliger,Im einstigen Vorzeigeland #Israel werden inzwischen provisorische Leichenhallen errichtet. Bilder wie aus Bergamo im Frühjahr. \n\nUnd es gibt immer mehr Proteste gegen die Regierung und die Maßnahmen. \n\nWir müssen unbedingt die Zahlen niedrig halten.,2020-10-04 10:52:52+00:00,0,Israel
1312315621112270853,schirwindt,"#Trump begann keine Kriege.\n\n#Trump erließ keine Zensurgesetze.\n\n#Trump rief nicht zu Gewalt auf.\n\n#Trump unterstützt als einziger die Demokratien Israel, Hongkong, Taiwan und die Wirtschaftschancen von Minderheiten.\n\nAlles was Trump's Gegner ihm vorwerfen, tun sie. Nicht #Trump.",2020-10-03 08:56:40+00:00,0,Israel
1309604733473226752,der_rosenkranz,"Der neuerliche harte Lockdown in Israel.\n\nUnd die Leute, die sich hier beklagen, weil sie das Tragen eines Mundnasenschutzes in ihrer Freiheit einschränke.",2020-09-25 21:24:34+00:00,0,Israel
1306967977544343552,Gerhard79012316,Israel hat totalen Lock down aber Österreich gibt keine Reisewarnung heraus. Was soll das ???,2020-09-18 14:47:02+00:00,0,Israel
1306271681636429828,D_Friedeman,"Wenn Barak Obama einen Friedensnobelpreis erhalten hat, obwohl er keinen Frieden voran gebracht hat, was steht dann eigentlich Trump zu, der wesentlich dazu beigetragen hat, dass Israel und zwei arabische Staaten heute Frieden geschlossen haben?",2020-09-16 16:40:12+00:00,0,Israel
1304933701793591301,sdyke,"Dass Israel heute als erstes Land der Welt zum zweiten Mal in den Lockdown* ist, habt ihr mitbekommen?\n\nUnd jetzt halt die Klappe Jürgen und zieh deine Maske an.\n\n(*Deutschland hatte nie einen Lockdown)",2020-09-13 00:03:33+00:00,0,Israel
1304387655073923072,Manou77633472,"Die Palästinenserführung hat versucht die Arabische Liga dazu zu bringen, eine Verurteilung der Annäherung zwischen Israel VAE zu veröffentlichen.\n\nDie Arabische Liga macht das nicht!\n\nEs sind aufregende Tage für all diejenigen, wie mich, die Frieden im Nahen Osten wollen.",2020-09-11 11:53:45+00:00,0,Israel
1302165428073005056,HerbertRohrmair,"in #Israel zum Lockdown auch eine noch nie da gewesene Hitzewelle. Jerusalem hat gestern mit 42,8°C den Rekord von 1902 deutlich übertroffen!",2020-09-05 08:43:25+00:00,0,Israel
1288550306159251456,TimoScheil,"Nein, Du bist kein Antisemit, nur weil Du Israel kritisiert!\n\nEs ist genau andersherum:\n\nDu kritisierst Israel, nur weil Du ein Antisemit bist!",2020-07-29 19:01:47+00:00,0,Israel
1287729696332013569,israelgerade,Schusswechsel an der Grenze zwischen Israel und dem Libanon.,2020-07-27 12:40:59+00:00,0,Israel
1285289515549184001,MoritzMichelson,"Viele denken, Islam und Araber wären eine sehr alte Religion bzw. Kultur.\n\nDas stimmt aber nicht.\n\nDer #Islam entstand erst über 600 Jahre nach Christus und über 1000 Jahre nach dem Judentum.\n\nJuden, Römer, Christen lebten in #Jerusalem, #Palästina, #Israel BEVOR der Islam kam.",2020-07-20 19:04:34+00:00,0,Israel
1285189416810668032,Joernroeschen,Mitten in der Corona-Krise in #Israel streiken seit heute die Krankenpfleger*innen. Sie fordern bessere Arbeitsbedingungen und mehr Personal.,2020-07-20 12:26:49+00:00,0,Israel
1281198983461961729,hmger_hoerby,"König David, Jesus etc. hin oder her - ich weiß, dass Israel am richtigen Ort auf der Welt existiert.\nWas jetzt noch fehlt ist, dass die arabischen Nachbarn,insbesondere die Palästinenser, zu Demokraten werden und Islamismus Terror ablehnen, damit wir Frieden schließen können.",2020-07-09 12:10:15+00:00,0,Israel
1279473656649986048,MangaVenaqui,"Ginge es dem #Bundestag wirklich um Völkerrecht, würde sich die ""ehrenwerte Gesellschaft"" für die Entstehung eines kurdischen Staates, Unabhängigkeit Tibets, oder Rückzug der Türkei aus Zypern mit der gleichen Intensität einsetzen, wie sie #Israel-Bashing betreibt ! #Annexion",2020-07-04 17:54:25+00:00,0,Israel
1279297051692535808,Thom_Ritter,Für die Doppelmoral der deutschen Politik gegenüber Israel kann man sich nur in Grund und Boden schämen.,2020-07-04 06:12:39+00:00,0,Israel
1278687600119812096,JaykayRandolph,"Wenn man bedenkt, dass Sigmar #Gabriel Israel „Apartheid“ vorgeworfen und mit Blick auf Pegida gesagt hat, es gebe „ein Recht darauf, deutschnational zu sein“, ist diese #Tönnies-Nummer doch eher mittelschlimm. Oder?",2020-07-02 13:50:55+00:00,0,Israel
1276594075282616320,twomplet,"das du bereitet hast vor allen Völkern,\nein Licht, zu erleuchten die Heiden,\nund zum Preis deines Volkes Israel. #twomplet",2020-06-26 19:12:00+00:00,0,Israel
1275191137356206083,banana__janna,fick israel und amerika seine mutter #FreeFalastin,2020-06-22 22:17:13+00:00,1,Israel
1269984980366700544,SOZlALISMUS,"Ich bin gegen eine Vergrößerung des israelischen Territoriums zu Lasten der Palästinenser und finde, dass Israel die besetzten Gebiete an die palästinensische Bevölkerung zurückgeben und #Palästina als eigenständiger Staat anerkannt werden muss.",2020-06-08 13:29:49+00:00,0,Israel
1267458431390285829,RobertFimblebee,"Zuhair Muhsin,einer der Gründer der PLO sagte 1977: “Ein palästinensisches Volk existiert nicht. Die Schaffung eines Palästinenserstaates ist nur ein Mittel,um unseren Kampf gegen Israel fortzusetzen.”\nDie einzigen,die sich bis zum Jahr 1948 Palästinenser nannten,waren die Juden.",2020-06-01 14:10:12+00:00,0,Israel
1265757485094375425,MaikQdf,"Und natürlich wird kein ""#Faktencheck"" gemacht, wenn islamistische Führer oder linke Parteichefs die Geschichte von #Israel leugnen.\n\nUnd keiner, wenn deutsche Medien oder EU-Politiker Gerüchte gegen die USA oder Israel verbreiten.\n\nDiese parteiischen #Medien zerstören Vertrauen.",2020-05-27 21:31:15+00:00,0,Israel
1263789253449912322,klardenk,"#Khamenei spricht von der Endlösung gegen #Israel. Man könnte meinen, dass diejenigen die wegen #Auschwitz in die Politik gegangen sind, die Zusammenarbeit mit dem #Iran ernsthaft hinterfragen. Und nicht nur ihre Empörung mit #Sonntagsreden zeigen.",2020-05-22 11:10:12+00:00,0,Israel
1263559837356605456,TrailChem,"Was ist mit den jungen Menschen in Gaza, die sich trauen zu sagen, dass Mensch nicht die Schuld nur auf die anderen (gemeint ist Israel) schieben kann, sondern die Ursachen in der palästinensischen Gesellschaft zu kritisieren sind? Die sich nicht von der antisemitischen 15/",2020-05-21 19:58:35+00:00,0,Israel
1262007140820103168,mkrpooh,"liebe #bayern, in #israel der #toskana gibts schon heute kein #Trinkwasser aus #Grundwasser mehr! Das ist kein #Modell für #Bayern! Wir müssen daher den #ChemieEintrag ins #Grundwasser durch unsere #Bauern hier in #bayern #deckeln! #sz #faz #zeit #nzz #spiegelonline",2020-05-17 13:08:43+00:00,0,Israel
1261448664578482178,MoritzMichelson,"Die Nazis führten Krieg u.a. gegen Polen, GB, USA. Hitler arbeitete mit Amin al-Husseini gegen Israel.\n\nDas heutige Berlin definiert Polen, GB, USA und Israel als ""rechts"" und führt dann ihren ""Kampf gegen rechts""; hält sich dabei sogar wieder für moralisch überlegen.\n\nUnfassbar.",2020-05-16 00:09:32+00:00,0,Israel
1258311131501924357,BernieGunther2,"Meiner Meinung nach hat die Welt in den letzten 100 Jahren zwei erfolgreiche positive “Projekte” geboren, bzw. wieder geboren:\n\n1. Die EU\n2. Israel\n\nBeide “Projekte” stehen für Freiheit und sind für mich UNANTASTBAR.",2020-05-07 08:22:06+00:00,0,Israel
1257538296110092293,HeinrichT9,"BDS ruft zum Boykott von PUMA auf, weil das Unternehmen die Israel Football Association sponsort.\n\nDirekt mal ein paar Sachen bei PUMA bestellen.",2020-05-05 05:11:08+00:00,0,Israel
1252837222920773633,David_Koebel,"2/2\nWarum hassen LINKE Deutsche teilweise ? Weil sie sich einbilden, Israel wäre gegen Muslime. \nStimmt aber nicht! \nIsrael differenziert. \nIsrael kämpft gegen islamistischen Terror und umarmt friedliche Muslime.\nGenau so bin auch ich drauf.",2020-04-22 05:50:45+00:00,0,Israel
1242488310783590407,koysino,"“(...) allein das Pentagon beschäftigt 27 000 PR-Berater(...) Israel gibt 30 Mio. Dollar pro Jahr aus, um die Meinung im Internet zu beeinflussen. (...) Einträge über ein israelisches Foltergefängnis bei Wikipedia gelöscht.”\n\naus „Wenn man weiß, wo der Verstand ist, hat der...“",2020-03-24 16:27:52+00:00,0,Israel
1240900392155860997,ElviraVisnjic,"Es hat einen Grund, warum Israel sich vom Mossad 100.000 Tests beschaffen ließ. Es hat einen Grund warum Taiwan auf Tests setzte. Es hat einen Grund weshalb chinesische Ärzte sagen""Testen, testen, testen"". Es hat einen Grund warum US-Epidemologen sagen ""testen, testen, testen"".",2020-03-20 07:18:02+00:00,0,Israel
1239900318466478081,_br_lyrics_bot,"In Bethlehem, in Israel,",2020-03-17 13:04:06+00:00,0,Israel
1239250224910123008,LarissaWalter5,"-Hass auf ältere und geschwächte Menschen\n\n-Verherrlichung junger, aggressiver Menschen\n\n-Verachtung von Grenzen\n\n-Hass auf die USA und Israel\n\nDas ist Faschismus und Nazismus. Exakt wie damals.\n\nAber statt das zu kritisieren, gilt es heute sogar als ""gut"". Unfassbar.\n\n#COVIDー19",2020-03-15 18:00:52+00:00,0,Israel
1238078809372602368,spenglerandreas,Wenn Israel zuerst mit einem Impstoff auf den Markt kommt. Krepieren die Mullahs im Iran dann lieber freiwillig? Frage für einen Freund.,2020-03-12 12:26:05+00:00,0,Israel
1237810726141669377,MDRAktuell,"Israel verbietet Versammlungen von mehr als 100 Menschen. Regierungschef Netanjahu sagte, man müsse die alten Menschen vor dem #Coronavirus schützen.",2020-03-11 18:40:49+00:00,0,Israel
1231512692394991621,azn_german,"Ich merke schon, dass besonders in puncto Israel, fast nur Antideutsche unsere Allies sind, aber deren Selbstzentrierung, die sie gerne als Solidarität tarnen, geht mir auf den Senkel. Vorallem-Soli mit jüdischen Menschen in Form von Israel Flaggen ist nicht immer richtig.",2020-02-23 09:34:40+00:00,0,Israel
1226296136224460800,Venora_Khoon,"Die DDR begründete die Diktatur mit dem ""Kampf gegen Faschismus"".\n\nFür die DDR war jeder Kritiker und Oppositionelle ""Faschist"", jedes Mittel legitim.\n\nDie DDR war antisemitisch und hasste Israel.\n\nKlingelt's?\n\n#Merkel #Linke #Esken #SPD #Habeck #Grüne #Kemmerich #FDP #Hirte #CDU",2020-02-09 00:05:57+00:00,0,Israel
1222964534165622785,Wolfman82303170,"Herr #Steinmeier: Wenn Sie sich weigern, in Israel Deutsch zu sprechen, weil es „die Sprache der Täter“ wäre, warum sind ausgerechnet SIE dann Bundespräsident der Bundesrepublik Deutschland? Ich möchte keinen Bundespräsidenten, der mein Volk als „Täter“ bezeichnet. Treten Sie ab!",2020-01-30 19:27:21+00:00,0,Israel
1222858662873571328,saitenwurst,"Herr #Steinmeier: Wenn Sie sich weigern, in Israel Deutsch zu sprechen, weil es „die Sprache der Täter“ wäre, warum sind ausgerechnet SIE dann Bundespräsident der Bundesrepublik Deutschland? Ich möchte keinen Bundespräsidenten, der mein Volk als „Täter“ bezeichnet. Treten Sie ab!",2020-01-30 12:26:39+00:00,0,Israel
1222829430143438849,franklange1234,"Während es als selbstverständlich gilt, jüdische Siedlungen zu räumen, sodass ein palästinensischer Staat judenfrei sein kann, käme (zu Recht) niemand auf die Idee, 1,4 Millionen Muslime aus Israel auszuweisen. Doppelte Standards im Umgang mit Israel sind Normalität geworden.",2020-01-30 10:30:29+00:00,0,Israel
1222098324636958720,interpenetrant,"Für das „Nie wieder“ sorgen übrigens die Israel Defense Forces und ganz sicher kein Heiko Maas, Frank-Walter Steinmeier oder sonst irgendeiner von diesen salbadernden Polit-Kaspern aus Berlin. #HolocaustMemorialDay",2020-01-28 10:05:20+00:00,0,Israel
1222049999330193409,TomS50426984,"Ich will ja hier kein Spielverderber sein, beim ganzen #Amthor-Shitstorm, aber wir Menschen aus muslimischen Kulturkreisen wissen alle, dass in der Heimat, in der politischen Rhetorik, in der Nachbarschaft oder im Teehaus nicht gerade nett über Israel oder Juden geredet wird.",2020-01-28 06:53:19+00:00,0,Israel
1221915993112530944,MoritzMichelson,"Ich will ja hier kein Spielverderber sein, beim ganzen #Amthor-Shitstorm, aber wir Menschen aus muslimischen Kulturkreisen wissen alle, dass in der Heimat, in der politischen Rhetorik, in der Nachbarschaft oder im Teehaus nicht gerade nett über Israel oder Juden geredet wird.",2020-01-27 22:00:49+00:00,0,Israel
1215697662135042048,MAXXBIKEde,"Die Frage ist nicht mehr, ob viele #Medien auf der Seite von islamistischen antisemitischen Diktaturen stehen.\n\nDie Frage ist, was dagegen tun.\n\nJunge Menschen wachsen damit auf, Islamismus willkommen zu heißen—und Demokratie, USA, Israel, zu hassen.\n\n#Soleimani #Iran #ÖRR #Trump",2020-01-10 18:11:23+00:00,0,Israel
1215064735005249536,SDGMasterglass,"Noch liegt der Nahost-Friedensplan von US-Präsident Trump in der Schublade, doch Israel schafft mit Rückendeckung Washingtons immer neue Fakten. Die Zahl der jüdischen Siedler im Westjordanland soll sich binnen zehn Jahren auf eine Million mehr als verdoppeln.",2020-01-09 00:16:22+00:00,0,Israel
1213886288832745472,paulb0n3,Laut #UNO/#SPD/#Grüne KEIN Völkerrechtsbruch:\n\n-Massenmord in Syrien\n-Milizen/Hamas/Hisbollah\n-Terror gegen Israel\n-Angriff auf US-Botschaft\n-Hinrichtung Oppositioneller\n\nLaut UNO/SPD/Grünen Völkerrechts-BRUCH:\n\n-Ausschalten des dafür verantwortlichen Terrorkommandeurs #Soleimani,2020-01-05 18:13:38+00:00,0,Israel
1213050375047188480,katrinhilger,"Ich frage ganz ernsthaft: wer glaubt, dass der Iran in der Lage wäre, einen Krieg mit den USA anzufangen? Maximal mit Israel - aber auch das halte ich für sehr unwahrscheinlich. Da verlieren doch alle..Oder bin ich zu naiv? #Krieg #Iran",2020-01-03 10:52:01+00:00,0,Israel
1296949970835316741,kafkaezque,"gestern zum einschlafen 4h arte dokus über libanon und israel in die netzhaut gebrannt, aktuelle politik einfach sau spannend",2020-08-21 23:19:03+00:00,0,Israel
1432064430385336323,Yusuf71Gler,"Israel hat eine hohe Impfquote aber von den streng gläubigen Juden sind nur knapp 30% geimpft.\nHier ein Grund \nDie Tora weist uns an, unsere Gesundheit zu schützen und verbietet uns, uns unnötig in Gefahr zu bringen, um so das uns geschenkte Leben zu bewahren.",2021-08-29 19:35:41+00:00,0,Juden
1427886680086827011,ElisandeWalters,"Ich möchte daran erinnern, dass die Genfer Flüchtlingskonvention eine Lehre aus dem 2. Weltkrieg ist. \n\n1938 auf der Konferenz von Évian war kaum ein Land bereit, die aus Deutschland fliehenden Juden aufzunehmen. Wie Deutschland mit diesem Erbe umgeht, ist beschämend.",2021-08-18 06:54:48+00:00,0,Juden
1426947731617157124,henkelaar1337,"Es ist ernsthaft so, dass Armin Laschet einen Gesprächstermin mit dem Zentralrat der Juden abgesagt hat. Als Grund hat er die Folgen des Hochwassers in NRW genannt.\nStattdessen ist er dann nach Brandenburg gefahren, um sich von Elon Musk auslachen zu lassen.\nWas ein Peinlon.",2021-08-15 16:43:45+00:00,0,Juden
1426927084081909762,Tobias01141773,"Es ist ernsthaft so, dass Armin Laschet einen Gesprächstermin mit dem Zentralrat der Juden abgesagt hat. Als Grund hat er die Folgen des Hochwassers in NRW genannt.\nStattdessen ist er dann nach Brandenburg gefahren, um sich von Elon Musk auslachen zu lassen.\nWas ein Peinlon.",2021-08-15 15:21:42+00:00,0,Juden
1425549900247404548,mfrei9,"Der Antisemitismus braucht keine Juden, und der “Kampf gegen rechts“ braucht keine Nazis.",2021-08-11 20:09:16+00:00,0,Juden
1422476966339489800,Gerhardkopilot,"dieBasis, die Kandiaten, der Antisemitismus, der Holocaust\n\nAm 28.07.2021 veröffentlichte dieBasis NRW endlich eine Stellungnahme zu den Äußerungen ihres BT-Kandidaten Bhakdi, der behauptet hatte, die Juden in Israel hätten ""das Böse"" gelernt. Sein Interviewer Kai Stuht wies auf",2021-08-03 08:38:31+00:00,0,Juden
1419225586820595713,1913undweiter,Wie einst in Babylon...Opfern sie ihren Erstgeborenen und hören sie die JUBELSCHREIE ihres Kindes...UND DAS VOLK FEIERTE. Juden waren Sklaven in Ägypten? Guter Witz....und so stahlen wir den Ägyptern den Wein und die Bundeslade und gingen nach.........Frankreich.,2021-07-25 09:18:42+00:00,1,Juden
1417178437370925059,AliPi25421,"Schon wieder. Bauer sagt: ""Wir brauchen kein Zyklon B und keine Astra Zenica"".\n\nUnfassbar. Direkt am Mahnmal zum Gedenken an die ermordeten Juden. #Antisemitismus #b1907",2021-07-19 17:44:04+00:00,0,Juden
1416061233019736072,666Weyand,"Nachdem ich den halben Tag Holocaustrelafivierer geblockt habe, ist Twitter wieder halbwegs benutzbar.\n\nMeine Statusanalyse von Deutschland 2021:\nMan muss ERKLÄREN, warum ""Das ist das Schlimme an den Juden: sie lernen gut. Und sie haben das Böse gelernt."" #Antisemitismus ist.",2021-07-16 15:44:41+00:00,0,Juden
1415614726940372994,RaphiTheDon,"#Bhakdi: “Die Juden haben ihr Land in etwas verwandelt was noch schlimmer ist, als Deutschland damals war. Das ist das Schlimme an den Juden. Sie lernen gut. Aber sie haben das Böse jetzt gelernt.”\n\n#DieBasis: #Antisemitismus sei ""absurde Unterstellung"" ""billiges Framing""",2021-07-15 10:10:26+00:00,0,Juden
1415312010800205829,mikeltwi123,"#Bhakdi: “Die Juden haben ihr Land in etwas verwandelt was noch schlimmer ist, als Deutschland damals war. Das ist das Schlimme an den Juden. Sie lernen gut. Aber sie haben das Böse jetzt gelernt.”\n\n#DieBasis: #Antisemitismus sei ""absurde Unterstellung"" ""billiges Framing""",2021-07-14 14:07:33+00:00,0,Juden
1415244029609095168,officialGott,"Nach Hildmann ist auch Bhagdi unter die Hardcore-Antisemiten gegangen (""Das ist das gefährliche an den Juden. Sie lernen. Und jetzt haben sie das Böse gelernt."") Wer solche Leute als Wissenschaftler IRGENDWOHIN einlädt, macht das Leben in diesem Land aktiv gefährlicher.",2021-07-14 09:37:25+00:00,0,Juden
1415233653932793857,Lilith_A_tweets,"Nach Hildmann ist auch Bhagdi unter die Hardcore-Antisemiten gegangen (""Das ist das gefährliche an den Juden. Sie lernen. Und jetzt haben sie das Böse gelernt."") Wer solche Leute als Wissenschaftler IRGENDWOHIN einlädt, macht das Leben in diesem Land aktiv gefährlicher.",2021-07-14 08:56:11+00:00,0,Juden
1415216601591320576,Coronahotspot,"Nach Hildmann ist auch Bhagdi unter die Hardcore-Antisemiten gegangen (""Das ist das gefährliche an den Juden. Sie lernen. Und jetzt haben sie das Böse gelernt."") Wer solche Leute als Wissenschaftler IRGENDWOHIN einlädt, macht das Leben in diesem Land aktiv gefährlicher.",2021-07-14 07:48:25+00:00,0,Juden
1407640631120384004,KarlOttoPeter7,"Auf Deutschlands Straßen wird ""scheis Juden"" geschriehen, aber wir wollen #Ungarn etwas über Toleranz erzählen.",2021-06-23 10:04:13+00:00,0,Juden
1407526875853905926,Deutschersprec1,"Ich könnte mit Ihrem Mann sprechen. Was hat er im Krieg gemacht? Es sind Juden. Wir spielen mit. Wer sagt Ihnen, dass Sie sie abspielen sollen? Ich weiß nicht, wie er heißt. Kann ich es auch für ihn sprechen?",2021-06-23 02:32:12+00:00,0,Juden
1405053998953074689,mfzh,"Antisemitismus ist nicht einfach wie Rassismus, aber gegen Juden. Antisemitismus war von Anfang an eine Auflehnung gegen Komplexität - gegen die Moderne. ""Juden"" übernehmen die Rolle von allem, was man nicht versteht und wovon man sich fremdgesteuert fühlt.",2021-06-16 06:45:52+00:00,0,Juden
1404226034082500617,StahlMelek,"Hört auf, Juden für euren Wahlkampf zu missbrauchen.",2021-06-13 23:55:50+00:00,0,Juden
1403970082284490754,Louis_Fabu_,"Hört auf, Juden für euren Wahlkampf zu missbrauchen.",2021-06-13 06:58:46+00:00,0,Juden
1403925437361893379,julian_thnssn,"Was mich bei der Kritik wundert wenn schriftlich zitiert wird: ihre Anführungszeichen werden ignoriert. Sie sagte «vermutlich werden es dann nicht ""die Juden Kosmopoliten"" nicht ""die Feministinnen"" ""die Virologinnen"" sein, vor denen gewarnt wird, sondern Klimaforscherinnen»",2021-06-13 04:01:22+00:00,0,Juden
1403851226333290497,Anno16077718,"Was vom grünen Parteitag übrig bleibt:\nAnnalena Baerbock ruft laut ""Scheiße"" und eine Rednerin vergleicht Kritik an Klimaforschern mit der Verfolgung von Juden im dritten Reich.\nBitte lasst diese Partei bald unter 5% verschwinden...",2021-06-12 23:06:29+00:00,0,Juden
1403722577219043329,markrudolph2701,"""Und vermutlich werden es dann nicht die Juden und Kosmopoliten, nicht die Feministinnen und die Virologen*innen sein, vor denen gewarnt wird, sondern die Klimaforscher*innen.""\n\nWo ist der Unterschied zwischen Jana aus Kassel und Carolin Emcke?\n\n#allesdrin #ohnemich",2021-06-12 14:35:16+00:00,0,Juden
1403712105367412738,alf_frommer,"Wer den Satz von Carolin Emcke nicht böswillig bewusst falsch verstehen will, der versteht doch: sie vergleicht nicht Juden-Verfolgung im 3. Reich mit Angriffen auf Klimaforscher, sondern den heutigen Antisemitismus in Verschwörungs-Theorien u.a. bei den Querdenkern.",2021-06-12 13:53:40+00:00,0,Juden
1403674939971063809,CommonSensePle8,"Klimaforscher mit Juden vergleichen, Abschiebung mit Deportation. Die Grünen und die Linken verharmlosen die Nazi-Verbrechen, dass es einem schlecht wird.",2021-06-12 11:25:59+00:00,0,Juden
1403618833047371776,Hans65156047,"Klimaforscher mit Juden vergleichen, Abschiebung mit Deportation. Die Grünen und die Linken verharmlosen die Nazi-Verbrechen, dass es einem schlecht wird.",2021-06-12 07:43:02+00:00,0,Juden
1402275313279811586,nacktaffe,"Da stellen die in ihren Dokus neuerdings doch ganz kühl fest, dass auch nach 45 die Pogrome gegen Juden weitergingen. Aber nicht durch deutsche Täter.\n\nWeiter wird behauptet, dass Deportationen und Völkermord nach 45 weitergingen. Aber da waren dann die Deutschen die Opfer.",2021-06-08 14:44:22+00:00,0,Juden
1401965970583965697,MAHDI_99_01,"Die zionistischen Juden drangen in ganz Amerika ein, sogar in die Hollywood-Filmindustrie, die ihm zur Vertuschung der israelischen Verbrechen nicht einmal erlaubte, einen Film über das Schiff der Freiheit zu drehen.\n#USSLiberty",2021-06-07 18:15:09+00:00,1,Juden
1401238031013756928,xluciferax,"Ich war auf Corona-Demos in Wien, bei denen Neonazis/Hools und unorganisierte Rechtsextreme die Polizei und Journalist:innen tätlich angegriffen haben, am Wegrand stehende Juden und Jüdinnen beschimpft wurden - nichts davon endete in einem Platzverbot. #Karlsplatz",2021-06-05 18:02:34+00:00,0,Juden
1400678902276702212,FotokunstH,"Während der jüdischen #Nakbar (1948-1993) wurde im Zuge der Vertreibung (1 Million Juden) aus den arabischen Staaten (hpts. Irak, Ägypten, Marokko) #Landbesitz, welcher die fünffache Fläche von #Israel bemisst und Werte im Wert von 300 Milliarden US-Dollar zurückgelassen.",2021-06-04 05:00:48+00:00,0,Juden
1400019508484509696,jazzkatze75,"Wer auf dem Rücken von Jüdinnen Juden (dieses Landes) seinen Rassismus auslebt, ist genau das: ein Rassist. Ein Minderheiten gegeneinander ausspielender Rassist. Rassisten spalten und bringen auch uns damit in Gefahr. Und man sollte ihnen ihre Heuchelei nicht durchgehen lassen.",2021-06-02 09:20:36+00:00,0,Juden
1399824517686571008,Koryu50511710,"Das in unserem Staat Juden und Jüdinen empfohlen wird in bestimmten Situationen keinen Davidstern zu tragen, ist einfach unfassbar.",2021-06-01 20:25:47+00:00,0,Juden
1398922367833985027,mh120480,"was ich nicht verstehen kann und will, ist, dass Juden hierzulande für diese Gemengelage verantwortlich gemacht werden. Das ist nicht nur absurd… das ist gezielt. Und während wir den oben gezeichneten Konflikt nicht lösen werden, sollten wir „uns“ um „hier“ kümmern.",2021-05-30 08:40:57+00:00,0,Juden
1397559804063797255,DrJLieser,"Wer “Free Palestine” schreit und nicht “Free Palestine - von radikalislamischen Terrororganisationen” dem geht es in der Regel nicht um die Palästinenser, sondern gegen die Juden.",2021-05-26 14:26:37+00:00,0,Juden
1397079406477291523,mrstone0856,"Überall Polizei in #Berlin und schon rund um auf der Autobahn.\n\nHassveranstaltungen von Islamisten gegen Juden können nicht die Ursache sein, die werden ja auch ohne Abstand geduldet.\n\n#b2405",2021-05-25 06:37:41+00:00,0,Juden
1396845232663244806,meemsaf,"Ich denke in letzter Zeit viel darüber nach, dass auch die Unfähigkeit JudenJüdinnen als Täter zu denken, eine Art Entmenschlichung ist.\nNicht, dass Gräueltaten irgendwie erstrebenswert sind, aber es gehört scheinbar irgendwie zum Menschenwesen dazu, dieser auch fähig zu sein.",2021-05-24 15:07:10+00:00,0,Juden
1396472344659513349,mrstone0856,In #Budapest leben mehr als dreimal so viele #Juden wie Muslime. Hier können sie frei und sicher sein. Ihre Synagogen und Schulen müssen nicht rund um die Uhr von der Polizei bewacht werden. Wo in Westeuropa wäre das noch denkbar? In Deutschland jedenfalls nicht. #Ungarn,2021-05-23 14:25:26+00:00,0,Juden
1396431851464572928,HamishM15,In #Budapest leben mehr als dreimal so viele #Juden wie Muslime. Hier können sie frei und sicher sein. Ihre Synagogen und Schulen müssen nicht rund um die Uhr von der Polizei bewacht werden. Wo in Westeuropa wäre das noch denkbar? In Deutschland jedenfalls nicht. #Ungarn,2021-05-23 11:44:32+00:00,0,Juden
1396419304732733440,mrwillietanner,In #Budapest leben mehr als dreimal so viele #Juden wie Muslime. Hier können sie frei und sicher sein. Ihre Synagogen und Schulen müssen nicht rund um die Uhr von der Polizei bewacht werden. Wo in Westeuropa wäre das noch denkbar? In Deutschland jedenfalls nicht. #Ungarn,2021-05-23 10:54:41+00:00,0,Juden
1396140516287340544,DariusHorch,"In meiner TL tauchen so viele Posts von Juden rund um die Welt auf, die beschreiben, wie sie ihre Davidsternkette abnehmen/verstecken, ihre Väter warnen, wenn sie mit Kippa auf die Straße wollen, ihre Routen in die Synagoge ändern. Ich möchte schreien vor Wut #Antisemitismus",2021-05-22 16:26:52+00:00,0,Juden
1396111534032621571,RobertDittmar,"In meiner TL tauchen so viele Posts von Juden rund um die Welt auf, die beschreiben, wie sie ihre Davidsternkette abnehmen/verstecken, ihre Väter warnen, wenn sie mit Kippa auf die Straße wollen, ihre Routen in die Synagoge ändern. Ich möchte schreien vor Wut #Antisemitismus",2021-05-22 14:31:42+00:00,0,Juden
1395997353275006976,LeumLino,"Viele kriegen es hier nicht mit: In New York und L.A. greifen seit Tagen antisemitische, aggressive Mobs junger Männer wahllos Jüdinnen Juden an. Pogrom-Style. Nicht 1 o. 2 Vorfälle, was schlimm genug wäre. Dutzende. Die Videos davon schnüren mir die Kehle zu. \n#antisemitismus",2021-05-22 06:58:00+00:00,0,Juden
1395760876922232836,GerhardKeller7,"Viele kriegen es hier nicht mit: In New York und L.A. greifen seit Tagen antisemitische, aggressive Mobs junger Männer wahllos Jüdinnen Juden an. Pogrom-Style. Nicht 1 o. 2 Vorfälle, was schlimm genug wäre. Dutzende. Die Videos davon schnüren mir die Kehle zu. \n#antisemitismus",2021-05-21 15:18:19+00:00,0,Juden
1395460089616732165,amiR48280467,"Keiner hat ein Problem damit, sich klar und deutlich zum Recht auf Frieden, Sicherheit und Freiheit für Juden zu bekennen.\n\nEs fehlt das bedingungslose Bekenntnis zu den Rechten der Palästinenser. Der Diskurs wird ständig vom Kernproblem weggelenkt. Freiheit für Palästina.",2021-05-20 19:23:06+00:00,1,Juden
1394936394334842883,LilaR,"Ich lese eine Nachricht der anderen über Angriffe auf Juden und Jüdinnen, Haß, Gewalt, Ich bin entsetzt, nicht überrascht. Der Prozeß der Dämonisierung u Dehumanisierung ist weit fortgeschritten, weltweit.",2021-05-19 08:42:07+00:00,0,Juden
1394355260286722050,Spiegel4D,"Völkermord Amerika (1)\n\nVon 60 Mill. Indianern,\nblieben 800.000 übrig.\n\nZum Vergleich:\nDie Nazis haben 6 Mill. Juden umgebracht.",2021-05-17 18:12:54+00:00,0,Juden
1394353569982263301,Helmut04824637,"Falls ihr euch aktuell doch mal kurz fragt, wie es sich anfühlt, als Jüdin in Berlin zu leben: \nAls ich heute am S+U-Bahnhof Lichtenberg an der U-Bahntür stand, um auszusteigen, drehte sich ein Typ vor mir kurz um und sagte zu mir „Juden hier raus“. 1/7",2021-05-17 18:06:11+00:00,0,Juden
1394343321145909248,xholonx,"Falls ihr euch aktuell doch mal kurz fragt, wie es sich anfühlt, als Jüdin in Berlin zu leben: \nAls ich heute am S+U-Bahnhof Lichtenberg an der U-Bahntür stand, um auszusteigen, drehte sich ein Typ vor mir kurz um und sagte zu mir „Juden hier raus“. 1/7",2021-05-17 17:25:28+00:00,0,Juden
1394209115052941313,raimoundbecker,4.200 km entfernt ein Konflikt\nDeutschland hat damit exakt NULL zu tun\nTrotzdem wird unser Land wieder mit Antisemitismus-Vorwürfen befeuert!\nWir DEUTSCHEN sollten uns den Schuh nicht anziehen; wir haben die Feinde der Juden NICHT eingeladen!\nMerkel übernehmen Sie!,2021-05-17 08:32:10+00:00,0,Juden
1394175247939772416,BesorgteBrgeri2,"Wer sich über die Mohrenstraße, fehlende Gendersternchen und Zigeunersauce echauffiert, aber zum ""Tod den Juden"" brüllenden Mob schweigt, sollte seinen moralischen Kompass hinterfragen.",2021-05-17 06:17:36+00:00,0,Juden
1394001202988437513,toryswelt,"In Basel werden Jüdinnen Juden davor gewarnt, auf den Barfüsserplatz zu gehen. In EU gibt es übelste antisem. Vorfälle. Die CH-Politik schweigt, beides muss ich meinen Kindern erklären. Bitte sende ein Herz, damit wir wissen, dass wir nicht alleine sind #SayNoToAntisemitism",2021-05-16 18:46:00+00:00,0,Juden
1393973108030251009,Wieka2020,"Kein Migrationshintergrund, keine Kultur und keine Frustration rechtfertigen Aufrufe zum Mord an Juden. PUNKT.",2021-05-16 16:54:22+00:00,0,Juden
1393859913940705282,muneerkamel7,"Jetzt behaupten deutsche Politiker, der Antisemitismus sei eine muslimische Erfindung. Aber es waren keine Muslime, sondern Christen, die im Holocaust und bei Kreuzzügen Millionen Juden und Muslime ermordeten. Jetzt anderen die Schuld zu geben- ist erbärmlich.",2021-05-16 09:24:34+00:00,0,Juden
1393841152365899778,harald_guger,"Unsere Kinder dürfen sich nicht mehr als Indianer verkleiden, ""Scheiss #Juden"" auf Berliner Seitenstraßen zu brüllen geht hingegen völlig in Ordnung. Es ist nicht mehr nachvollziehbar. #Berlin #be1505 #Antisemitismus #Israel",2021-05-16 08:10:01+00:00,0,Juden
1393820073119428611,kcharlyken,"Unsere Kinder dürfen sich nicht mehr als Indianer verkleiden, ""Scheiss #Juden"" auf Berliner Seitenstraßen zu brüllen geht hingegen völlig in Ordnung. Es ist nicht mehr nachvollziehbar. #Berlin #be1505 #Antisemitismus #Israel",2021-05-16 06:46:16+00:00,0,Juden
1393805756659642368,tacki67,"Unsere Kinder dürfen sich nicht mehr als Indianer verkleiden, ""Scheiss #Juden"" auf Berliner Seitenstraßen zu brüllen geht hingegen völlig in Ordnung. Es ist nicht mehr nachvollziehbar. #Berlin #be1505 #Antisemitismus #Israel",2021-05-16 05:49:22+00:00,0,Juden
1393783903220080643,BNeuman45187943,"Übler Rassismus, ""Scheiß Juden""-Rufe milder zu bewerten, wenn sie von Muslimen ausgehen; degradiert es die Täter doch zu Kindern, die nicht wüssten, was sie da tun. Wer #Antisemitismus verbreitet, ist dafür voll verantwortlich, ganz gleich, ob er Ralf oder Raschid heißt.",2021-05-16 04:22:32+00:00,0,Juden
1393657374066499589,IreneW1812,"Sorry, aber Klartext!\nMuslime, die sich heute auf deutschen Strassen für die Hamas Terrororganisation einsetzen und gegen den jüdischen Staat - der sich gegen Tausende tödliche Raketen zur Wehr setzt - hetzen, sind nicht nur eine Gefahr für Juden, SONDERN FÜR DEUTSCHLAND!",2021-05-15 19:59:45+00:00,0,Juden
1393580925200568322,ProssSteffen,"Wer Juden nur als Stolpersteine kennt, kann wohl nicht verstehen, dass die heute Lebenden nicht einfach auf sich rumtrampen lassen.",2021-05-15 14:55:58+00:00,0,Juden
1393546329113174017,LeninistenSohn,"Israel ist ein bürgerlicher Staat mit strukturellem Rassismus gegen schwarze Juden, palästinsern und arabische Juden aber das macht ihn nicht zu einem Apartheid Staat. Dies verharmlost die Verbrechen der USA und Südafrikas.",2021-05-15 12:38:30+00:00,0,Juden
1393292296842399744,democ_de,Khaybar war der islamischen Legende nach eine von Juden besiedelte Oase die von Mohammed und seiner Armee erobert wurde. Viele der Bewohner wurden massakriert und versklavt.,2021-05-14 19:49:04+00:00,0,Juden
1393172718451937286,fleigst,Flüchtlinge die #Hitler ganz toll finden weil er so viele #Juden bestialisch ermordet hat sind in #Deutschland nicht willkommen. Rückreisetickets werden grosszügigerweise vom #BAMF kostenlos zur Verfügung gestellt!\n\n#WirErklärenDeutschland\n#Antisemitismus,2021-05-14 11:53:54+00:00,0,Juden
1393102850528579586,AnnettArmbrust1,"Die gleichen Leute, die sich in Dauerschleife über ""Zigeunersoße"" und ""Mohren-Apotheken"" aufregen, ducken sich weg und verharmlosen, wenn ein aggressiver Mob vor einer Synagoge ""Scheiß-Juden"" im Sprech-Chor skandiert und die Polizei untätig zusieht.\nAbgründe an Doppelmoral.",2021-05-14 07:16:16+00:00,0,Juden
1393100723387346945,MokaEfti,"Die gleichen Leute, die sich in Dauerschleife über ""Zigeunersoße"" und ""Mohren-Apotheken"" aufregen, ducken sich weg und verharmlosen, wenn ein aggressiver Mob vor einer Synagoge ""Scheiß-Juden"" im Sprech-Chor skandiert und die Polizei untätig zusieht.\nAbgründe an Doppelmoral.",2021-05-14 07:07:49+00:00,0,Juden
1392972414389268483,Semilocon,2. der uralte und tief tief sitzende Antisemitismus. Jeder Anlass (und oft auch ohne) ist willkommen ihn in die Welt zu speien. Israel wird zum Synonym für Juden und Jüdinnen. Und diese beherrschen die ganze Welt und unterdrücken alle friedlichen Völker des Planeten. Same old.,2021-05-13 22:37:58+00:00,0,Juden
1392956681529741314,edda314,"Ich möchte ein friedliches Deutschland\nDem stehen weder die Juden in Deutschland und Israel, noch eine israelische Regierung im Wege sondern ausschließlich die Feinde beider.",2021-05-13 21:35:27+00:00,0,Juden
1392945160347074560,Simmel123456,"Tausende friedliche Menschen, die gegen die Corona Maßnahmen der Regierung protestieren löst man eben schnell mit Schlagstöcken und Wasserwerfern auf! 30 brüllende, gewaltbereite Juden Hasser vor einer Synagoge aufzulösen, ist etwas schwierig für unsere Polizei in Gelsenkirchen!",2021-05-13 20:49:40+00:00,0,Juden
1392910615874838532,crack653,"Tausende friedliche Menschen, die gegen die Corona Maßnahmen der Regierung protestieren löst man eben schnell mit Schlagstöcken und Wasserwerfern auf! 30 brüllende, gewaltbereite Juden Hasser vor einer Synagoge aufzulösen, ist etwas schwierig für unsere Polizei in Gelsenkirchen!",2021-05-13 18:32:24+00:00,0,Juden
1392892243640557577,Thekla47151,"Es macht keinen Sinn, wenn Twitter diese Filme löscht, wo Türken und Araber in Deutschland vor Synagogen „Sch.... Juden“ schreien. Das muss jeder wissen, das muss als Warnung durch Deutschland und in die Welt gehen.",2021-05-13 17:19:24+00:00,0,Juden
1392875883367632896,scaldale,"Wenn ein konservativer Politiker, der das Wort „Globalisten“ benutzt hat, mehr Empörung unter Mainstream Medien auslöst, als „Scheiss Juden“-Gebrüll von Palästinensern in den Strassen von #Gelsenkirchen, dann weiss man alles, was man über deutschen Journalismus wissen muss.",2021-05-13 16:14:23+00:00,0,Juden
1392852722634874880,BelaDrack,"Wisst ihr noch als 2014 bei Demonstrationen in Deutschland „Hamas, Hamas, Juden ins Gas!“ geschrien wurde und die Polizei daneben stand?",2021-05-13 14:42:21+00:00,0,Juden
1392835973612924936,PapillonNoir73,"Deutsche Medien und Aktivisten sonst: \n\n„Er hat ihn gefragt, woher er ursprünglich kommt. Das ist Rassismus!“\n\nMuslime rufen „Scheiß Juden und verbrennen israelische Flaggen vor Synagogen in Deutschland\n\nDeutsche Medien und Aktivisten: \n\n....",2021-05-13 13:35:48+00:00,0,Juden
1392759256257019908,holmesgmx,"Deutsche Medien und Aktivisten sonst: \n\n„Er hat ihn gefragt, woher er ursprünglich kommt. Das ist Rassismus!“\n\nMuslime rufen „Scheiß Juden und verbrennen israelische Flaggen vor Synagogen in Deutschland\n\nDeutsche Medien und Aktivisten: \n\n....",2021-05-13 08:30:57+00:00,0,Juden
1392719265946640384,genislam1,"""Ich denke, es ist an der Zeit, dass die Menschen in Deutschland und die deutschen Eliten aufhören, palästinensische Kinder im Gazastreifen für die Verbrechen des deutschen Volkes an den europäischen Juden bezahlen zu lassen.""\n\n(Zitat eines Palästinensers)\n\n#PalestineUnderAttack",2021-05-13 05:52:03+00:00,0,Juden
1392594636611465217,NSelbstdenker,"Hintergrund: Es geht bei #SheikhJarrah um einen Rechtsstreit zwischen mehreren ansässigen Familien. Jordanien hatte 1948 Israel angegriffen, Jerusalem besetzt und die dort lebenden Juden (!) enteignet und vertrieben. Einige von ihnen klagten gegen diese Enteignung. (2/8)",2021-05-12 21:36:49+00:00,0,Juden
1392569046307155968,Ecterion,"Erst an dem Tag, an dem wir gemeinsam, Juden, Christen und Muslime, an dem Ort stehen, wo der jüdische Tempel war, Christus gelehrt hat, und Mohammed gen Himmel gefahren ist, und gemeinsam, jeder auf seine Art, den einen Gott loben, wird Frieden zwischen den Religionen sein...",2021-05-12 19:55:07+00:00,0,Juden
1392461510765580291,gjfortunas1966,"Aber mit der Terrororganisation Hamas, die das Existenzrecht Israels nicht anerkennt, antisemitische Erzählungen propagiert und die Tötung von Jüdinnen und Juden legitimiert, gibt es keinen Gesprächspartner, mit dem über Frieden zu diskutieren wäre.",2021-05-12 12:47:49+00:00,0,Juden
1392406140282093569,FelixAustria6,"Ca. einmal im Jahr interessieren sich Deutsche für den Nahostkonflikt und fordern von jedem Israeli/Juden auf der Welt eine Stellungnahme. Ich bin leider nicht der König Israels u hab nicht mal mehr den israelischen Pass, aber hier meine Position für meine neurotischen Mitbürger:",2021-05-12 09:07:48+00:00,0,Juden
1392257662138601475,Hseyin03055086,"Bürgermeister von Lod:\n\n""Wir haben die Kontrolle über die Stadt völlig verloren.""\n ""Auf den Straßen zwischen Arabern und Juden findet ein Bürgerkrieg statt.""\n ""Premierminister Netanjahu sollte die Armee hierher schicken.""\n#GazaUnderAttack \n#FreePalestine",2021-05-11 23:17:48+00:00,1,Juden
1392214896348180488,akiakbash,"In Akko brennt das Restaurant Uri Buri, wo Araber und Juden zusammen arbeiten. Von Arabern angezündet. Da waren wir oft.",2021-05-11 20:27:52+00:00,0,Juden
1392200360153030661,msgrissi,"Bitte hört auf, bei jeder Eskalation im Nahen Osten zum Juden/Israeli eures Vertrauens zu rennen und wütend nach einer Stellungnahme zu verlangen. Ich bin nicht der Botschafter, ich entscheide keine Dinge und ich muss mich vor niemandem rechtfertigen. Bitte und danke!",2021-05-11 19:30:06+00:00,0,Juden
1392119740622065667,anarcrownism,"Der Widerspruch macht mich fertig, dass viele Linke sonst stabile Positionen haben aber aus Ideologie, Empathie oder eben aus eigenem Antisemitismus dann bei sowas landen.\n\nSolidarität mit allen, die ebenfalls und noch mehr darunter leiden, insbesondere mit Jüdinnen*Juden.",2021-05-11 14:09:45+00:00,0,Juden
1392022783895515136,SidMarek,"Ca. einmal im Jahr interessieren sich Deutsche für den Nahostkonflikt und fordern von jedem Israeli/Juden auf der Welt eine Stellungnahme. Ich bin leider nicht der König Israels u hab nicht mal mehr den israelischen Pass, aber hier meine Position für meine neurotischen Mitbürger:",2021-05-11 07:44:28+00:00,0,Juden
1392022751993597955,tinyfishbowl,"Ca. einmal im Jahr interessieren sich Deutsche für den Nahostkonflikt und fordern von jedem Israeli/Juden auf der Welt eine Stellungnahme. Ich bin leider nicht der König Israels u hab nicht mal mehr den israelischen Pass, aber hier meine Position für meine neurotischen Mitbürger:",2021-05-11 07:44:21+00:00,0,Juden
1391792275999571969,TailsOnRails,"Jeder, der das Wort „Globalismus“ direkt mit Juden assoziiert und den Begriff als antisemitisches „Codewort“ bezeichnet, ist selber ein Antisemit.",2021-05-10 16:28:31+00:00,0,Juden
1391060258991259652,schoensteiner,"#lrt\nZu behaupten, ""Ost-Jerusalem"" sei irgendwie ""palästinensisch / arabisches Territorium"", ist totaler Unsinn.\n\n Juden lebten dort jahrhundertelang, bis sie 1948 vertrieben wurden. Jordanische Soldaten zerstörten das gesamte jüdische Altstadtviertel einschließlich 52 Synagogen.",2021-05-08 15:59:45+00:00,0,Juden
1390404485546192899,henkel_jorg,"Es ist eine Schweinerei,dass Übergriffe von Migranten an Juden unter „rechter Antisemitismus“ eingestuft werden. \nKaum geäußert,habe ich heute mehrere wütende Nachrichten erhalten, in denen ich als „rechtes Arschloch“ beschimpft werde. \nNicht von Migranten.\nVon Deutschen.",2021-05-06 20:33:56+00:00,0,Juden
1389167336737886214,Nina90675956,"1. Mai 2021 - Antisemitischer Angriff mit Messer in Karlshorst\nEin Mann bedrohte um 9:30 Uhr eine Frau einen Mann an der Wohnungstür mit einem Messer. Er klingelte fragte, mit Messer in der Hand, ob sie Juden seien. Anschließend versuchte der Mann, in die Wohnung zu gelangen.",2021-05-03 10:37:57+00:00,0,Juden
1388932489062854664,StockDoc69,"Das Ziel der Operation ist, die Juden aus ihrem Platz im Opfergedenken zu vertreiben, um diesen anderweitig zu besetzen: mit dem Opfer von Imperialismus, Sexismus, Rassismus. Der Holocaust war schlimm – aber das Leid der Schwarzen/Muslime/PoC war ebenso schlimm oder schlimmer.",2021-05-02 19:04:45+00:00,0,Juden
1388850872529170437,Tinchenhappy,"Nein Malte-Kevin und Dörte-Jolanda, ihr seid nicht die ""neuen Juden"" mit euren angehefteten gelben Sternen und eurem Geplärre von der angeblichen Diktatur.\nIhr seid unsolidarische geschichtsrevisionistische Antisemiten mit zu viel Freizeit + zu wenig Anstand!",2021-05-02 13:40:26+00:00,0,Juden
1388666872464388098,von_Domatin,"Nein Malte-Kevin und Dörte-Jolanda, ihr seid nicht die ""neuen Juden"" mit euren angehefteten gelben Sternen und eurem Geplärre von der angeblichen Diktatur.\nIhr seid unsolidarische geschichtsrevisionistische Antisemiten mit zu viel Freizeit + zu wenig Anstand!",2021-05-02 01:29:17+00:00,0,Juden
1388594648923447301,JacksInfostream,"Nein Malte-Kevin und Dörte-Jolanda, ihr seid nicht die ""neuen Juden"" mit euren angehefteten gelben Sternen und eurem Geplärre von der angeblichen Diktatur.\nIhr seid unsolidarische geschichtsrevisionistische Antisemiten mit zu viel Freizeit + zu wenig Anstand!",2021-05-01 20:42:17+00:00,0,Juden
1398015204299059201,baerbeli04,"Jetzt hat es mich total vom Sofa gehauen. Der Präsident des Zentralrats der Juden, Schuster, warnt in Monitor vor Antisemitismus von der AfD. Nicht die lieben Muslime nein aber die AfD.....Was sagen Deutschlands Juden dazu? Wochenlang waren wir die einzigen, die zu Ihnen standen.",2021-05-27 20:36:13+00:00,0,Juden
1520400963135287301,Filomenalta,"Wer auf Demonstrationen zur „Intifada“ aufruft, fordert damit Terror-Anschläge gegen Juden. Das darf auf deutschen Straßen nicht erlaubt sein!",2022-04-30 13:53:31+00:00,0,Juden
1519741213116702720,victoria_vdw,"Große Fresse gegen Putin haben, aber den Schwanz einziehen, wenn Moslems in Berlin Randale machen und Juden angreifen.",2022-04-28 18:11:55+00:00,0,Juden
1519249300047413250,Einblaettchen,"Schrecklich, wie sich in Berlin #MuslimischerAntisemitismus auf offener Straße austoben durfte! Wer den Kampf gegen #Antisemitismus ernst meint, darf nicht wegsehen, wenn Migranten Hass gegen Israel und Juden schüren! Doch #Steinmeier schweigt und #Faeser unternimmt gar nichts!",2022-04-27 09:37:14+00:00,0,Juden
1518547256516952064,HELMA__D,Kurze Unterbrechung im #naziprozessDo. Es wurden bisherige Anklagen und Urteile verlesen. Unter anderem Volksverhetzung bei einer Faschosause in Berlin. Zwei der aktuell Angeklagten haben sich über die Ermordung von Juden lustig gemacht.,2022-04-25 11:07:33+00:00,0,Juden
1518490051885342721,PolyPepper,"Ich frage mich, ob es Politikern nicht allmählich peinlich ist bei antisem. Vorfällen immer wieder dieselben Phrasen von sich zu geben: „AS hat keinen Platz in unserer Gesellschaft“, „Nie wieder“, „Wehret den Anfängen“. Das ist einfach nur wohlfeil u beruhigt Juden kein bisschen",2022-04-25 07:20:15+00:00,0,Juden
1518316679331209217,Mischibet,"Faschismus kann Juden hassen, muss er aber nicht. Er kann auch Ungeimpfte hassen oder Russen. Es ist egal, Hauptsache jemand wird gehasst.",2022-04-24 19:51:19+00:00,0,Juden
1518300862162030593,1150Maxx,"Keiner der Islamverbände hat die antisemitischen Demonstrationen in Berlin verurteilt, aber die deutsche Linke verurteilt jeden, der auf diesen muslimischen Antisemitismus hinweist und es verurteilt.\n\nStaatsräson ist nicht mehr Juden schützen, sondern den Islam.\n\n#b2304",2022-04-24 18:48:28+00:00,0,Juden
1518260257327362050,diaboli_spawn,Hasst Deutschland wieder Juden? Gebt Zelensky die Waffen! #BundeskanzlerAntisemit,2022-04-24 16:07:07+00:00,0,Juden
1518186476793741313,markrudolph2701,"Lustig, dass Linke immer betonen, dass sie keine Antisemiten, sondern „nur Antizionisten“ sind und gar nichts gegen Juden haben, aber auf ausnahmslos jeder Demo gegen Israel antisemitische Sprechchöre wie „Scheiß Juden“ oder „Intifada bis zum Sieg“ zu hören sind. #Antisemitismus",2022-04-24 11:13:57+00:00,0,Juden
1518176965748002818,claudia92865252,"Tritte, Schläge und „Drecks-Juden“-Rufe gegen Journalisten-Kollegen. Pressevertreter, die erst von der Versammlung ausgeschlossen werden, weil sich der Veranstalter das wünscht, um dann nur unter Polizeischutz berichten zu können. Fazit der heutigen Pro-Palästina-Demo in Berlin.",2022-04-24 10:36:09+00:00,0,Juden
1518112767882022912,SchwestaEva,"Deutschland ist, wenn mitten in Berlin tausende Muslime ""Scheiß Juden"" brüllen und nicht sie, sondern Journalisten abgeführt werden.\n\nDann stellt sich rot rot grün hin und verdammt Antisemitismus, aber nur den von Deutschen bzw. neo Nazis.\n\nIhr verdammten Heuchler!\n\n#b2304",2022-04-24 06:21:03+00:00,0,Juden
1518026508371169280,Kuestenkind95,"Deutschland ist, wenn mitten in Berlin tausende Muslime ""Scheiß Juden"" brüllen und nicht sie, sondern Journalisten abgeführt werden.\n\nDann stellt sich rot rot grün hin und verdammt Antisemitismus, aber nur den von Deutschen bzw. neo Nazis.\n\nIhr verdammten Heuchler!\n\n#b2304",2022-04-24 00:38:17+00:00,0,Juden
1518000568333127683,ines07208343,"Deutschland ist, wenn mitten in Berlin tausende Muslime ""Scheiß Juden"" brüllen und nicht sie, sondern Journalisten abgeführt werden.\n\nDann stellt sich rot rot grün hin und verdammt Antisemitismus, aber nur den von Deutschen bzw. neo Nazis.\n\nIhr verdammten Heuchler!\n\n#b2304",2022-04-23 22:55:13+00:00,0,Juden
1517981537601474562,luz_y_libertad,"Deutschland ist, wenn mitten in Berlin tausende Muslime ""Scheiß Juden"" brüllen und nicht sie, sondern Journalisten abgeführt werden.\n\nDann stellt sich rot rot grün hin und verdammt Antisemitismus, aber nur den von Deutschen bzw. neo Nazis.\n\nIhr verdammten Heuchler!\n\n#b2304",2022-04-23 21:39:35+00:00,0,Juden
1517948761649070080,ver_jorg,"Erneut israelfeindliche Demo in Berlin, dieses Mal von ""Palästina spricht"". Offener Antisemitismus Feindschaft gg Presse, die als Stellvertreter für Israel Juden markiert wurde. Schläge, Tritte, Anspucken, Versammlungsleiter mit dabei, Polizei steht bei schaut zu. #b2304",2022-04-23 19:29:21+00:00,0,Juden
1517923314030850048,SG_Zukunft,"Tritte, Schläge und „Drecks-Juden“-Rufe gegen Journalisten-Kollegen. Pressevertreter, die erst von der Versammlung ausgeschlossen werden, weil sich der Veranstalter das wünscht, um dann nur unter Polizeischutz berichten zu können. Fazit der heutigen Pro-Palästina-Demo in Berlin.",2022-04-23 17:48:14+00:00,0,Juden
1516178026060521476,10_MichaelJames,"Es kracht nicht mehr zwischen Christen und Juden. Es kracht nicht zwischen Juden und Buddhisten, nicht zwischen Christen und Hindus. Es kracht zwischen Juden und Muslimen, zwischen Christen und Muslimen, zwischen Buddhisten und Muslimen. Woran mag das nur liegen?",2022-04-18 22:13:05+00:00,0,Juden
1516153561238933504,CaiusCai,"Es kracht nicht mehr zwischen Christen und Juden. Es kracht nicht zwischen Juden und Buddhisten, nicht zwischen Christen und Hindus. Es kracht zwischen Juden und Muslimen, zwischen Christen und Muslimen, zwischen Buddhisten und Muslimen. Woran mag das nur liegen?",2022-04-18 20:35:52+00:00,0,Juden
1515694528170274817,WeeklySpectator,Einige Deutsche werden den Juden niemals den Holocaust verzeihen. \n\nDie gleichen verzeihen der Ukraine auch nicht das sie sich gegen Putin wehren.,2022-04-17 14:11:50+00:00,0,Juden
1515291102177374215,AutorSNiedlich,"füllen könnte?«\n»Yup.«\n»Och Mann …«\n»Is was?«\n»Nee, allet super. Großartige Idee.«\nDie aufständischen Juden konnten nun jeden Tag sehen, wie die Rampe langsam wuchs. Im Grunde entstand ein kleiner Berg vor ihrer Nase. Und innerhalb von zwei Monaten war das Ding fertig.\n14/x",2022-04-16 11:28:46+00:00,0,Juden
1514951212147355651,JanKosamm,Ich wünsche allen Jüdinnen und Juden ein frohes #Pessach-Fest. Mit Familien und Freunden gedenken sie der Befreiung der Israeliten aus der Sklaverei. Auch heute ist ein Leben in Freiheit nicht selbstverständlich. Wir müssen uns jeden Tag dafür einsetzen. Chag Pessach Sameach!,2022-04-15 12:58:10+00:00,0,Juden
1514940381682712577,Resi_freak,Ich wünsche allen Jüdinnen und Juden ein frohes #Pessach-Fest. Mit Familien und Freunden gedenken sie der Befreiung der Israeliten aus der Sklaverei. Auch heute ist ein Leben in Freiheit nicht selbstverständlich. Wir müssen uns jeden Tag dafür einsetzen. Chag Pessach Sameach!,2022-04-15 12:15:07+00:00,0,Juden
1514923161049047043,DrIZo82,"Wenn Antisemitismus verharmlost wird, wenn Hass auf Juden und Israel offen geäußert wird, dann ist es an uns: der nicht-jüdischen Mehrheitsgesellschaft, unzweideutig zu widersprechen. Sei es im Freundeskreis, auf der Straße oder im Internet.",2022-04-15 11:06:42+00:00,0,Juden
1514896962553790464,AutonomeB,"Die ersten schwereren Ausschreitungen heute Morgen auf dem Tempelberg in Jerusalem. Es gab Gerüchte, dass nationalistisch-religiöse Juden womöglich versuchen wollen (entgegen der bestehenden Bestimmungen) den Bereich um die AlAqsa-Moschee als Provokation zu betreten.",2022-04-15 09:22:35+00:00,0,Juden
1512759116070068225,kohn_sylvia,"Erklärt mir jemand den Unterschied, ALLE JUDEN SIND BÖSE, SCHLECHT, UND ALLE RUSSEN SIND BÖSE, UND SCHLECHT??? Man muss sie demütigen, ausgrenzen, vertreiben, Kinder mobben, so ängstigen, dass sie sich nicht mehr auf die Strasse trauen??, IST WIEDER ALLES NUR ZU UNSEREM BESTEN",2022-04-09 11:47:33+00:00,0,Juden
1505863800410497028,Wulf2015GER,"Die Gemeinde rotiert auf Hochtouren, um die Geflüchteten aus der Ukraine unterzubringen und zu versorgen.\nHeute las ich in der Gruppe:\n""Es sind seltsame Zeiten, in denen Juden Ukrainer retten, indem sie sie in Deutschland vor Russen verstecken.""",2022-03-21 11:08:02+00:00,0,Juden
1505837275292315648,shary20,"Frauen werden mit Kleidungsvorschriften und Zwangsverschleierung tyrannisiert. Minderheiten, Juden, Christen, Atheisten und Bahaiis werden brutal unterdrückt\n#NoIranDeal\n#IRGCisTerrorist",2022-03-21 09:22:38+00:00,0,Juden
1505684753579749379,Migrant_Mick,"Die Gemeinde rotiert auf Hochtouren, um die Geflüchteten aus der Ukraine unterzubringen und zu versorgen.\nHeute las ich in der Gruppe:\n""Es sind seltsame Zeiten, in denen Juden Ukrainer retten, indem sie sie in Deutschland vor Russen verstecken.""",2022-03-20 23:16:34+00:00,0,Juden
1504431376946315264,nostradamus_hd,"Ungeimpfte sind nicht meine Feinde, Juden sind nicht meine Feinde, Russen sind nicht meine Feinde, Ukrainer sind nicht meine Feinde, Muslime sind nicht meine Feinde... Jene, die übergriffig und narzisstisch über mein Leben bestimmen wollen - Das sind meine Feinde #Impfpflichtab18",2022-03-17 12:16:05+00:00,0,Juden
1502863013380038658,Die_Nervensaege,"Übrigens, wenn ich nur mitfühlen kann wenn Juden die Täter sind, werde ich überall die Juden reinbringen, wo Juden nicht die Täter sind, selbst da wo Juden die Opfer waren.",2022-03-13 04:23:58+00:00,0,Juden
1501597571612962821,Yosufinargis,"Israel sagt, wir sind in unser Land Palästina zurückgekehrt, das Töten ist unser Recht\nDie Ukraine war auch ein Teil von Russland!\nAber das letzte Mal, als Moses den Juden sagte dass sie nicht nach Palästina gehen sollen haben sie sogar ihren Propheten verraten!\n#racism\n#Ukraine",2022-03-09 16:35:34+00:00,1,Juden
1500419049230065664,Mirtschi2804,"Guten Abend !\n\nMein Name ist Nazi und ich will jetzt alle Russen vom öffentlichen Leben in der BRD ausschließen.Habe es vorher auch schon erfolgreich mit Ungeimpften getan.\nAls nächstes sind dann wieder die Juden dran. \n\nWer hat euch eigentlich ins Hirn geschissen, ihr Pisser ?",2022-03-06 10:32:32+00:00,0,Juden
1500162117906968581,xxCommander,"Guten Abend !\n\nMein Name ist Nazi und ich will jetzt alle Russen vom öffentlichen Leben in der BRD ausschließen.Habe es vorher auch schon erfolgreich mit Ungeimpften getan.\nAls nächstes sind dann wieder die Juden dran. \n\nWer hat euch eigentlich ins Hirn geschissen, ihr Pisser ?",2022-03-05 17:31:35+00:00,0,Juden
1499493236917911552,2006Shalina,"Jetzt kann keiner mehr behaupten wir haben nichts gewusst. Diese Russen gehören zu Deutschland genau so wie die Juden es sind Mitbürger und sonst gar nichts, od. wollt Ihr testen lassen von wo eure Vorfahren gekommen sind wie zu Hitlers Zeiten? Schämt Euch und die Regierung dazu",2022-03-03 21:13:41+00:00,0,Juden
1499376558993195014,SezAkinci2001,"Nach „Kauft nicht bei Juden“ kam „Kauft nicht bei Ungeimpften“, dicht gefolgt vom neusten Trend „Kauft nicht bei Russen“.\nSolidarität ist unsere Stärke!",2022-03-03 13:30:03+00:00,0,Juden
1499355295495208969,Bigthana78,"Nach „Kauft nicht bei Juden“ kam „Kauft nicht bei Ungeimpften“, dicht gefolgt vom neusten Trend „Kauft nicht bei Russen“.\nSolidarität ist unsere Stärke!",2022-03-03 12:05:33+00:00,0,Juden
1499353539918848002,Regenbogenprin1,"Nach „Kauft nicht bei Juden“ kam „Kauft nicht bei Ungeimpften“, dicht gefolgt vom neusten Trend „Kauft nicht bei Russen“.\nSolidarität ist unsere Stärke!",2022-03-03 11:58:35+00:00,0,Juden
1499334540858478594,rootsmessenger,"Ich bin übrigens weiterhin der Meinung, dass Vergleiche zwischen Putin und Hitler, oder gar Shoah-Vergleiche, vollkommen unangebracht sind. Ihr könnt euren Punkt machen, ohne auf den industrialisierten Massenmord an 6 Millionen Juden:Jüdinnen Bezug zu nehmen.",2022-03-03 10:43:05+00:00,0,Juden
1499294376752726016,HomanLukas,"Ich bin übrigens weiterhin der Meinung, dass Vergleiche zwischen Putin und Hitler, oder gar Shoah-Vergleiche, vollkommen unangebracht sind. Ihr könnt euren Punkt machen, ohne auf den industrialisierten Massenmord an 6 Millionen Juden:Jüdinnen Bezug zu nehmen.",2022-03-03 08:03:29+00:00,0,Juden
1498832612059660292,JayEfKay777,"""Entnazifizierung"" à la #Putin: Die Gedenkstätte #BabynJar Holocaust Memorial wurde bombardiert. Im gleichnamigen Tal verübten Einsatzgruppen Nazi-Deutschlands am 29./30. September 1941 das größte einzelne Massaker an Jüdinnen und Juden während der Shoa. 33.771 wurden ermordet.",2022-03-02 01:28:36+00:00,0,Juden
1498776358939471875,chocobokid88,Putin hat einer der wichtigsten Holocaust #BabynJar Gedenkstätten in der Ukraine Bombardieren lassen. An diesem Ort haben deutsche Wehrmachtssoldaten vor 80 Jahren in einer Schlucht auf dem heutigen Gebiet Kiews mehr als 33.771 Juden/innen umgebracht. \n\n#Putin ist ein Verbrecher,2022-03-01 21:45:04+00:00,0,Juden
1498727632975892485,agls1247,"Ein aus einer jüdischen Familie stammender Präsident muss heute darüber berichten, dass in Babyn Jar - wo vor 80 Jahren 33.000 Jüdinnen und Juden brutal ermordet wurden - Raketen eingeschlagen sind.\n\nWelt, du bist entzwei.\n\n#StandingWithUkraine",2022-03-01 18:31:27+00:00,0,Juden
1498718840829755396,sabineguadagni1,"""Entnazifizierung"" à la #Putin: Die Gedenkstätte #BabynJar Holocaust Memorial wurde bombardiert. Im gleichnamigen Tal verübten Einsatzgruppen Nazi-Deutschlands am 29./30. September 1941 das größte einzelne Massaker an Jüdinnen und Juden während der Shoa. 33.771 wurden ermordet.",2022-03-01 17:56:31+00:00,0,Juden
1498668900107628547,hansikarl19,"Warum hilft Israel nicht mit Kampfflugzeugen, Der Präsident ist ein jüdischer Bürger und alle Juden sollten Ihn unterstützen. Den Putin ist ein neuer Hitler.",2022-03-01 14:38:04+00:00,1,Juden
1497912511781380102,weisenbur2,"#Schweiz: ""Wir sind stolz auf unsere Neutralität, die wir die ganze Geschichte über bewahrt haben""\nAha. Und dass die Nazis das Zahngold der von ihnen im KZ vergasten Juden über die Schweiz zu Devisen machen konnten, mit denen sie ihren Weltkrieg finanzierten, bereut ihr nicht?",2022-02-27 12:32:27+00:00,0,Juden
1497249880275918883,TFC_Harald,"Viele fürchten, dass die russische Invasion einen Anstieg antisemitischer Gewalt zur Folge haben könnte. Tatsächlich könnte ein Zusammenbruch der Sicherheitsinfrastruktur zur Folge haben, dass Jüdinnen*Juden nicht mehr angemessen geschützt werden könnten. (2/5)",2022-02-25 16:39:23+00:00,0,Juden
1497246581707448329,katrinuhligbn,"Der Krieg in der Ukraine trifft mehrere Zehntausend Jüdinnen*Juden, darunter viele Shoa-Überlebende. Viele der Überlebenden sind hoch betagt, ein Teil von ihnen bettlägerig. (1/5)",2022-02-25 16:26:17+00:00,0,Juden
1497233160509218819,muetsch107,"Ein Diktator, der seine eigenen Bürger für friedlichen Protest festnehmen lässt, will ein Land entnazifizieren, das von einem Juden regiert wird, dessen Großvater gegen die Nazis kämpfte.",2022-02-25 15:32:57+00:00,0,Juden
1497086540866109446,J_Ehemann,"Ein Diktator, der seine eigenen Bürger für friedlichen Protest festnehmen lässt, will ein Land entnazifizieren, das von einem Juden regiert wird, dessen Großvater gegen die Nazis kämpfte.",2022-02-25 05:50:20+00:00,0,Juden
1496916311691120640,limits_stop,"Ein Diktator, der seine eigenen Bürger für friedlichen Protest festnehmen lässt, will ein Land entnazifizieren, das von einem Juden regiert wird, dessen Großvater gegen die Nazis kämpfte.",2022-02-24 18:33:54+00:00,0,Juden
1490347704739897345,PeterDroegemeie,"Wann immer der israelbezogene Antisemitismus gesellschaftlich mehr Raum erhält, nehmen auch die (digitalen) Bedrohungen gegenüber Jüdinnen_Juden zu. Wer wirklich etwas gegen Antisemitismus tun möchte, muss ihn in all seinen Formen verstehen.",2022-02-06 15:32:36+00:00,0,Juden
1490331484355502089,muggebolle,"Ich kann es nicht fassen, dass die CDU eine Organisation von Shoah Überlebenden, welche der Zentralrat der Juden unterstützt und in welcher Esther Bejarano Mitglied war, als extremistisch abtut und eine Brandmauer dagegen fordert. Ihr habt die Oppositionszeit echt nötig.",2022-02-06 14:28:09+00:00,0,Juden
1490077593487523851,Marco_W_S,"Dass der Axelspringer-Verlag grade ernsthaft versucht die Vereinigung der Verfolgten des Nazi-Regimes, die nicht nur vom Zentralrat der Juden sondern auch vom internationalen Auschwitz-Komitee unterstützt wird, zu verunglimpfen, ist der eigentliche Fall für den Verfassungsschutz.",2022-02-05 21:39:17+00:00,0,Juden
1489288481490751489,t_weymann,"Erst Whoopi Goldberg erklären, dass Juden als Rasse definiert pauschal abgewertet wurden und dann dem Broder erklären, dass Juden nicht wegen ihrer Haltung zu einer nationalsozialistischen Infektionsbekämpfung diskriminiert wurden, sondern weil man sie selbst als Parasiten sah.",2022-02-03 17:23:38+00:00,0,Juden
1488642853890838531,HansKrag,"Wer bewusst auf eine Impfung verzichtet, um sich daraufhin mit sechs Millionen von den Nationalsozialisten brutalst ermordeten Juden zu vergleichen, weil er oder sie beim Einkaufen eine Maske tragen soll und nicht ins Restaurant darf, ist ein widerwärtiges Arschloch.\n\nEnde.",2022-02-01 22:38:08+00:00,0,Juden
1488082411535622151,Anatol96367541,"Die Vorsitzende der Grünen Jugend fragte sich, welcher Rasse Juden angehören und wer tatsächlich hinter 9/11 steckt.\nDer Vorsitzende der Grünen Mutterpartei twittert fröhlich munter ""Allahu Akbar"" und spricht im Bundestag über die Scharia.\n\nIst das Deutschlands Zukunft?",2022-01-31 09:31:08+00:00,0,Juden
1488052604315873282,MarcoHamGer,"Die Vorsitzende der Grünen Jugend fragte sich, welcher Rasse Juden angehören und wer tatsächlich hinter 9/11 steckt.\nDer Vorsitzende der Grünen Mutterpartei twittert fröhlich munter ""Allahu Akbar"" und spricht im Bundestag über die Scharia.\n\nIst das Deutschlands Zukunft?",2022-01-31 07:32:42+00:00,0,Juden
1486736345460625421,VassiliGolod,"#Antisemitismus zeigt sich heute noch in vielfältigen Formen - ob als Geschichtsrevisionismus auf den Protesten, die sich vermeintl. gegen COVID-19-Schutzmaßnahmen richten oder als angebl. Israelkritik. Gerade in Krisenzeiten werden Jüdinnen:Juden häufig als Schuldige ausgemacht.",2022-01-27 16:22:21+00:00,0,Juden
1486647981361221637,Frodo31,"Viele erinnern an die Toten die in KZ getötet wurden sind. #WeRemember \nWas ist mit denen die auf eigene Gefahr Juden versteckt haben? Daran sollten wir uns auch erinnern, das es diese Menschen gab.",2022-01-27 10:31:13+00:00,0,Juden
1486632753592418305,LeSabotBonn,Auch Bonner Jüdinnen und Juden wurden im Vernichtungslager Auschwitz ermordet. Die meisten waren zuvor im Lager Theresienstadt oder konnten zunächst in die Niederlande fliehen und wurden nach dem Einmarsch der Deutschen direkt nach Auschwitz deportiert. #WeRemember,2022-01-27 09:30:43+00:00,0,Juden
1486074525255090176,majorfranz,"Liegt die NS Zeit schon zu lange zurück, oder liegt es an mangelnder Aufklärung/Bildung, dass in den letzten Jahren immer mehr Verbrechen verklärt und relativiert werden? ""Ungeimpfte die Juden des 21. Jhd."" ""Oberste SS Männer waren nicht nur Mörder sondern Sozialisten"" The fuck",2022-01-25 20:32:31+00:00,0,Juden
1485876960077266946,anotherOtter_,"#Selbstbestimmungsgesetz - Quiztime\n\nStimmt oder stimmt nicht? \n\nDie Nazis haben 1938 das Namensänderungsgesetz (NamÄndG) eingeführt und Juden_Jüdinnen per gesetzlich vorgeschriebenem Vornamen bei jeder Passkontrolle, zB dem Ausreiseversuch, auffindbar zu machen.",2022-01-25 07:27:28+00:00,0,Juden
1484864126707023872,Moorraupe,Rom brannte. Schuld waren die Christen. Die Pest wütete im Mittelalter. Schuld waren die Juden. \nPandemie gegen die Impfstoff kaum wirkt. Schuld sind die Ungeimpften.\nDa hat sich über Jahrhunderte nichts getan. Traurig!\n#Impfpflicht\n#PandemiederUngeimpften \n#lauterbachmussweg,2022-01-22 12:22:49+00:00,0,Juden
1484292818743013383,nenzija,Heute vor 80 Jahren wurde auf der #Wannseekonferenz der industrielle Massenmord an den europäischen Juden geplant. Die Opfer sind nicht vergessen. #Antifaschsmus bleibt wichtig. #WeRemember,2022-01-20 22:32:39+00:00,0,Juden
1484184304099815428,8694sundance,"Heute vor 80 Jahren am \n20 Januar 1942 haben 15 #FCKNZS den industriellen Massenmord von europäischen Juden geplant. \n6 Millionen Menschen wurden getötet. Es steht in unserer Verantwortung, dass so etwas #NieWieder passiert. \n\n#Wannseekonferenz\n#WeRemember",2022-01-20 15:21:27+00:00,0,Juden
1484132898647117826,lennart_rixen,80 Jahre sind vergangen seit sich NS- Funktionäre in einer Villa am Berliner Wannsee trafen und die Ermordung von bis zu 11 Mio. Juden in Europa organisierten. Dieser Jahrestag der #Wannseekonferenz ist ein Anlass zur Erinnerung. Damit derartige Verbrechen #niewieder geschehen!,2022-01-20 11:57:11+00:00,0,Juden
1484084021235695618,schienenleger46,"Es ist beunruhigend für Jurist*innen, bei einem Besuch im Haus der Wannsee-Konferenz die Lebensläufe der Männer zu lesen, die dort einst bei einem Arbeitsfrühstück die Ermordung der europäischen Juden besiegelten. „Ordentliche“ Juristenlebensläufe. 1/4",2022-01-20 08:42:58+00:00,0,Juden
1484069382754033666,Kristall_klar,"Es ist beunruhigend für Jurist*innen, bei einem Besuch im Haus der Wannsee-Konferenz die Lebensläufe der Männer zu lesen, die dort einst bei einem Arbeitsfrühstück die Ermordung der europäischen Juden besiegelten. „Ordentliche“ Juristenlebensläufe. 1/4",2022-01-20 07:44:48+00:00,0,Juden
1484061920307073025,maseltoev,"Vor 80 Jahren wurde auf der sog. #Wannseekonferenz die #Deportation und endgültige #Vernichtung der europäischen #Juden beschlossen. \nEs gibt kaum etwas Schändlicheres als masken- und impfverweigernde #Querdenker, die behaupten, ihre Situation sei damit vergleichbar.\n#NeverForget",2022-01-20 07:15:08+00:00,0,Juden
1483483142275096578,bayernsunny,"Wer bewusst auf eine Impfung verzichtet, um sich daraufhin mit sechs Millionen von den Nationalsozialisten brutalst ermordeten Juden zu vergleichen, weil er oder sie beim Einkaufen eine Maske tragen soll und nicht ins Restaurant darf, ist ein widerwärtiges Arschloch.\n\nEnde.",2022-01-18 16:55:17+00:00,0,Juden
1483359310700810244,iloslilos,"Wer bewusst auf eine Impfung verzichtet, um sich daraufhin mit sechs Millionen von den Nationalsozialisten brutalst ermordeten Juden zu vergleichen, weil er oder sie beim Einkaufen eine Maske tragen soll und nicht ins Restaurant darf, ist ein widerwärtiges Arschloch.\n\nEnde.",2022-01-18 08:43:13+00:00,0,Juden
1483155480780419073,HaraldBartels,"Wer bewusst auf eine Impfung verzichtet, um sich daraufhin mit sechs Millionen von den Nationalsozialisten brutalst ermordeten Juden zu vergleichen, weil er oder sie beim Einkaufen eine Maske tragen soll und nicht ins Restaurant darf, ist ein widerwärtiges Arschloch.\n\nEnde.",2022-01-17 19:13:16+00:00,0,Juden
1483132313458589696,EbnerManfred,"Wegen diverser Nachfragen: Ja, Leute, die hier Ungeimpfte mit Juden gleichsetzen, werden konsequent blockiert.",2022-01-17 17:41:13+00:00,0,Juden
1483111842620878851,nomerci1922,"Wer bewusst auf eine Impfung verzichtet, um sich daraufhin mit sechs Millionen von den Nationalsozialisten brutalst ermordeten Juden zu vergleichen, weil er oder sie beim Einkaufen eine Maske tragen soll und nicht ins Restaurant darf, ist ein widerwärtiges Arschloch.\n\nEnde.",2022-01-17 16:19:52+00:00,0,Juden
1483095403457359877,Maenikno,"Wegen diverser Nachfragen: Ja, Leute, die hier Ungeimpfte mit Juden gleichsetzen, werden konsequent blockiert.",2022-01-17 15:14:33+00:00,0,Juden
1483040879996715012,lachendesPferd,"Blocher sagte mal, die SVP werde ""fast schon wie die Juden behandelt"". Tönt für mich irgendwie auch nach Holocaustverharmlosung, oder etwa nicht ?",2022-01-17 11:37:54+00:00,0,Juden
1483016468057010177,Graubart12,"Wer gegen Pandemiebekämpfung mit Nazifahnen durch die Straßen zieht und sich gleichzeitig als ""unterdrückt wie damals die Juden"" bezeichnet, darf sich als etwas ganz Besonderes fühlen: Gleichzeitig in Geschichte, Logik und Epidemiologie durchgefallen. Auch eine Leistung.",2022-01-17 10:00:53+00:00,0,Juden
1482986907214696448,BacktoPaco,"Ich finde es widerlich, dass sich viele, deren Vorfahren in Wien haben Juden die Gehsteige mit Zahnbürsten schrubben lassen, sie in die KZs verbracht und ihr Vermögen arisiert haben, sich jetzt mit Juden identifizieren, wenn es um etwas derart Banales wie eine Impfung geht",2022-01-17 08:03:25+00:00,0,Juden
1482630565480341505,the_cat_i,"Wer gegen Pandemiebekämpfung mit Nazifahnen durch die Straßen zieht und sich gleichzeitig als ""unterdrückt wie damals die Juden"" bezeichnet, darf sich als etwas ganz Besonderes fühlen: Gleichzeitig in Geschichte, Logik und Epidemiologie durchgefallen. Auch eine Leistung.",2022-01-16 08:27:27+00:00,0,Juden
1482615495497064448,ElbblitzRunner,"Wer gegen Pandemiebekämpfung mit Nazifahnen durch die Straßen zieht und sich gleichzeitig als ""unterdrückt wie damals die Juden"" bezeichnet, darf sich als etwas ganz Besonderes fühlen: Gleichzeitig in Geschichte, Logik und Epidemiologie durchgefallen. Auch eine Leistung.",2022-01-16 07:27:34+00:00,0,Juden
1482514685618532357,BuyUsedDomain,"Wer gegen Pandemiebekämpfung mit Nazifahnen durch die Straßen zieht und sich gleichzeitig als ""unterdrückt wie damals die Juden"" bezeichnet, darf sich als etwas ganz Besonderes fühlen: Gleichzeitig in Geschichte, Logik und Epidemiologie durchgefallen. Auch eine Leistung.",2022-01-16 00:46:59+00:00,0,Juden
1482308352877150209,IResiberlin,"Das muß man sich mal auf der Zunge zergehen lassen. In den Radio Nachrichten: Der Zentralrat der Juden kritisiert "" friedliche"" Demonstranten, die dort symbolisch die gelbe Armbinde mit Stern tragen. Es wäre kein Vergleich zum ""Dritten Reich"" vorhanden. Ach nein?! Ach doch!",2022-01-15 11:07:05+00:00,0,Juden
1479747045221093379,lana_my,"Deutschland ist, wenn eine angehende Lehramtsstudentin auf einer Demonstration vor einer Synagoge „Schei* Juden“ ruft und später als Lehrerin arbeiten wird, um nach eigenen Angaben „Kindern beizubringen, dass Andersdenkende gleich welcher Religion nicht beleidigt werden dürften“.",2022-01-08 09:29:22+00:00,0,Juden
1519798853645471744,Bijan31031156,FIFA sanktioniert Russland wegen dem Krieg und der Invasion der Ukraine. Wo war FiFA in den Jahren als Israel Palästina besetzte???\n#FreePalestine,2022-04-28 22:00:57+00:00,1,Israel
1518188803336384513,Gunti12,"Die Sicherheit Israels ist deutsche Staatsräson.\nDeshalb rennen in Berlin auch Menschen durch die Straßen, die Juden und Israel vernichten wollen, während der deutsche Rechtsstaat wohlwollend zuschaut und von seinen zur Verfügung stehenden Mitteln keinen Gebrauch macht.\n",2022-04-24 11:23:11+00:00,0,Israel
1518155327174328320,Selina_merina,"Eine Woche #Israel: Die Maske spielt hier keine Rolle mehr. Wirklich keiner trägt sie, Ausnahmen höchstens im ÖPNV. Deutsche Touristen in ihrer Supersorge erkennt man an der #FFP2 (werden belächelt). Israel hat #Corona beendet. Und war doch immer unser Vorbild in der Pandemie",2022-04-24 09:10:10+00:00,0,Israel
1518132590905077760,Genarro9,"Man darf gespannt sein, ob Frau #Faeser die abscheulichen Vorfälle auf der Anti-Israel Kundgebung in #Berlin überhaupt kommentieren wird! Importierter Antisemitismus passt einfach nicht in ihr Narrativ, dass #Antisemitismus immer nur von deutschen Rechtsradikalen kommen kann.",2022-04-24 07:39:49+00:00,0,Israel
1516472177683533825,mkrpooh,"liebe #bayern, #israel ist ein #militär-#staat wenn nicht sogar #DER #MILITÄRSTAAT. #sz #faz #zeit #nzz #spiegelonline",2022-04-19 17:41:56+00:00,1,Israel
1514895334626971655,wzttlb,"In Jerusalem sind bereits heftige Unruhen in al-Aqsa ausgebrochen. Vermummte “Beter” haben Steine auf die Klagemauer geworfen, attackieren die Polizei, die - Überraschung - einschreitet, mit Böllern und Steinen. Frage: geht ihr auch immer vermummt und mit Böllern beten?#israel",2022-04-15 09:16:07+00:00,0,Israel
1513570542112100360,Assowaum,"Hintergrund: Länder wie China, Indien, die USA, Russland, die Türkei und Israel haben das Römische Statut nicht unterzeichnet, das Abkommen nach der Unterzeichnung nicht ratifiziert oder ihre Unterschrift zurückgezogen und können deshalb nicht vorm Intern. Strafgerichtshof landen",2022-04-11 17:31:52+00:00,0,Israel
1512394496897605643,AndreasMDo,"Wieder ein Terroranschlag in Israel, wieder jubeln manche Muslime auf den Straßen, und wieder nichts zu hören von muslimischen Vertretern. Haben diese Angst vor einem Shitstorm, weil für manche Muslime jedes Mittel recht ist, wenn es um Israel geht?",2022-04-08 11:38:41+00:00,0,Israel
1512146490898235393,AHimmelrath,"Wieder #terror in Israel: diesmal mitten in Tel-Aviv, Dizingoff Straße. \nMindestes 5 verletzte, 1 von denen in kritische Situation",2022-04-07 19:13:12+00:00,0,Israel
1512142538949410823,WiederWillig,"Wieder ein Terroranschlag in Tel Aviv,\nWieder ein Grund Israel voll zu unterstützen",2022-04-07 18:57:30+00:00,0,Israel
1511256778197110784,Asanii,"Gerade gelesen, Arrow 3 von USA u Israel grundsätzlich genehmigt.\nIst die Reichweite des Systems ausreichend um auch die Ukraine zu schützen?\n#StandWithUkraine #arrow3",2022-04-05 08:17:48+00:00,0,Israel
1510954505986260993,PDraxl,"Lernen von anderen #Ukrainehilfe Irland laesst paedagogische Kraefte rascher arbeiten, Israel wirbt massiv im IT Bereich, Deutschland laesst Gesundheitskraefte rascher arbeiten und parallel Nostrifizierung",2022-04-04 12:16:41+00:00,0,Israel
1510890596164120579,notizhelge,"Wer schweigt, wenn Israelis von Terroristen ermordet werden, sollte dann auch schweigen, wenn Israel sich gegen Terroristen wehrt.",2022-04-04 08:02:43+00:00,0,Israel
1509881313641259018,Halsmichel,"Antisemitismus bleibt in Sachsen ein riesiges Problem, eine körperliche Bedrohung. Juden werden von ihren Nachbarn bedroht, ausgebürgert für Israel verantwortlich gemacht. Es gilt weiter klar auf der Seite der Betroffenen von rassistischer und antisemitischer Gewalt zu stehen!",2022-04-01 13:12:12+00:00,0,Israel
1509483935423778827,verqana,"In nur einer Woche sind in #Israel 11 Menschen von islamistischen Terroristen ermordet worden. Gerade in diesen traurigen Tagen ist klar: unsere Freundschaft ist unverbrüchlich - unsere volle Solidarität gilt Israel. Meine Gedanken sind bei allen, die um ihre Liebsten trauern.",2022-03-31 10:53:09+00:00,0,Israel
1509247876035227657,TanyasGraphics,"Der Präsident der Palästinensischen Autonomiebehörde, verurteilte den #Terror in #Israel, um danach der Familie des Täters einmalige Sofort-Auszahlung von 1400€ eine monatliche Terroristenrente von 400€ zu gewähren. Zum Teil wird die Autonomiebehörde von EU-Geldern finanziert",2022-03-30 19:15:08+00:00,0,Israel
1508882687167238147,contre__attaque,Es wird Zeit für eine Zwei-Staaten-Lösung. Und die heißt Israel und Jordanien. Thats it. \n\n #BneiBrak #TelAviv #Israel,2022-03-29 19:04:00+00:00,0,Israel
1507674164471255043,jahnoi_,Israel Jahnoi,2022-03-26 11:01:46+00:00,0,Israel
1505528352123326467,logikchecker,"Ich frage mich, ob #Selenskij es auch riskieren würde das Land wegen einem Nato-Beitritt zu zerstören, wenn er der Präsident von Israel wäre? \n\n#UkraineKrieg #PutinTroll #NatoTroll #UkraineTroll",2022-03-20 12:55:05+00:00,1,Israel
1505510906687545349,uemraaan,Die Aufnahme von ukrainischen Schutzsuchenden von Israel ist keine Heldentat. Sie ist durchdacht zeigt offen und klar ihre Absichten. \n\nAlso lest euch diesen Artikel durch! :),2022-03-20 11:45:45+00:00,1,Israel
1504769708574351361,Riotpicsmuc,#Boykott gegen Sportler aus #Israel seien „In letzter Konsequenz immer #Antisemitismus!“. So titelte das westl. Medienkartell als Sportler aus muslimischen Staaten den Wettbewerb bei den #OlympicGames verweigert hatten.\n\nJetzt werden Sportler aus #Russland gemobbt.\n\n#Doppelmoral,2022-03-18 10:40:30+00:00,0,Israel
1501631241577185292,Farzane1993a,"Der Slogan ""Sport ist von der Politik getrennt "" wird verwendet, wenn keine von den USA und der NATO unterstützten Länder angegriffen werden oder die Angreifer die Vereinigten Staaten und Israel sind.\n#racism\n#Ukraine",2022-03-09 18:49:21+00:00,0,Israel
1501605359756406784,Leily71706291,"Israel stellt sich immer als überlegene Rasse dar, insofern glauben die Zionisten, dass der Rest der Menschen scheinbar menschliche Tiere sind, die Zion dienen!\nSie sehen palästinensische Kinder und uns, die keine Juden sind, als Tiere.\n#racism\n#Ukraine",2022-03-09 17:06:30+00:00,1,Israel
1500582921614331909,Herr_Penguin,"Das ganze erinnert frappant an die Sputnik Impfstoffbestellung und dieses Gefasel, man würde künftig in Zusammenarbeit mit Israel Impfstoffe entwickeln. Immer wenn es für die ÖVP innenpolitisch schlecht läuft (also seit 2 Jahren"") gibt's nur noch inhaltsleeren Aktionismus.",2022-03-06 21:23:42+00:00,0,Israel
1499428918490800136,HConcerned,"Salah al-Zawawi, handelt es sich um einen extrem wichtigen Text. Im Gegensatz zu den ""offiziellen"" Verlautbarungen von Abbas Co., dass man den Staat #Israel in den #Waffenstillstandslinien von 1967 anerkannt habe, stellt al-Zawawi hier in aller Deutlichkeit klar:",2022-03-03 16:58:06+00:00,0,Israel
1499315657955057668,ConnyRo_Bln,Unser Kanzlerdarsteller Olaf Scholz spricht in Israel über unsere immerwährende geschichtliche Verantwortung und in den Läden werden russische Artikel aus dem Regal genommen. Verlogener geht es nicht.\nKauft nicht bei Juden!\nKauft nicht bei Russen! \nWo ist jetzt der Unterschied?,2022-03-03 09:28:03+00:00,0,Israel
1499042618629574658,xa83de,"Ich finds ja schön, dass ihr beim #UkraineKrieg Neutralität so scheiße findet. Aber wie steht eigentlich Israel? Haben die schon Flagge gezeigt? Haben die schon irgendwas gegen Putin gemacht? Sich irgendwelchen Sanktionen angeschlossen? Wenigstens was gesagt?",2022-03-02 15:23:05+00:00,0,Israel
1498697728800567301,Shepard_42,"Als ich 2016 noch in der Oberstufe war, hab ich mich immer gefragt, was in zukünftigen Schulbüchern für Geschichte und Sozialkunde wohl aus ""meiner"" Zeit stehen würde.\n\nDamals fielen mir nur Israel, Nordkorea, und der (damals) vielleicht anstehende Austritt von UK aus der EU ein.",2022-03-01 16:32:37+00:00,0,Israel
1497937068147843074,intertah,"Zelenskiy hat am Freitag #Israel vorgeschlagen, der Mediator zwischen der #Ukraine und Russland zu sein.\nHeute hat Bennett mit Putin telefoniert und ihm das vorgeschlagen.\n\nDie Antwort von Putin ist noch unbekannt.",2022-02-27 14:10:02+00:00,0,Israel
1497573775847706627,AkramHamdani6,"Russische Musiker wurden nun vom Eurovision-Songcontest aufgrund Politik ausgeladen. 2019 fand der Contest auf dem Gelände des ehemal. palästinenssichen Dorfs al-Shaykh Muwannis statt, welches 1948 durch Israel vernichtet wurde, die Einwohner getötet oder vertrieben.\n\nDas war ok.",2022-02-26 14:06:26+00:00,0,Israel
1496896699133927426,VioletGabrielle,"Russland wird bei der Ukraine nicht stoppen. Putin will Litauen, die anderen baltischen Staaten und diverse Teile Osteuropas. China will Taiwan und diverse Teile Asiens. Serbien will Teile Bosniens und Kosovos, Israel will immer noch Palästina.\n\nPutin gibt eine neue Vorlage.",2022-02-24 17:15:58+00:00,0,Israel
1496802083227451393,sahinselami28,#deutschland durch den Terrorangriffe der Israelis sterben so viele Palästinenser tagtäglich und es interessiert keinen deutschen und haben nicht den Mut etwas gegen Israel zu sagen und jetzt soll der Putin der böse sein!,2022-02-24 11:00:00+00:00,1,Israel
1492647135443046402,Henno1789,"Saba-Nur Cheema, Anne Frank Stiftung: Zum Vorwurf der Apartheid im ai Bericht müssen auch die Araber vor Ort gehört werden.\nMansour Abbas, führender arabischer Politiker in Israel: Ich weise den Begriff Apartheid für Israel zurück.",2022-02-12 23:49:43+00:00,0,Israel
1491120056465768448,DRDanny73497962,"Seit heute ist der Impfpass in Israel Geschichte. Geimpfte und Ungeimpfte sitzen wieder im Café oder Restaurant zusammen. Grund: Der Pass wähnte die Geimpften sicher, doch vor Omikron schützt die Impfung ebenso gut wie ein Glas Wasser.\n#FreedomDay. Herr Lauterbach, und nun?",2022-02-08 18:41:39+00:00,0,Israel
1490672960235003905,electro_sonic,"Israel schafft den grünen Pass ab, u.a. weil Impfung nicht ausreichend wirkt. Österreich dilettiert weiter als einsamer Vorreiter der #Impfpflicht. Fällt was auf? \nKönnte das Ego den Zwang begründen?",2022-02-07 13:05:03+00:00,0,Israel
1490322023033286656,BartHaarMen,"Dass die Zwei-Staaten-Lösung in Israel-Palästina längst tot ist, dass es nur einen souveränen Staat zwischen Jordan und Meer gibt und geben wird, ist eine unmögliche Tatsache für die deutsche Außenpolitik. Apartheid hin oder her, es kann einfach nicht sein, was nicht sein darf.",2022-02-06 13:50:33+00:00,0,Israel
1489477433074110465,Kmpferin4,Trotz sehr begrenzter Daten aus Israel und eher begrenztem Zusatznutzen hat die STIKO überraschend schnell die vierte Impfung für Ältere empfohlen.\n\nTrotz millionfacher Daten aus der Praxis und horrenden Inzidenzen warten wir immer noch auf die Empfehlung einer Kinderimpfung.,2022-02-04 05:54:27+00:00,0,Israel
1489248013004328960,ana_krchdrfr,"“Im Bericht von AI steht kein Antisemitismus da es um Israel geht…”\nLeute könnt ihr damit aufhören, hier per se irgend etwas von Antisemitismus freizusprechen? Ich kann es nicht mehr hören und diese Argumentation befördert selbst Antisemitismus.\nIhr seid also Teil des Problems!",2022-02-03 14:42:49+00:00,0,Israel
1488873301556576256,didiman12,"Schlimm ist, dass Nouripour bis Mitte 2020 im Beirat der Deutsch-Palästinensischen Gesellschaft tätig war, die Unterstützerin der gegen den Staat Israel gerichteten Kampagne Boykott Divestments and Sanctions (BDS) ist.",2022-02-02 13:53:51+00:00,0,Israel
1487030087874662403,realZachi,"Al-Albani, DER Gelehrte der Wahhabiya, hat 1993 eine Fatwa herausgegeben, dass die Palästinenser Israel verlassen sollen, weil es „das Land der Ungläubigen“ sei.\n\nDie Religion wurde erneut ausgenutzt, um die politischen Interessen zu decken. Saud-Dynastie bleibt Israels Köter.",2022-01-28 11:49:35+00:00,0,Israel
1486741871967842314,alexanderbaron_,"""Während Dänen, Norweger, Engländer und Schotten in die Freiheit zurückkehren und sogar Israel und Italien darüber nachdenken, bleiben die Deutschen {...} mit einer Schrumpfversion der Grundrechte zufrieden und rauben ihren Kindern und Jugendlichen die Freiheit und Lebensfreude.""",2022-01-27 16:44:19+00:00,0,Israel
1486738759416745986,mikael_rein,"""Während Dänen, Norweger, Engländer und Schotten in die Freiheit zurückkehren und sogar Israel und Italien darüber nachdenken, bleiben die Deutschen {...} mit einer Schrumpfversion der Grundrechte zufrieden und rauben ihren Kindern und Jugendlichen die Freiheit und Lebensfreude.""",2022-01-27 16:31:57+00:00,0,Israel
1486734552487772163,tob_od,"""Während Dänen, Norweger, Engländer und Schotten in die Freiheit zurückkehren und sogar Israel und Italien darüber nachdenken, bleiben die Deutschen {...} mit einer Schrumpfversion der Grundrechte zufrieden und rauben ihren Kindern und Jugendlichen die Freiheit und Lebensfreude.""",2022-01-27 16:15:14+00:00,0,Israel
1486680951614758916,Riesen_Einlauf,"Keiner der für die Impfpflicht ist, hat sich jemals die Zahlen von Israel ect angeschaut und nachgedacht, weil dazu müsste man ja mehr Eigenleistung erbringen als Überschriften aus Spiegel, Focus zu lesen oder Lanz anzuschauen , ihr seid die interlekutelle Elite, Respekt :)",2022-01-27 12:42:14+00:00,0,Israel
1486085641322512397,DucMaNo72,"Israel, das einzige Land mit vierter Impfung, hat nun eine Inzidenz von 4.700, der zweithöchsten der weltweit.",2022-01-25 21:16:41+00:00,0,Israel
1486076753579843586,DPflugk,"Israel, das einzige Land mit vierter Impfung, hat nun eine Inzidenz von 4.700, der zweithöchsten der weltweit.",2022-01-25 20:41:22+00:00,0,Israel
1485582914901454850,ja_sicher_doch,"Impfpflicht: Israel, Spanien, Großbritannien, Irland, viele US Staaten weitere Länder verabschieden sich aktuell von Impfnachweisen für das tägliche Leben. In mehr als 150 Ländern ist die Covid Impfung freiwillig. Welches Land sollte Deutschland als Vorbild dienen?\n#AnneWill",2022-01-24 11:59:02+00:00,0,Israel
1485317421837832196,theRealDrCraig,Omikron beherrscht die Medien. Die höchste 7-Tage-Inzidenz haben Färöer mit 7867 und Israel mit 4832 im Vergleich mit Deutschland von 773. Färöer und Israel lassen die Pandemie laufen. In Deutschland verlieren wir die Nerven und verschärften die Corona Maßnahmen. Irre.,2022-01-23 18:24:03+00:00,0,Israel
1485223179572457476,LotfiMhamdi4,Omikron beherrscht die Medien. Die höchste 7-Tage-Inzidenz haben Färöer mit 7867 und Israel mit 4832 im Vergleich mit Deutschland von 773. Färöer und Israel lassen die Pandemie laufen. In Deutschland verlieren wir die Nerven und verschärften die Corona Maßnahmen. Irre.,2022-01-23 12:09:34+00:00,0,Israel
1485169961547018245,RaymondOtto51,Omikron beherrscht die Medien. Die höchste 7-Tage-Inzidenz haben Färöer mit 7867 und Israel mit 4832 im Vergleich mit Deutschland von 773. Färöer und Israel lassen die Pandemie laufen. In Deutschland verlieren wir die Nerven und verschärften die Corona Maßnahmen. Irre.,2022-01-23 08:38:06+00:00,0,Israel
1484859507121524741,BesorgteBrgeri2,"Israel hat heute eine Inzidenz von 4.832,9. \n#HeinerULTRAS",2022-01-22 12:04:28+00:00,0,Israel
1484785162667929602,AProudAustrian,"#Spanien , Großbritannien, Israel, nun Irland: In einem Land nach dem anderen kippen die Maßnahmen. #Omikron ist kein Grund mehr für Hysterie. Weg mit #2G und #Impfpflicht-Debatte. Und jetzt ein Fahrplan für das Ende aller einschränkenden #Corona-Maßnahmen! #politikstattpanik",2022-01-22 07:09:03+00:00,0,Israel
1483455651657531402,elkemarber,"Israel verteilt 30 Millionen kostenlose Corona-Schnelltests: Wie die Regierung mitteilte, sollen diese vor allem Schüler, bedürftige Familien, Studenten und Senioren erhalten. Die Aktion solle nächste Woche beginnen.",2022-01-18 15:06:03+00:00,0,Israel
1482806179680198659,Roadrunner0601,In Israel explodiert die 7-Tage-Inzidenz auf einen nie da gewesen Höchststand von 3100 und fährt die Maßnahmen zurück. Endlich mal eine sinnvolle Entscheidung. Die haben eben gut gelernt. Wir hier verharren im Lockdown und diskutieren über Verschärfungen.,2022-01-16 20:05:17+00:00,0,Israel
1480643635054104576,SrvntOfAllah21,"#GITMO20\n\nDie Muslime die in der Gefangenschaft dieser Tyrannen leiden müssen, werden befreit wie einst Bani Israel unter Pharao. Diesmal wird kein Prophet kommen. Jedoch bete ich, dass es nun der zukünftige Kalif sein wird der die Muslime befreit und Ihr Kufr- System beseitigt.",2022-01-10 20:52:06+00:00,0,Israel
1479841082099871750,CBreu_AfD,Nichts kann #Omikron stoppen:\n#Israel hat jetzt fast alle geltenden Beschränkungen gelockert oder aufgehoben.\nWillkommen Omikron! \nEndlich #Herdenimmunität und eine endemische Lage.\nAngst- und Paniktreiber wie #Söder und #Impfaufschwatzer können demnächst Feierabend machen.,2022-01-08 15:43:02+00:00,0,Israel
1478802264420753408,Liz43040057,"Israel hat Rekord-Infektionszahlen. Ja, sie lesen richtig. Das durchgeboosterte Land, das nun schon zu Spritze 4 für die konditionierte Bevölkerung greift. Die Pandemie ist zu Ende - die allgemeine Intelligenzkrise dauert an.",2022-01-05 18:55:09+00:00,0,Israel
1210223644129005570,DBew0hner,Diese elenden China-Apologeten gehen mir besonders auf den Sack.\nMittlerweile wird jede Kritik an der chinesischen Regierung zu einer Sinophobie umgedichtet. Ist mittlerweile auf dem selben Level wie AntiDs und Israel.,2019-12-26 15:39:36+00:00,0,Israel
1209820958816641024,Wunderbot3000,Geh hin und sagte solches den Kindern Israel.,2019-12-25 12:59:28+00:00,0,Israel
1208862145611550723,ConnyRo_Bln,"Es gibt über 50 islamische und 21 arabische Staaten und über 1,8 Milliarden Muslime weltweit.\n\nEs gibt nur ein einziges jüdisches Land, #Israel, und nur 14 Millionen Juden weltweit.\n\nWer Muslime/Araber immer als ""diskriminierte Minderheit"" sieht, verkennt die globale Lage völlig.",2019-12-22 21:29:29+00:00,0,Israel
1205385567107780608,GsehnBot,Kindern Israel: Ich bin mir nicht deuten. Joseph antwortete Pharao und seinen Sohn Sichem mit der Rechnung übersehen hat.,2019-12-13 07:14:48+00:00,0,Israel
1203908380873625600,RosarioPrange,"Deutschland und Israel. Erst waren es „schwierige Beziehungen“, dann waren es „besondere Beziehungen“ - und heute sind es besonders schwierige Beziehungen.",2019-12-09 05:25:00+00:00,0,Israel
1196897396032200706,partygurke,"Wer jüdische Menschen, die in ihrer Heimat Judäa und Samaria in #Israel leben, als ""Hindernis"" für die ""Lösung des Konfliktes"" ansieht, ist Teil des Problems.\n\n#Antisemitismus #Islamismus #Terrorismus",2019-11-19 21:05:51+00:00,0,Israel
1189497742130855938,ellecome222,"In #Israel leben 20% Araber mit Wahlrecht, Grundrechten, Freiheit, Demokratie genau wie in allen westlichen Ländern.\n\nIn den vielen arabischen Staaten leben KEINE Juden/Christen mehr, obwohl sie lange vor dem Islam dort lebten.\n\nDie Hetze gegen #Israel ist reiner #Antisemitismus.",2019-10-30 11:02:16+00:00,0,Israel
1187512657391374336,Archivtier,"Diese Woche: Es ist nicht strafbar, wenn Nazis ""Nie wieder Israel"" skandieren, Naidoo darf nicht als Antisemit bezeichnet werden, 41% der Deutschen meinen, dass Juden zu viel über die Shoa reden.\n\nAber ja, der antisemitische Anschlag in Halle war unvorstellbar, ein Alarmzeichen.",2019-10-24 23:34:15+00:00,0,Israel
1187087901206761472,Y_E_D_Y,"Jüdische Organisationen, iranische Oppositionelle, Menschenrechtlerinnen kritisieren Bundestagsvize #ClaudiaRoth, die Holocaust-Leugner, #Israel-Hasser, Islamist Ali Larijani hofiert. #Grüne deutsche Reaktion: die Kritik sei ""rechts"" und ihr #Antisemitismus problemlos. Unfassbar.",2019-10-23 19:26:25+00:00,0,Israel
1184753217890148352,lill_the_swiss,"Die #USA sind eine #Demokratie. #China ist eine #Diktatur.\n\nUnfassbar, dass #Merkel das #5G-Internet an #Huawei übergibt.\n\nDass sich #Deutschland, #EU immer mehr an Diktaturen und Islamisten orientieren, immer gegen die Demokratien USA und Israel, ist unerträglich.\n\n#Maischberger",2019-10-17 08:49:13+00:00,0,Israel
1184212142049910784,zazalevi,"Shortlist zu #Erdogan/s Krieg gegen die syrischen Kurden \n\nPRO: Ungarn, Pakistan, Katar, Hamas.\n\nCONTRA: US, China, Russland, GB, Frankreich, Deutschland, EU, Israel, Ägypten, Iran, Arabische Liga...\n(Liste geht eine Weile weiter)",2019-10-15 20:59:10+00:00,0,Israel
1183605441206587399,akiakbash,"Schutz durch die ""internationale Gemeinschaft"". Wie gut das funktioniert, zeigt sich jetzt. Es soll sich keiner wundern, daß Israel sich um die eigene Sicherheit lieber selbst kümmert. Die Kurden hätten einen Staat verdient statt sie Erdogan preiszugeben.",2019-10-14 04:48:22+00:00,0,Israel
1182902866429796352,beideEltern,"Es gibt Bindungsstudien aus Israel über Kinder, die ihren Vater nie kennen lernen durften.\nDie Mutter hatten Bilder von den Vätern in der Wohnung und haben pos über diese gesprochen, über das, was alles erlebt wurde.\n1/2",2019-10-12 06:16:35+00:00,0,Israel
1182553832242515969,BernhardNeuhoff,"Es tut jedes Mal bestialisch, unbeschreiblich weh, wenn mir jemand sagt, meine „natürliche Heimat“ sei ja Israel, weil ich „doch ein Jude sei und dort Schutz genießen würde“. Man fühlt sich körperlos, nackt, seiner Existenz, seinem Zuhause beraubt.",2019-10-11 07:09:39+00:00,0,Israel
1182410657163022336,SVWBot,"Zwei Siege ohne #Werder-Einsatz:\n\nÖsterreich gewinnt 3-1 gegen Israel, Marco Friedl saß auf der Bank.\n\nKosovo gewinnt mit 1-0 gegen Gibraltar, Milot Rashica stand nicht im Kader.",2019-10-10 21:40:43+00:00,0,Israel
1182344808876122113,HallescheAG,"Vor wenigen Tagen sah Berlins Justiz bei einem Attentäter, der eine Synagoge überfallen wollte, keinen Haftgrund. Strafen für antisemitische Taten? Oft lächerlich. Antisemitische Karikaturen? Unterstützung für die, die Israel auslöschen wollen? Kein Problem. Selbstkritik - null.",2019-10-10 17:19:03+00:00,0,Israel
1181953683795464192,janeisklar78,"#JomKippur ist der höchste jüdische Feiertag.\n\nDer Anschlag auf die #Synagoge voller Menschen in #Halle war sicherlich bewusst an dem Tag.\n\nAn #YomKippur 1973 versuchten auch arabische Staaten erneut, #Israel auszulöschen.\n\n#Antisemitismus und Gewalt muss endlich gestoppt werden.",2019-10-09 15:24:52+00:00,0,Israel
1177199835700781057,SeverusSnape58,"Thread \n-----------\n1/4: Als neuer israelischer Diplomat in #Deutschland hat es mich ausgesprochen irritiert, dass eine antisemitische, terrorverherrlichende und #Israel negierende Hassveranstaltung am #BrandenburgerTor in #Berlin genehmigt wurde.",2019-09-26 12:34:46+00:00,0,Israel
1174179249420476416,UweWolff966,"Die arabische Partei könnte in #Israel drittstärkste Kraft werden.\n\nSie lehnt Israel ab, aber darf antreten, weil #Israel eine #Demokratie ist.\n\nIn arab. und islam. Staaten gibt es keine jüdischen Menschen mehr. Bei Abbas nicht mal Wahlen.\n\nAber Israel wird ""rassistisch"" genannt.",2019-09-18 04:32:02+00:00,0,Israel
1173862666189889536,a_leininger,In #Israel ist heute #ElectionforOne oder die (gefühlt) 90. Neuwahl: bist du für oder gegen Bibi. #israelelects #SameProcedureAsFiveMonthsAgo,2019-09-17 07:34:03+00:00,0,Israel
1171125322919624704,MusicaIlimitad,"#NowPlaying Israel Piano Trio - Schumann: Piano Trio #3 In G Minor, Op. 110 - 4. Kräftig, Mit Humor",2019-09-09 18:16:50+00:00,0,Israel
1169244065587761152,fahrtwindt,"Michael Müller/#SPD empfängt mal wieder Islamisten.\n\nIslamisten, die Juden auslöschen wollen, Homosexuelle erhängen und Kritiker hinrichten, sind in #Berlin grenzenlos willkommen.\n\nWer aber klar zu #Israel steht, wie Präsident #Trump, wird diffamiert.\n\n#Antisemitismus #Islamismus",2019-09-04 13:41:23+00:00,0,Israel
1168387342488539136,KarstenSchrder,"Israel hatte auch die qatarischen Gelder in den Gazastreifen liefern lassen, weil Hamas ein Ende der Gewalt versprach. Geld ging rüber, Gewalt ging weiter. Die Qataris sind wohl nicht begeistert, kürzen jetzt die Lieferungen von Öl für das E-Werk.",2019-09-02 04:57:04+00:00,0,Israel
1160870655493103616,kwisatz_h,USA:\n„God‘s own country!“\n\nNew York:\n„The city that never sleeps!“\n\nUK:\n„Britannia rule the waves!“\n\nRom:\n„Die ewige Stadt!“\n\nIsrael:\n„Das Heilige Land!“\n\nGriechenland:\n„Die Wiege der Kultur!“\n\nRuhrgebiet:\n„Woanders is‘ auch scheiße.“,2019-08-12 11:08:26+00:00,0,Israel
1155782155752153094,KarlSchmeink,"In der Demokratie #Israel leben Millionen Juden, Christen, Araber. Alle besser als in allen umgebenden Ländern.\n\nIn arabischen und islamischen Staaten leben KEINE Juden mehr.\n\nAber #Israel soll ""rassistisch"" sein?\n\nPerfideste Umkehrung. Das ist #Antisemitismus. Echter #Rassismus.",2019-07-29 10:08:33+00:00,0,Israel
1155394678193348609,israelgerade,"#Israel gab bekannt, das Raketenabwehrsystem Arrow 3 erfolgreich in Alaska, #USA getestet zu haben.",2019-07-28 08:28:52+00:00,0,Israel
1152525545718108161,WoSchBonn,Manche nennen ihn „Crime Minister“. Andere sagen: Bibi hat Israel das beste Jahrzehnt seiner Geschichte beschert. Fakt ist: Benjamin Netanjahu ist seit heute der Premierminister mit der insgesamt längsten Amtszeit seit der Staatsgründung. Er löst ab: David Ben Gurion.,2019-07-20 10:27:57+00:00,0,Israel
1147926911148015616,ruthlissy,"Ich hab da mal ne Frage an Frau Rackete: \n\nIch würde gerne nach Israel einwandern, die wollen mich aber nicht. Wenn ich mit dem Gummiboot von Swinemünde losfahre, holen Sie mich so 10 km von der Küste ab und fahren mich hin? Oder sollte ich lieber von der Nordsee losfahren?",2019-07-07 17:54:37+00:00,0,Israel
1138141930951446528,IFilipau,Ich habe dem iranischen Außenminister bei der Pressekonferenz zwei Fragen stellen können. 1. Wie stehen Sie zum Existenz-Recht Israel? 2. Wie gehen Sie mit den Hinrichtungen von Schwulen um? (Thread),2019-06-10 17:52:36+00:00,0,Israel
1134730136056750080,zwergpunto,"Heute wird in #Berlin wieder der alljährliche #Juden- #Israel-Hass-Marsch Namens Al Quds Demo abgehalten. Es ist eine #Schande, dass in der Stadt, die den #Holocaust organisiert hat, seit Jahren die Vernichtung des Staates der Nachfahren des Holocaust, skandiert werden kann.",2019-06-01 07:55:21+00:00,0,Israel
1129846641991802880,tribus_berlin,Na ja... Es ist keine Ballade. #Iceland \n#ESC2019 #esc #Israel #DareToDream #Eurovision,2019-05-18 20:30:05+00:00,0,Israel
1128770365914865664,Th_Doerfler,"Es gibt über 20 arabische, über 50 islamische Staaten.\n\nIn fast keinem leben noch Juden und Christen, obwohl sie dort lange vor dem Islam lebten.\n\nIn keinem gibt es Menschenrechte, Demokratie, Freiheit.\n\nNur in #Israel.\n\nUnd Israel wird als ""rassistisch"" diffamiert. So unfassbar.",2019-05-15 21:13:21+00:00,0,Israel
1128525728667066368,8schneemann81,"Als bedürfe ein hochaggressives Regime wie das in Teheran, das seit Jahrzehnten Demos unter dem Motto „Tod Amerika!“ und „Tod Israel!“ organisiert, amerikanischen Säbelrasselns, um auf antiwestliche Touren zu kommen. Ehrlich, diese Pfeifen gehen mir sowas von auf die Nerven.",2019-05-15 05:01:15+00:00,0,Israel
1125237141364195328,razerrath,Hätte ne verrückte Idee für Israel - da es jeder jedem schonmal abgenommen hat und alle sagen sie waren zuerst da: wohnt doch unabhängig von Religion und Abstammung alle zusammen dort ohne euch die Köpfe einzuschlagen. Mit weltlichen Gesetzen,2019-05-06 03:13:35+00:00,0,Israel
1125051407625859072,Christian_Sylt,"Wir verurteilen den massiven Raketenbeschuss aus #Gaza nach #Israel scharf. Angriffe auf Zivilisten sind durch nichts zu rechtfertigen. Israel hat das Recht, sich zu verteidigen und seine Bevölkerung zu schützen.",2019-05-05 14:55:32+00:00,0,Israel
1124639711996329985,kohn_sylvia,"Die Medien schreiben ""Israel bombardiert den Gaza Streifen""\n\nKeiner schreibt im Titel ""Israel wehrt sich gegen Raketen aus dem Gaza Streifen""\n\nWeil man damit bestimmte Gefühle Reaktionen hervorrufen will: Israel ist immer der Aggressor, selbst wenn es sich nur verteidigt.",2019-05-04 11:39:36+00:00,0,Israel
1123268549571686401,HanneloreGranel,"...Das System wird absichtlich durch Sündhaftigkeit, Egoismus gebrochen, so dass die Völker der Welt das Volk Israel zu seiner Mission verpflichten werden.",2019-04-30 16:51:06+00:00,0,Israel
1112003271089160192,ClaudiHammer,"Als mutige Menschen in #Gaza gegen die brutale Diktatur der arabisch-islamistischen #Hamas protestierten, berichteten deutsche Medien kaum.\n\nJetzt, da die Hamas bewaffnet zur Vernichtung von #Israel stürmt, senden deutsche Medien ausgiebig: einseitig für die Angreifer, die Hamas.",2019-03-30 14:46:54+00:00,0,Israel
1109927902953590786,AndreasWeinek,"Gratulation Israel und Andreas Herzog. Er hat bewiesen, wie man aus eher durchschnittlichen Einzelspielern eine sehr gute Mannschaft formt. Das geht, wie man gesehen hat, auch umgekehrt.... #ISRAUT",2019-03-24 21:20:08+00:00,0,Israel
1109868206309732358,_C78_,Braucht Israel nicht auch noch einen österreichischen Sport-Kommentator? Wir hätten einen zu verschenken! #Polzer #ISRAUT #OEFB,2019-03-24 17:22:55+00:00,0,Israel
1107305573983367169,Freediver_Doris,"Um es mal klarzustellen:\n\nMan ist noch lange kein #Antisemit, nur weil man etwas gegen den korruptionsverdächtigten #Netanjahu und seine regierende Siedler-Truppe dort hat ...\n\n#Israel #CDU #CSU #SPD #FDP #Linke #Grüne #AfD",2019-03-17 15:39:56+00:00,0,Israel
1107036425458016256,AbiAltun,"Woher kommen Sie?\n- „Aus Deutschland""\n- „Woher genau?""\n - „Berlin""\n- „Nein, ich meine genau?“\n- „Moabit“ \n- „Schon klar, ich meine die Wurzeln“\n- „Vater Dorf bei Safed, Mutter Dorf bei Haifa.“\n- „Also Israel?“\n- „Meine Eltern sind Palästinenser“\n#vonhier",2019-03-16 21:50:26+00:00,0,Israel
1107002011021725697,chrisschmitz,"Ist der “Arabische Frühling” im Gazastreifen angekommen?\nSeit Tagen gehen Uniformierte der HAMAS mit sehr harter Hand gegen Demonstranten im Gazastreifen vor, die mittlerweile verstanden haben, dass HAMAS, und NICHT Israel, für ihre miserablen Lebensumstände verantwortlich ist.",2019-03-16 19:33:41+00:00,0,Israel
1106448765332934657,achenbach111,"Unfassbar. Der Antrag der FDP, dass Deutschland die Demokratie #Israel gegen die ständigen, einseitigen und falschen UNO-Resolutionen unterstützen soll, wurde im #Bundestag gerade ABGELEHNT. 409 Nein. 155 Ja. 63 Enth. Wer wie handelte, wird nicht vergessen werden. #Antisemitismus",2019-03-15 06:55:17+00:00,0,Israel
1106213903955046400,Fippchen,"Muslimischer Rapper auf Konzert für #Vielfalt in Norwegen:\n\n""Sch*** Juden!""\n\nBehörden dazu: ""Kein Problem. Kein Hass. Ist nur Kritik an #Israel.""\n\nAls Araber in Wuppertal die jüdische Synagoge anzünden, urteilte die deutsche Justiz ebenso: ""Ist nur Israelkritik.""\n\n#Antisemitismus",2019-03-14 15:22:01+00:00,0,Israel
1104111648149815297,Erich_Paus,Sanktionen gg Israel!\n \nJetzt!,2019-03-08 20:08:24+00:00,0,Israel
1100682689366102021,spkr42,"Derselbe Waqf, der Gewalt schreit, wenn Israel eine morsche Brücke auf dem Tempelberg ersetzt, hat dort eine weitere Moschee eröffnet. Juden haben keinen Zutritt. Sie schaffen eigene Fakten und bestreiten historische Fakten.",2019-02-27 09:02:57+00:00,0,Israel
1099270892117520385,1A_Entrepreneur,deutsche kommen auf die welt und haben drei tage später eine meinung zu israel und palästina.,2019-02-23 11:32:58+00:00,0,Israel
1088616091042172928,Reformation_501,jer 33:53 und sie sandten die kinder israel und sprachen,2019-01-25 01:54:36+00:00,0,Israel
1087331939579772929,Torben_Maevers,"Klassisch rassistischer Judenhass von Rechts, Hass auf „Zionisten“ von Links, Israel-„Kritik“ mit antisemitischen Stereotypen aus der bürgerlichen Mitte, aggressiver Hass auf Israel von einigen Muslimen - Antisemitismus gibt es in jeder Schicht und jedem politischen Lager.",2019-01-21 12:51:50+00:00,0,Israel
1385843532649349120,mertinsk,Israel verzeichnet zum ersten Mal keinen einzigen Cov-id 19 Toten im täglichen Report.,2021-04-24 06:30:20+00:00,0,Israel
1385612818003726342,T_Silberzahn,Israel vermeldet: Heute das erste Mal seit 10 Monaten keine neuen Corona-Toten.,2021-04-23 15:13:33+00:00,0,Israel
1385551723398320133,LAOLAO_1,Israel hat heute das erste Mal seit 10 Monaten keine neuen Corona-Toten gemeldet. Nicht eine weitere Person in Israel ist an Covid gestorben. Null. Zero. #Covidgoals,2021-04-23 11:10:47+00:00,0,Israel
1374858328287891456,NewNormalFamily,In Israel wird bald wieder gewählt. Läuft bei dich NICHT. #Lanz,2021-03-24 22:59:03+00:00,0,Israel
1374798253322076170,HerbertGaiser,"MEHR IMPFUNGEN, MEHR CORONA-TOTE?\nMehr Coronafälle und Todesfälle seit Impfbeginn: Österreich wie Israel\nVon Peter F. Mayer / Gastautor 23. März 2021 Aktualisiert: 23. März 2021 15:14\nIn Ländern, in denen schon massiv geimpft wurde, kommt es zu einem Anstieg der Todesfälle.",2021-03-24 19:00:20+00:00,0,Israel
1374794812814147586,hannestschuertz,"Der Brandstifter schreit: ""Wir müssen diesen Brand jetzt löschen."" und alle jubeln. #israel #zib #netanyahu",2021-03-24 18:46:40+00:00,0,Israel
1373748870002397187,Lulu_Lurch,"Israel ist echt korrupt...\nStellt euch vor, ein israelischer Minister gibt Jemandem einen Job, der ihm zu einem extrem günstigen Preis eine Villa verkauft.\nDer Ehemann des Ministers verkauft Masken an den Staat und kassiert ordentlich.\n\nAch nein, das ist ja ein deutscher Minister",2021-03-21 21:30:28+00:00,0,Israel
1372946217211207681,JohannM31580104,2 #Polls #Israel - 120 Sitze\n\nBlock #Netanjahu\n#Likud 31 steigt dzt.\n2 Ultraorth 15\n#Yamina rechtsex 9 fällt\nOrth rechtsex 5\nSUMME 60\n\n#NewHope MiRe 9 fällt\n\nGegner Netanjahu\n#YeshAtid lib 19\n#Araber 12\n#Beiteinu rechts 7\n#Labor MiLi 5\nBlueWhite lib 4\n#Meretz linkslib 4\nSUMME 51,2021-03-19 16:21:00+00:00,0,Israel
1372263845532684288,EvedeVienne,In Israel und Serbien steht man trotz Impf-Rekorde vor neuen Lockdowns. In Deutschland müssen Geimpfte bei Kontakt mit pos. Getesteten trotzdem in Quarantäne.\nAber ab Juni soll man nur noch mit Impfpass reisen dürfen.\nGeht es hier noch um Gesundheit oder um die totale Kontrolle?,2021-03-17 19:09:30+00:00,0,Israel
1372235499797090308,HansMll54898918,"#Umfrage #Israel, 120 Sitze\n\nBlock #Netanjahu\n#Likud 30\n2 Ultraorth 15\n#Yamina rechtsex 10\nrechtsex Orth 4\nSUMME 59\n\n#NewHope MiRechts 10\n\nGegner Netanjahu\n#YeshAtid lib 18\n#Araber 12\n#Beiteinu rechts 7\n#Labor MiLi6\n#Meretz linkslib 4\nBlueWhite lib 4\nSUMME 51",2021-03-17 17:16:52+00:00,0,Israel
1370519526991880198,Michael10415865,"Chile, Israel, GB Beispiele für schnelles Impfen in der Coronakrise So könnte es auch in Deutschland sein, hätte die Regierung nicht so ungeheuer versagt.\nEs ist schäbig die Gesundheit der Kinder zu gefährden und eine 3. Welle zu riskieren. Was soll noch alles falsch laufen?",2021-03-12 23:38:12+00:00,0,Israel
1369943851234951172,schidly,"Menschenskind\nIn Israel impfen sie bei Ikea, in den USA beim shoppen, und wir brauchen Feldversuche?\n#Hausärzte #MitteApril #Bürokratie",2021-03-11 09:30:41+00:00,0,Israel
1369389979663745024,CharlyGrims,"Pfizer-CEO Albert Bourla verzichtet auf Israel-Reise, weil er sich bei der Impfung ""nicht vordrängeln"" will. Merkel will auch ""abwarten, bis sie dran ist"". Ugur Sahin + Mitarbeiter sind nicht geimpft, ""damit die Produktion des Impfstoffs sicher gestellt wird"".\n\nMerkt das keiner?",2021-03-09 20:49:47+00:00,0,Israel
1369253005367930889,gezwitscher1308,Das große Vorbild Israel hat eine Inzidenz von 300?? Bei so vielen geimpften?? Wie passt das mit den Geschichten der Politik zusammen??? Gar nicht eigentlich,2021-03-09 11:45:30+00:00,0,Israel
1368927567512809475,Bnhbl2,Leute kommen mit dem Argument \n\n„Ja Israel hat aber auch nur so viel geimpft weil alle Leute ihre Daten abgeben mussten“ \n\nhaben aber Tiktok aufm Handy installiert,2021-03-08 14:12:20+00:00,0,Israel
1368906931486683136,yousitonmyspot,"""Vorläufige Analysen deuten darauf hin, dass diese neue Variante leichter übertragbar ist, allerdings wurden bisher keine schwereren Krankheitsverläufe festgestellt. ""\n\nFalsch. Aus UK, Israel, Dänemark, eindeutige Zahlen, dass 60-70% mehr schwere Verläufe auftreten.",2021-03-08 12:50:20+00:00,0,Israel
1367139310626078721,What_that_time_,"Österreichs Bundeskanzler Kurz kündigt an, dass Regierung im Land eigene Coronaimpfstoffproduktion starten will, mit Israel und Dänemark: man wolle „unser Know-how“ nützen. Ein Bluff: Es gibt kein österr. Know-how zum Covid-19-Impfstoff, weder Patente noch staatl. Fabriken dafür",2021-03-03 15:46:26+00:00,0,Israel
1367100701797679107,naapi,"Welche FFP2 Masken haben die wohl alle im Kanzler-Impfflieger nach Israel?\nChinesische oder Chinesische mit ""Made in Austria"" Aufdruck?\nFragen über Fragen.\n#kurz gesagt",2021-03-03 13:13:01+00:00,0,Israel
1366987782049128448,ModlLuca,"Österreichs Bundeskanzler Kurz kündigt an, dass Regierung im Land eigene Coronaimpfstoffproduktion starten will, mit Israel und Dänemark: man wolle „unser Know-how“ nützen. Ein Bluff: Es gibt kein österr. Know-how zum Covid-19-Impfstoff, weder Patente noch staatl. Fabriken dafür",2021-03-03 05:44:19+00:00,0,Israel
1366478092429049858,AusSpanienniks1,Iran ermordet Sportler - Berlin schläft!\nIran kündigt an Uran für Atombombe anzureichern - Berlin schläft!\nIran sagt Israel vernichten zu wollen - Berlin wacht langsam auf...\n\nIsrael verteidigt dich gegen palästinensischen Terror aus Gaza - Berlin ist hellwach!\n\nWarum ist das so?,2021-03-01 19:58:59+00:00,0,Israel
1366343577039699972,scoopix,"In Israel wird im Ikea geimpft. In Österreich ist es Apotheken nicht erlaubt, Menschen gegen Corona zu impfen.",2021-03-01 11:04:28+00:00,0,Israel
1365293896830492678,FranzSchellhorn,Über 70 Prozent der Über-16-Jährigen in Israel sind schon geimpft. Das muss man sich einmal vorstellen. In Österreich sind vermutlich noch nicht einmal 16 Prozent der Über-70-Jährigen geimpft.,2021-02-26 13:33:25+00:00,0,Israel
1365268927278964737,EinBlattTechnik,#FunFact\n\nIsrael heißt bald Impfrael.\n\n#Israel #COVID19 #FridayVibes #Impfstoff #Impfpass #Impfgegner #fun #news #coronavirus #Corona #AstraZeneca #Moderna #BioNTech #Pfizer #vaccine,2021-02-26 11:54:12+00:00,0,Israel
1364648364864905221,derford41,"Wie kommt es eigentlich, dass kaum jemand in weiß, dass arabische Staaten mehrmals Angriffskriege gegen Israel geführt haben, mit dem Ziel, Israel zu vernichten?\nNur ein Zufall?\nOder passt es einfach nicht ins ABSICHTLICH verzerrte Bild über Israel?",2021-02-24 18:48:18+00:00,0,Israel
1363935471215214598,S_Punkt_Punkt,"An #B117 ist eines gut: Die Herren #Streeck, #Chanasit und #Stöhr haben noch so in etwa 4 Wochen. Denn wenn die Mutation durchschlägt, wenn wie in Dänemark, England, Israel, Portugal immer mehr Kinder ernsthaft erkranken, die Eltern erkranken, dann ist deren Zeit abgelaufen.",2021-02-22 19:35:31+00:00,0,Israel
1363709700903206914,Merlitopia,In Israel bekommt man beim #Ikea eine Impfung und #ImZentrum wird das Freitesten diskutiert. Ich bin irgendwie fassungslos.,2021-02-22 04:38:23+00:00,0,Israel
1363060178292256771,howie_mw,"Können wir uns ""Oh die Fälle sinken ja gar nicht mehr, ist an #B117 und Mutanten, die UK, USA, Israel und eigentlich schon fast alles überrollt haben also doch was dran, das können wir aber erst in 2 Wochen nach Tausenden Quarantänefällen wegen Kitas und Schulen wissen"" sparen?",2021-02-20 09:37:25+00:00,0,Israel
1363027686373928960,HeinrichT9,"Wer Israel als ""48 lands"" bezeichnet, drückt damit aus, daß er Israel nicht als Staat anerkennt, sondern als Anomalie sieht, die beseitigt werden muß. Wie paläst. Politiker unermüdlich wiederholen. \nWann spricht sich das mal in Europa rum?",2021-02-20 07:28:18+00:00,0,Israel
1361995129041661953,Whereismymodel3,"Der Fakt, dass in Israel nun gleichermaßen alte Menschen mit Impfung sterben wie vorher mit #Corona, ist der beste Beweis, dass Corona eben in den meisten Fällen nicht die Todesursache war.",2021-02-17 11:05:18+00:00,0,Israel
1360361942628634625,KlarnameJonas,Warum ist die Israel-Palästina Debatte so energiegeladen Das führt zu nichts wenn man den anderen mit „dein Land existiert nicht haha“ anpimmelt,2021-02-12 22:55:36+00:00,0,Israel
1358797003963121666,_InMedias_Res_,#Israel|\nMinisterpräsident Benjamin #Netanjahu und der russische Präsident Wladimir #Putin haben am Montag erneut die Koordinierung ihrer Syrienpolitik erörtert.,2021-02-08 15:17:05+00:00,0,Israel
1357268686298624001,DarthJoined,"Israel dürfte vermutlich als erstes Land all seine Bürger geimpft haben.\n\nDemnach dürfte es dort in naher Zukunft keine Infizierten mehr geben, oder?",2021-02-04 10:04:06+00:00,0,Israel
1357121402101465089,KnutOgris,Impfung für unter 35-Jährige ist nun eröffnet in Israel. Juhuuuuu.\nHabe mir gleich ein Termin für nächste Woche mit der Maccabi App gemacht.\n,2021-02-04 00:18:51+00:00,0,Israel
1356992634338828293,loriotfehlt,"Schweden ist praktisch durch. Fall- und Sterbezahlen sinken seit Wochen. Auch in Spanien, wo Schulen, Einzelhandel und Restaurants (bis 18 Uhr) geöffnet sind, gehen die Fallzahlen zurück. Im „durchgeimpften“ Israel ist der Rückgang nicht erkennbar stärker. Quelle: Worldometers.",2021-02-03 15:47:10+00:00,0,Israel
1356949300585123840,TIMECODEX,"Wie kommt es, dass die Medien kaum darüber berichten, wenn Israel mit muslimischen Staaten Frieden schließt, aber es von Israel-kritischen-Schlagzeilen wimmelt, wenn Israel sich gegen palästinensischen Terror zur Wehr setzt?",2021-02-03 12:54:58+00:00,0,Israel
1356920785802264579,BensTweety,"Schweden ist praktisch durch. Fall- und Sterbezahlen sinken seit Wochen. Auch in Spanien, wo Schulen, Einzelhandel und Restaurants (bis 18 Uhr) geöffnet sind, gehen die Fallzahlen zurück. Im „durchgeimpften“ Israel ist der Rückgang nicht erkennbar stärker. Quelle: Worldometers.",2021-02-03 11:01:40+00:00,0,Israel
1356906455253864448,HeadSoccer_Main,2020 gelobte #Siemens nach der Beteiligung an der Adani-Kohlemine in Australien Besserung.\n\nHeute bauen sie das größte private Gaskraftwerk in Israel gegen den Protest der Anwohner:innen und finanzieren ein paar der dreckigsten Öl- Gas-Pipelines weltweit.\n\nLäuft also super.,2021-02-03 10:04:43+00:00,0,Israel
1356261431314931713,MiNuSiMmInUs,"Impfquote\nUSA: ca 5%\nEngland: ca 7%\nIsrael: 30%\nDeutschland: 2%\nAuch Deutschland: 500.000.000 € Steuergeld für die Entwicklung.\nDeutschland ist der Boy im Club, der allen ausgibt, dann nüchtern bleibt um alle heimzufahren, und dann doch ohne Begleitung im Bett liegt.",2021-02-01 15:21:38+00:00,0,Israel
1355475631929221120,Tobias_B,"Aufwachen, weil man schweißgebadet »Muss Israel kritisieren« in die Nacht schreit. Feuilletonisten.",2021-01-30 11:19:08+00:00,0,Israel
1355223241883848710,ChristinaAumayr,"Israel hat 50 Prozent der Bevölkerung zumindest einmal gegen Corona geimpft. Knapp 1,6 Millionen haben bereits die zweite Impfung erhalten, in Österreich trifft das nur auf knapp 6000 Menschen zu. Das sieht nicht wirklich gut aus.",2021-01-29 18:36:14+00:00,0,Israel
1354555835150688257,hansyendel,"Gegen das Vergessen? Vergessen das der Iran Glückwünsche aus Deutschland erhält, aber Israel vernichten will oder das die Stadt München keine #Stolpersteine duldet, das Linke mit der Hamas klüngeln und den BDS unterstützen oder die UN in Schulbüchern Judenhass duldet? #Holocaust",2021-01-27 22:24:12+00:00,0,Israel
1354365256647237633,brz_sandra,"Damit meine ich Politiker, die ""wegen Auschwitz"" in die Politik gegangen sind oder für die ""Israels Wohlergehen dt. Staatsräson"" ist, und die Deutschland seit Jahren für Dutzende Anti-Israel-Resolutionen der UN stimmen läßt, immer stramm an der Seite arabischer Judenfeinde.",2021-01-27 09:46:54+00:00,0,Israel
1353935278394773507,runner1005,"25. Januar 2021.\n\nIsrael hat 41,8% seiner Bevölkerung gegen Covid-19 geimpft.\nDeutschland hat 2,1% seiner Bevölkerung gegen Covid-19 geimpft.\n\nDer Impfstoff stammt aus Deutschland",2021-01-26 05:18:19+00:00,0,Israel
1353793698992156672,Mirjam_Fischer,"Die ersten Studien in Israel zeigen, dass der BiontechPfizer Impfstoff nach der zweiten Dosis zu 95% wirkt.\n",2021-01-25 19:55:44+00:00,0,Israel
1353055114987241475,Behindt93065949,"Habt Ihr Euch schon einmal gefragt, was sein wird, wenn die Kampagne in #Israel kein großer Erfolg wird und am Ende eine größere Anzahl Israelis an einem #Impfstoff krank werden oder gar sterben, der in Deutschland entwickelt wurde?",2021-01-23 19:00:52+00:00,0,Israel
1352925557286182912,WolfgangKimber1,"Unser Anschober befürchtet den nicht vorhandenen Impfplan nicht einhalten zu können? Na sowas, Ein Tipp wäre Israel zu kopieren, über die Krankenkassen, die hätten alle Daten und mit den prakt. Ärzten in Impfstr.\naber, genau so dumm wie mit den Zahlungen über d. Wirtschaftskammer",2021-01-23 10:26:03+00:00,0,Israel
1352546421258465282,X9donernesto,"USA: Jetzt gehts nach links. Höhere Steuern, mehr Staat, weniger Freiheit, Zensur gegen Konservative im Internet, moralischer Imperialismus, mehr Iran, weniger Israel. Schlechte Nachrichten für die Welt. Letzte Hoffnung der Freiheit: Die Schweiz.",2021-01-22 09:19:30+00:00,0,Israel
1352488830352453638,D_P_com,"USA: Jetzt gehts nach links. Höhere Steuern, mehr Staat, weniger Freiheit, Zensur gegen Konservative im Internet, moralischer Imperialismus, mehr Iran, weniger Israel. Schlechte Nachrichten für die Welt. Letzte Hoffnung der Freiheit: Die Schweiz.",2021-01-22 05:30:39+00:00,0,Israel
1352041831975030785,sonja_moeckel,"Frage mich, was Trump den Deutschen getan hat, damit er so in den Schmutz gezogen wird? Die Friedenssicherung um Israel herum? Zumindest für den schlechtesten dt. Aussenminister, der wegen Auschwitz in die Politik gegangen ist, muss das ein schwerer Fehler gewesen sein...",2021-01-20 23:54:27+00:00,0,Israel
1351425496618332162,yafa161,"oder dadurch Israel religiös gerechtfertigt wird, als ""gottversprochen"" und religiös konnotierte ""Heimkehr"" und nicht als migration.\nDas ist ja genau antid-textbuch: die menschengemachte Kollektivierung d. Palästinenser absprechen und die jüdische aus der Bibel herleiten.",2021-01-19 07:05:21+00:00,0,Israel
1350120494394204161,AndreasIdentity,"1. Ich komme nicht zur Amtseinführungsfeier von Joe Biden.\n\n2. Israel muss vernichtet werden.\n\nWelcher der beiden Tweets liefert Twitter einen Grund, den betreffenden Account wegen Aufruf zu Gewalt zu löschen?\n\nAuflösung: 1.\n\nBitte retweet, wenn Ihr das auch behämmert findet.",2021-01-15 16:39:44+00:00,0,Israel
1348736563761598464,JuFoDIGMuenster,"#Israel ist ein #Rechtsstaat, lieber Herr #Haseloff. Das hohe Impftempo dort liegt unter anderem an der guten Vorbereitung sowie reibungslosen Terminvergaben. Wir in #Deutschland können einiges von Israel lernen. Dann können wir auch allen Menschen schnell ein Angebot machen.",2021-01-11 21:00:29+00:00,0,Israel
1348638575739473922,MarcusPretzell,"#Israel bietet der Regierung der #Palästinenser #Corona-Impfstoff und Hilfe an. \n\nReaktion: ""Wir nehmen nichts von dreckigen Juden!!!!""\n\nReaktion diverser dt. Journalisten: ""Israel verweigert den Palästinensern den Corona-Impfstoff!!!!!!"" (gedanklich: ""Scheiss Juden!!!!"").",2021-01-11 14:31:07+00:00,0,Israel
1346026514748477441,RobertPraetzler,"Israel dagegen hat bereits 12% Impfquote, UK 1,39% und die USA 1,28%. \nDeutschland ist fertig, und die EU auch. Was für ein unglaublicher #Murks. #dankeursula",2021-01-04 09:31:43+00:00,0,Israel
1345327547886788608,heer_armin,"Israel macht es besser und impft die Bevölkerung bis Februar. Korea und Taiwan machen es besser und kämpfen mit modernen Mitteln der Digitalisierung gegen das Virus. Und Deutschland? Wir bilden uns immer ein, Weltmeister in Allem zu sein, aber das sind wir nur im Moralisieren.",2021-01-02 11:14:17+00:00,0,Israel
1473901115221676033,woodgreen106,"Das Bundesverfassungsgericht erklärt: Der rechtsextreme Xavier Naidoo darf auch als ""Antisemit"" bezeichnet werden. Er hatte u.a. erklärt “Lügen, Hochverrat, Bestechung und Erpressung” lägen in der “Art und Lebensweise der Juden”.",2021-12-23 06:19:44+00:00,0,Juden
1473679163584352264,BigDvsRL,"Das Bundesverfassungsgericht erklärt: Der rechtsextreme Xavier Naidoo darf auch als ""Antisemit"" bezeichnet werden. Er hatte u.a. erklärt “Lügen, Hochverrat, Bestechung und Erpressung” lägen in der “Art und Lebensweise der Juden”.",2021-12-22 15:37:46+00:00,0,Juden
1473611470546083841,nessalearns,"Das Bundesverfassungsgericht erklärt: Der rechtsextreme Xavier Naidoo darf auch als ""Antisemit"" bezeichnet werden. Er hatte u.a. erklärt “Lügen, Hochverrat, Bestechung und Erpressung” lägen in der “Art und Lebensweise der Juden”.",2021-12-22 11:08:47+00:00,0,Juden
1473060177024897025,JSBiernat,"Heute vor 55 Jahren (20.12.1966) starb Albert Göring. Hermann Görings Bruder unterstützte Sabotage gegen die Deutschen in Tschechien, half Juden politisch Verfolgten rettete einigen damit das Leben.\nEr starb, ohne in der Öffentlichkeit jemals Anerkennung erlangt zu haben.",2021-12-20 22:38:08+00:00,0,Juden
1472985754389331971,EvilTiberius,"Wer eine Impfpflicht auch nur ansatzweise mit dem Holocaust, Impfgegner und ""Querdenker"" mit verfolgten Juden und Virolog*innen mit Nazi- oder KZ-Ärzten vergleicht und so Millionen Opfer verhöhnt, ist ein anstandsloses und geschichtsvergessenes Arschloch.\n\nEnde der Diskussion.",2021-12-20 17:42:25+00:00,0,Juden
1472656778752053253,FilzwollKopp,"Wer eine Impfpflicht auch nur ansatzweise mit dem Holocaust, Impfgegner und ""Querdenker"" mit verfolgten Juden und Virolog*innen mit Nazi- oder KZ-Ärzten vergleicht und so Millionen Opfer verhöhnt, ist ein anstandsloses und geschichtsvergessenes Arschloch.\n\nEnde der Diskussion.",2021-12-19 19:55:11+00:00,0,Juden
1472211349992259586,fotokunst66,"Private Musiklehrerin erzählt 9jähriger Schülerin, ob sie wisse, was der 2. WK war. Auf Bejahen des Kindes sagt die Lehrerin, damals wären die Juden verfolgt worden und jetzt würde das bald mit den Ungeimpften so passieren.\n\nDas wird dann wohl eine begründete Sofortkündigung.",2021-12-18 14:25:12+00:00,0,Juden
1469380156053762056,KaeptnKBOOM,"Für Freunde des dunklen Humors :\n\nImpfgegner sehen sich gleichermaßen verfolgt wie Juden während der NS Zeit\n\nIns KZ Buchenwald kommen sie aber nicht rein, da herrscht 2G",2021-12-10 18:55:03+00:00,0,Juden
1467714775165673475,kdimmek,"Der Whocast ist ja sicher kein Kind von Traurigkeit, wenn es um geschmacklose Witze geht. Aber wenn ich noch einmal so einen Idioten lese, höre oder sehe, der meint, sich und seinesgleichen mit den Juden im dritten Reich vergleichen zu müssen, nur weil er seinen ungeimpften.. 1/2",2021-12-06 04:37:25+00:00,0,Juden
1467400431395614724,markes_pe,Querdenker vergleichen sich mit Juden 1933\nAber im Fackelzug vor das Haus einer Politikerin ziehen im diese ein zu schüchtern erinnert euch an nix oder was?,2021-12-05 07:48:20+00:00,0,Juden
1467126007673065477,aleksairina,"Oida ihr seids nicht die neuen Juden, ihr seids maximal die neuen Oaschlöcher. Schleichts euch heim ihr Bauernschädln",2021-12-04 13:37:52+00:00,0,Juden
1466824453774618626,gro_yannick,"Vergleicht ihr das „Schicksal“ von Impfgegnern mit dem Schicksal mit Juden im dritten Reich seid ihr ignorante, dumme, unmenschliche Wichser.\nNichts anderes.",2021-12-03 17:39:36+00:00,0,Juden
1466540171059347468,otto_vom,"Vergleicht ihr das „Schicksal“ von Impfgegnern mit dem Schicksal mit Juden im dritten Reich seid ihr ignorante, dumme, unmenschliche Wichser.\nNichts anderes.",2021-12-02 22:49:58+00:00,0,Juden
1466486398870069262,Lotti83426402,"Ich heiße ben. meine familie hat ""kauft nicht bei den juden"" erlebt. Ich bin geimpft und doch ertrage ich diese hetze auf ungeimpfte nicht. Ich bin oft polemisch hier aber das ist mein ernst.\nheute beginnt chanukka während Geschäfte ungeimpfte nicht einkaufen lassen, schämt euch",2021-12-02 19:16:18+00:00,0,Juden
1466338000955232264,scheerenberger,"#Antisemitismus, Ressentiment und Alltagsschikane: #OTD 1935 verfügt der Polizeipräsident in #Magdeburg, dass Jüdinnen und Juden nur dann Milch zu verkaufen sei, wenn diese ein „akzeptables Äußeres“ und ein „unscheinbares Auftreten“ hätten. #WeRemember #OnThisDay",2021-12-02 09:26:37+00:00,0,Juden
1465658982656262149,woodgreen106,"Ein Problem bei der Gleichsetzung Ungeimpfter mit der Kategorie ""Juden"" im Nationalsozialismus ist, dass damit behauptet wird, die ""Juden"" hätten sich durch irgendeine bestimmte und bewusste Handlung ausgezeichnet. Das ist falsch und 1 krasse Reproduktion von Nazi-Propaganda.",2021-11-30 12:28:26+00:00,0,Juden
1465650382386966528,AllerEchter,"Ein Problem bei der Gleichsetzung Ungeimpfter mit der Kategorie ""Juden"" im Nationalsozialismus ist, dass damit behauptet wird, die ""Juden"" hätten sich durch irgendeine bestimmte und bewusste Handlung ausgezeichnet. Das ist falsch und 1 krasse Reproduktion von Nazi-Propaganda.",2021-11-30 11:54:16+00:00,0,Juden
1465232467946872838,liz_aus_e,"Ich heiße ben. meine familie hat ""kauft nicht bei den juden"" erlebt. Ich bin geimpft und doch ertrage ich diese hetze auf ungeimpfte nicht. Ich bin oft polemisch hier aber das ist mein ernst.\nheute beginnt chanukka während Geschäfte ungeimpfte nicht einkaufen lassen, schämt euch",2021-11-29 08:13:37+00:00,0,Juden
1465094825410285568,TilhemWell,Juden Christen\n \n Heute 1. Kerze \n\n#Chanukah #Advent,2021-11-28 23:06:41+00:00,0,Juden
1465014344543088649,gruene_jugend,Wir wünschen allen Juden Jüd*innen ein frohes Lichterfest.\nChanukka Sameach!,2021-11-28 17:46:53+00:00,0,Juden
1463937079424045060,Weseraal_HB,"Ich verstehe den Schmerz den Jüdinnen + Juden empfinden wenn Coronaleugner die Shoa relativieren. Man übersieht uns, man beleidigt uns oder man verfolgt auf unsere Kosten seine dreckige Agenda. Ich empfinde nur Verachtung für solche Menschen.\n#Antisemitismus",2021-11-25 18:26:13+00:00,0,Juden
1462839530462011395,nrdblkn,"Mir ist schlecht. Schlecht von dem ganzen Hass, den ich jeden Tag lesen muss. Schlecht von dem Antisemitsmus, der offenbar okay ist, wenn man einfach nur ein anderes Wort als Jüdinnen oder Juden nutzt. Schlecht davon, dass solche Taten keinerlei Konsequenzen nach sich ziehen.",2021-11-22 17:44:56+00:00,0,Juden
1462683296815620101,F_Wenninger,"1/7 Thread:\n 1907 brachen in Wien seit Jahrzehnten erstmals wieder die Pocken (=Blattern) aus.\n\nEs verbreiteten sich Gerüchte, es sei eine von ""Juden erfundene Krankheit"", um Bazillen künstlich zu züchten.",2021-11-22 07:24:07+00:00,0,Juden
1462528820486021132,herbstbunte,Juden das Blut von Kindern trinken?\nEs Reptilienmenschen gibt?\nWir eine Diktatur haben?\nDie Impfung impotent macht?\nIn Wasserwerfern AstraZeneca ist?\nAus Gullideckeln heraus geimpft wird?\nMit Nazis demonstrieren gehen und den Holocaust instrumentalisieren?\n\nNen Scheiss muss ich!,2021-11-21 21:10:17+00:00,0,Juden
1462454446462541831,rblpzg,Juden das Blut von Kindern trinken?\nEs Reptilienmenschen gibt?\nWir eine Diktatur haben?\nDie Impfung impotent macht?\nIn Wasserwerfern AstraZeneca ist?\nAus Gullideckeln heraus geimpft wird?\nMit Nazis demonstrieren gehen und den Holocaust instrumentalisieren?\n\nNen Scheiss muss ich!,2021-11-21 16:14:45+00:00,0,Juden
1459871867200839685,L_Oberndorfer,"Nachtrag: Wie unbelehrbar Kunschak war, erwies sich nach der Befreiung angesichts von 6 Millionen ermordeter Juden und Jüdinnen. Im September 1945 nahm er an einer Protestversammlung gegen die Einreise von polnischen Holocaust-Überlebenden teil. (1/2)",2021-11-14 13:12:30+00:00,0,Juden
1459837049255641088,Assowaum,"Parallel dazu werden jüdische Figuren, die sich gegen den Zionismus oder den Staat Israel äußern, oft ganz konkret ausgeklammert aus der abstrakten Deutung von ""den Juden"". So wird dem jüdischen Kollektiv eine einheitliche kollektive politische Position zugeschrieben.",2021-11-14 10:54:09+00:00,0,Juden
1459830709305196546,GeorgKresse3680,Alle die Impfverweigerer die heute meinen sich zu fühlen wie die Juden Damals....\nSchaut mal wie '68 die Jugend gefragt hat was die Eltern während des Krieges gemacht haben.\nEuch werden sie fragen was ihr heute gemacht habt.\n\n/2,2021-11-14 10:28:58+00:00,0,Juden
1459298272867229701,Clairle66,"Die #Ungeipften sind die #Juden der Neuzeit. Ihr könnt mich dafür prügeln, ich sehe es so. Es gibt durchaus heute Menschen, die würden #Ungeimpfte in #Lager sperren und andere sehen dabei zu. #COVID19",2021-11-12 23:13:15+00:00,0,Juden
1459155009371844609,robertparzer,Die Menge skandierte bei der Präsentation des Statuts und während der Verbrennung:\nSchande! \nTod den Juden! \nHier ist Polen und nicht Polin [=Name für Polen auf Hebräisch]!,2021-11-12 13:43:58+00:00,0,Juden
1458832467075514379,r_h_mode,"Wer 2-G-Regelungen auch nur andeutungsweise mit der Situation von Juden in der Nazizeit vergleicht, wird von mir sofort und ohne weitere Worte geblockt. Digital wie analog.",2021-11-11 16:22:18+00:00,0,Juden
1458003836505821184,maupolitics,"Heute vor 83 Jahren wurden in Deutschland, Geschäfte, Synagogen, Friedhöfe und Wohnungen von Jüdinnen u. Juden zerstört. Einge von ihnen wurden ermordet, andere inhaftiert. Der Tag markiert den Wendepunkt von der Ausgrenzung hinzu der Verfolgung von Jüdinnen u. Juden.\nNie wieder.",2021-11-09 09:29:37+00:00,0,Juden
1457985632056213512,CartneyTx,"Heute vor 83 Jahren wurden in Österreich hunderte Juden und Jüdinnen brutal gefoltert, ermordet oder in den Selbstmord getrieben. Die Gewerkschaftsbewegung wird diese Gräueltaten nie vergessen und nie aufhören, Rechtsextremismus und Faschismus zu bekämpfen! #Novemberpogrome",2021-11-09 08:17:17+00:00,0,Juden
1457829559705948169,LasseHallstroem,"Fürs Protokoll: in #Österreich müssen auch Juden draussen bleiben - diesmal aber nur dann, wenn sie kein #CovidZertifikat haben. #ZiB2",2021-11-08 21:57:06+00:00,0,Juden
1457798078585470978,Paxter_Redwyne,"Sich in seiner Freiheit eingeschränkt sehen, ist das eine. Das auch nur ansatzweise mit Ausgrenzung und Verfolgung von Juden durch die Nazis zu vergleichen, ist absolut widerwärtig und geschichtsvergessen.\nEkelhaft.",2021-11-08 19:52:01+00:00,0,Juden
1457265360521007104,fantasy_nicki,"Nein Hugo, wenn ich dich im Zug auf die Maske hinweise und Du fängst an mit dem Satz ""Der Staat behandelt uns wie Juden damals"" dann isses mir scheissegal wie gültig Deine Fahrkarte ist, dann fliegst Du raus. Ohne lange Diskussion.\nAntisemitismus und Holocaust verharmlosen. Nein.",2021-11-07 08:35:11+00:00,0,Juden
1456353784687382529,sonja_moeckel,"#Ungeimpfte und Geimpfte sollten nicht die selben Rechte haben.\nSchwarze und Weiße sollten nicht die selben Rechte haben.\nMänner und Frauen sollten nicht die selben Rechte haben.\nJuden und Christen sollten nicht die selben Rechte haben,\n#Denksportübung",2021-11-04 20:12:54+00:00,0,Juden
1455879964130254852,Ralf26649,"#Ungeimpfte und Geimpfte sollten nicht die selben Rechte haben.\nSchwarze und Weiße sollten nicht die selben Rechte haben.\nMänner und Frauen sollten nicht die selben Rechte haben.\nJuden und Christen sollten nicht die selben Rechte haben,\n#Denksportübung",2021-11-03 12:50:07+00:00,0,Juden
1455649626288279558,piziboi,"Manifestation „des Juden“. Israelisches Regierungshandeln, militärische Maßnahmen sind immer deshalb Unrecht, weil es „der Jude“ ist, der handelt. Besatzung meint nicht die Grenzen, sondern immer die pure Existenz Israels. Free Palestine meint immer die Vertreibung aller Juden",2021-11-02 21:34:50+00:00,0,Juden
1453718568403492884,William_S_Leary,"#Ofarim Sollte sich das alles bewahrheiten, dann ein ganz herzliches ""Fuck You"" dafür, dass du allen #Juden in Deutschland damit so richtig einen reingebügelt hast!",2021-10-28 13:41:30+00:00,0,Juden
1451292797189906436,sensei_ape,"Zu jung gibt's nicht, gibt nur zu eng,\nHolocaust ist nice,\nFrüher waren Juden heute bins ich,\nDachte der Holocaust war die Atombombe in japan deswegen hab ich gesagt ist nice,\n\n#Drachenlord !!! Das ist ein minimaler Bruchteil und nichtmal das schlimmste! VERDIENT!! #knaststaffel",2021-10-21 21:02:21+00:00,0,Juden
1451101067316502528,DinkaSpell,"Die Aussage, wonach Jüdinnen und Juden den Holocaust instrumentalisieren würden, findet nur in GR höhere Zustimmung als in Ö. Jene nach der Wichtigkeit, die Erinnerung an die Verfolgung wachzuhalten, findet in Ö die 3.-niedrigste Zustimmung bzw. den 2.-höchsten Widerspruch. 6/11",2021-10-21 08:20:29+00:00,0,Juden
1447204626378407939,MissCorleone175,"""Juden sind keine weissen Menschen."" - Mark Zuckerberg ist weiss und jüdischen Glaubens. Sie haben Abitur gemacht und kannten 2016 nicht den Unterschied zwischen Rasse und Religion?\n\nEin ""Heil"" unter einem Hakenkreuz war auch 2016 nicht en vogue.",2021-10-10 14:17:25+00:00,0,Juden
1445411289006809101,frlmottenreyer,"Solidarität mit allen Jüdinnen und Juden. \nMit allen, die keine Reichweite haben und nicht gehört oder gesehen werden und sich allein mit ihren Ängsten fühlen müssen.",2021-10-05 15:31:20+00:00,0,Juden
1445207305407143939,mawedler2,"Am 06.10.2021 findet in Kiev ein Gedenktag der Massaker von #BabynJar statt, zu dem auch der israelische Präsident Herzog anwesend sein wird. Am 29./30.09.1941 wurden innerhalb von 2 Tagen über 33.000 Juden von den Nationalsozialisten grausam hingerichtet. #NeverForget",2021-10-05 02:00:46+00:00,0,Juden
1444337528060928008,schalkerfanini,"#OTD 1942 erlässt das Polizeipräsidium #Magdeburg ein nächtliches Ausgangsverbot für Jüdinnen und Juden, das zunächst bis 1. April 1943 befristet ist. #WeRemember #OnThisDay",2021-10-02 16:24:35+00:00,0,Juden
1443181395774480391,NiniRoxx85,"Heute vor 80 Jahren erschossen SS-Einheiten in Babyn Jar binnen 36 Stunden mehr als 33.000 Juden - eines der schrecklichsten Massaker der Menschheitsgeschichte.\n\nHaltet inne, gedenkt der Toten und auch unserer Verantwortung, dass solche Gräueltaten nie wieder geschehen dürfen.",2021-09-29 11:50:32+00:00,0,Juden
1443127301676355585,JurgenRoters,"Die Babyn Jar Schlucht war 1941 der Schauplatz des größten einzelnen Massakers an jüdischen Männern,Frauen,Kindern im II. Weltkrieg. Die Einsatzgruppen der Sicherheitspolizei und des SD ermordeten mit Unterstützung der Wehrmacht am 29. und 30. September 1941 mehr als 33.000 Juden",2021-09-29 08:15:35+00:00,0,Juden
1442558811810709513,jorinde_wiese,"Kleiner Leitfaden für Allys von Jüdinnen*Juden, weil er vielfach gewünscht ist. Ich möchte an dieser Stelle kurz erwähnen, dass ich mich nicht als Spokesperson für Alle Jüdinnen*Juden aufschwingen Will, sondern nur wiedergebe, was ich und die Mehrzahl denken.",2021-09-27 18:36:36+00:00,0,Juden
1441374932521283596,AndresYvonne,"Ich will die Fotos des zerschmetterten Gesichts des angegriffenen Juden aus #Hamburg nicht teilen. Aber nur mal 1 Frage: Ihm wurde das Joch- Nasenbein, der Kiefer gebrochen. Am helllichten Tag. Wo bleibt d. Welle der Empörung, d. ach so oft bekundete SoLiDarItÄt?#Antisemitismus",2021-09-24 12:12:18+00:00,0,Juden
1441012440272146437,LILJONES9090,"Ich will die Fotos des zerschmetterten Gesichts des angegriffenen Juden aus #Hamburg nicht teilen. Aber nur mal 1 Frage: Ihm wurde das Joch- Nasenbein, der Kiefer gebrochen. Am helllichten Tag. Wo bleibt d. Welle der Empörung, d. ach so oft bekundete SoLiDarItÄt?#Antisemitismus",2021-09-23 12:11:53+00:00,0,Juden
1440733349513818113,AnneroseBlume,"Ich will die Fotos des zerschmetterten Gesichts des angegriffenen Juden aus #Hamburg nicht teilen. Aber nur mal 1 Frage: Ihm wurde das Joch- Nasenbein, der Kiefer gebrochen. Am helllichten Tag. Wo bleibt d. Welle der Empörung, d. ach so oft bekundete SoLiDarItÄt?#Antisemitismus",2021-09-22 17:42:52+00:00,0,Juden
1440586361052938245,jan12xxy,"(3/3) Wäre Nemi El-Hassan Deutsche ohne Migrationshintergrund und ginge es nicht um Juden sondern um Muslime, hätte sich nicht eine Person mit ihr solidarisiert. \n\nDieser antisemitische Sumpf der Unterzeichner dieser Liste widert mich genauso an wie Nemi El- Hassans Entgleisungen",2021-09-22 07:58:47+00:00,0,Juden
1440560807922716678,Matti04312210,"Integrierte Türken werden als Haustürke beschimpft.\n\nIntegrierte Schwarze als Token beschimpft.\n\nJuden wird ihr jüdisch sein abgesprochen.\n\nMigranten die zur Integration aufrufen werden ausgegrenzt.\n\nIdentitätspolitik gefeiert, obwohl es eine rote Rassenlehre ist.\n\nWarum?",2021-09-22 06:17:15+00:00,0,Juden
1440356361800323074,TheRabbit67,"Wo sind eigentlich die ganzen #Antirassismus-Aktivisten und Konzertgeber, wenn hier #Juden wieder auf offener Straße angegriffen werden. Passen die Täter nicht ins Weltbild? Nicht #Deutsch genug? Ich könnte nur noch brechen.",2021-09-21 16:44:51+00:00,0,Juden
1439844160056528900,Hartmut_Boes,Ein reicher Schnösel droht laut + inkonsequent mit Auswanderung bei #Linksrutsch und das halbe Land spricht drüber.\nEtliche Jüdinnen und Juden denken still über Auswanderung nach bei #RechtsRutsch und wenige kümmerts.\n\nIhr habt manchmal seltsame Prioritäten.,2021-09-20 06:49:33+00:00,0,Juden
1439533853803261952,kafkanisch,Ein reicher Schnösel droht laut + inkonsequent mit Auswanderung bei #Linksrutsch und das halbe Land spricht drüber.\nEtliche Jüdinnen und Juden denken still über Auswanderung nach bei #RechtsRutsch und wenige kümmerts.\n\nIhr habt manchmal seltsame Prioritäten.,2021-09-19 10:16:30+00:00,0,Juden
1439338124082089987,LilaKamina,Ein reicher Schnösel droht laut + inkonsequent mit Auswanderung bei #Linksrutsch und das halbe Land spricht drüber.\nEtliche Jüdinnen und Juden denken still über Auswanderung nach bei #RechtsRutsch und wenige kümmerts.\n\nIhr habt manchmal seltsame Prioritäten.,2021-09-18 21:18:45+00:00,0,Juden
1439291589185216515,AndreasAndy3131,Ein reicher Schnösel droht laut + inkonsequent mit Auswanderung bei #Linksrutsch und das halbe Land spricht drüber.\nEtliche Jüdinnen und Juden denken still über Auswanderung nach bei #RechtsRutsch und wenige kümmerts.\n\nIhr habt manchmal seltsame Prioritäten.,2021-09-18 18:13:50+00:00,0,Juden
1438905162769342467,Marty_Crabneck,"Jeder Deutsche sollte bei den Opfern der NS-Terrorherrschaft um Entschuldigung bitten. Bei den SlawenJuden, den Kommunisten, Sozialdemokraten, Gewerkschaftern, Homosexuellen, Christen, SintiRoma, Griechen, Guernicanern, Engländern und Franzosen. Täglich. Noch vor dem Frühstück.",2021-09-17 16:38:19+00:00,0,Juden
1438637358765723649,theodorajalta,Was ist bloss aus meiner Heimatstadt #Hagen geworden?\n\nEin #Syrer plant einen Terroranschlag auf eine jüdische #Synagoge \n\nUnd was macht der Zentralrat der Juden?\n\nEr warnt vor der #AfD und schweigt beredt zu diesem Anschlag.\n\nWessen Interessen vertritt der eigentlich?,2021-09-16 22:54:09+00:00,0,Juden
1438592755039670274,_Spoekenkieker,"Es ist Berlin Neukölln, nicht irgendein Ort in Sachsen, wo Juden nicht mehr mit Kippa auf die Straße gehen können. \n\nEs war Gelsenkirchen und andernorts, wo Muslime Menschen vor Synagogen beschimpft haben, nicht irgendein Ort in Thüringen. \n\nWie können wir das zulassen?",2021-09-16 19:56:55+00:00,0,Juden
1438398573687758849,fdp_nrw,"Dass gestern Abend in #Hagen Jüdinnen und Juden zu #JomKippur wegen einer Gefährdungslage nicht in die Synagoge konnten, macht einen nicht nur traurig - es ist schlicht unerträglich. Der Schutz jüdischen Lebens ist Staatsräson. Antisemitismus ist da. Wir müssen ihn bekämpfen!",2021-09-16 07:05:18+00:00,0,Juden
1438217028477898757,verena_ramona,"Bleibt die Frage, ob ich mir die notwendige Bedingung ""#Israel ist durch den #Holocaust legitimiert"" nur erdenke, um mein mieses Kartoffelgewissen zu läutern. Nein, es gibt die geschichtliche Evidenz des Alleingelassenseins der restlichen europäischen Juden SELBST NACH #Auschwitz",2021-09-15 19:03:55+00:00,0,Juden
1438100347466260488,jan_rathje,Ab heute Abend feiern Jüdinnen und Juden #YomKippur. Diesen höchsten jüdischen Feiertag suchte sich ein rechtsextremer Terrorist vor 2 Jahren bewusst aus. Seine Tat begründete der Halle-Attentäter mit antisemitischen Verschwörungsmythen. Warum dieser Zusammenhang wichtig ist: 1/8,2021-09-15 11:20:16+00:00,0,Juden
1438099808091320326,GJNds,Ab heute Abend feiern Jüdinnen und Juden #YomKippur. Diesen höchsten jüdischen Feiertag suchte sich ein rechtsextremer Terrorist vor 2 Jahren bewusst aus. Seine Tat begründete der Halle-Attentäter mit antisemitischen Verschwörungsmythen. Warum dieser Zusammenhang wichtig ist: 1/8,2021-09-15 11:18:07+00:00,0,Juden
1438085090983174149,FriedrichPagel,Ab heute Abend feiern Jüdinnen und Juden #YomKippur. Diesen höchsten jüdischen Feiertag suchte sich ein rechtsextremer Terrorist vor 2 Jahren bewusst aus. Seine Tat begründete der Halle-Attentäter mit antisemitischen Verschwörungsmythen. Warum dieser Zusammenhang wichtig ist: 1/8,2021-09-15 10:19:38+00:00,0,Juden
1438017947776208899,UweFisc77526196,"Wenn Sie mit Ihrer Demokratieabgabe auch die Gehälter von Personen finanzieren wollen, die auf Demos teilnehmen, wo Hitler gepriesen und ""Juden ins Gas"" gegrölt wird, dann zahlen Sie weiter brav an den WDR. #Nemi_El_Hassan",2021-09-15 05:52:50+00:00,0,Juden
1437751435488342021,SanchoPanzer17,"Wenn Sie mit Ihrer Demokratieabgabe auch die Gehälter von Personen finanzieren wollen, die auf Demos teilnehmen, wo Hitler gepriesen und ""Juden ins Gas"" gegrölt wird, dann zahlen Sie weiter brav an den WDR. #Nemi_El_Hassan",2021-09-14 12:13:49+00:00,0,Juden
1437695239142223872,HenschelInfo,"Wenn Sie mit Ihrer Demokratieabgabe auch die Gehälter von Personen finanzieren wollen, die auf Demos teilnehmen, wo Hitler gepriesen und ""Juden ins Gas"" gegrölt wird, dann zahlen Sie weiter brav an den WDR. #Nemi_El_Hassan",2021-09-14 08:30:30+00:00,0,Juden
1437676165876142085,jo25pa,"Wenn Sie mit Ihrer Demokratieabgabe auch die Gehälter von Personen finanzieren wollen, die auf Demos teilnehmen, wo Hitler gepriesen und ""Juden ins Gas"" gegrölt wird, dann zahlen Sie weiter brav an den WDR. #Nemi_El_Hassan",2021-09-14 07:14:43+00:00,0,Juden
1437512559750524928,KlausWeckbach,"Eigentlich sollte es gesellschaftlicher Konsens sein: Wer bewusst an Aufmärschen teilnimmt, auf denen die Vergasung von Juden gefordert wird und das Existenzrecht Israels geleugnet wird, verdient keine einzige Minute Sendezeit in irgendeinem deutschen Medium mehr!",2021-09-13 20:24:36+00:00,0,Juden
1437353820250648576,ElnetD,"Eigentlich sollte es gesellschaftlicher Konsens sein: Wer bewusst an Aufmärschen teilnimmt, auf denen die Vergasung von Juden gefordert wird und das Existenzrecht Israels geleugnet wird, verdient keine einzige Minute Sendezeit in irgendeinem deutschen Medium mehr!",2021-09-13 09:53:50+00:00,0,Juden
1437152465456091142,robert_fietzke,"Die Gefahr von Rechts wurde eben mal über Maaßen abgehandelt. Keine Frage, was man gegen rechtsextreme Strukturen in Polizei und Bundeswehr machen würde, Rassismus-Studie, wie sollen sich eingewanderte Menschen, Jüdinnen und Juden in Deutschland sicher fühlen. Nichts. #Triell",2021-09-12 20:33:43+00:00,0,Juden
1437136432523579396,HendrikZimm,"Die Gefahr von Rechts wurde eben mal über Maaßen abgehandelt. Keine Frage, was man gegen rechtsextreme Strukturen in Polizei und Bundeswehr machen würde, Rassismus-Studie, wie sollen sich eingewanderte Menschen, Jüdinnen und Juden in Deutschland sicher fühlen. Nichts. #Triell",2021-09-12 19:30:00+00:00,0,Juden
1436100398742392834,gunter_senf,"60 jüdische Organisationen sagen, man soll nicht die AfD wählen.\nAchso, dann lieber wieder die Parteien wählen, die hunderttausende judenfeindliche Migranten ins Land lassen?\nIch kenne genug Juden, die selbst AfD wählen!",2021-09-09 22:53:11+00:00,0,Juden
1435298259594096642,unnon1989,"Never forget, dass die Menschen, die sich als Freiheitskämpfer sehen und mit Juden in der NS-Zeit vergleichen die gleichen sind, die „hängt die Grünen“ Plakate aufhängen.",2021-09-07 17:45:46+00:00,0,Juden
1435080751616307205,Westradler,"Heute Abend beginnt das Jahr 5782 nach dem jüdischen Kalender. Ich wünsche allen Jüdinnen und Juden ein süßes, gesundes und zuversichtliches Neues Jahr! Schana towa umetuka.\n#RoshHashanah",2021-09-07 03:21:28+00:00,0,Juden
1339822175973494785,WeeJott,"Die Interalliierte Erklärung zur Vernichtung der Juden wurde von alliierten Regierungen am 18. Dezember 1942 veröffentlicht.Durch sie wurde angekündigt,daß die internationale Völkergemeinschaft die NS-Verbrechen gegen Juden nach der Niederschlagung des NS-Regimes verfolgen werde",2020-12-18 06:37:54+00:00,0,Juden
1337656410604187648,HolocaustRef,"12.12.1941\n\nEinen Tag nach der Kriegserklärung an die USA hält Hitler in seiner Privatwohnung vor den Gau- und Reichsleitern eine Rede, in der er an seine Reichstags-Prophezeiung erinnert und seinen Willen zur Vernichtung der Juden bekräftigt.",2020-12-12 07:11:55+00:00,0,Juden
1330913895637274626,libertastochter,"Die Stilisierung radikaler Muslime zu ""Juden unserer Zeit"" muss endlich aufhören.",2020-11-23 16:39:34+00:00,0,Juden
1330251800176418827,Mohnchen,"1933: Der Hohenzollern-Prinz Wilhelm, wohnhaft im Schloss Cecilienhof, schreibt an eine Freundin. Die Juden hätten christl. Eliten vertrieben u seien verantwortlich für die Wirtschaftskrise. Dem ""genialen Führer Adolf Hitler"" müsse man Zeit für ""gewisse Aufräumarbeiten"" lassen.",2020-11-21 20:48:38+00:00,0,Juden
1329511802925965319,Glenda35197340,"Tagesspiegel- Artikel: ""„Ist doch richtig, dass Juden vergast werden“: Was Berliner Lehrer von muslimischen Schülern zu hören kriegen - Frauen und Juden werden verunglimpft, Mädchen ohne Kopftuch bedrängt,Morde wie der an Samuel Paty gerechtfertigt–drei Berliner Lehrer berichten""",2020-11-19 19:48:09+00:00,0,Juden
1328317710988664835,Crypto_Schurke,"nein ihr verfickten #Querdenker, ihr seit nicht wie Anne Frank, ihr könnt eure Kotzfressen nicht mit dem Leid der Juden im 3. Reich vergleichen. Ihr sollt nur eure verfickten Arschgesichter mit einem Stück Stoff bedecken, also haltet die Fressen ihr scheiss Holocaustrelativierer",2020-11-16 12:43:15+00:00,0,Juden
1328065642549956610,Belinda6710,"nein ihr verfickten #Querdenker, ihr seit nicht wie Anne Frank, ihr könnt eure Kotzfressen nicht mit dem Leid der Juden im 3. Reich vergleichen. Ihr sollt nur eure verfickten Arschgesichter mit einem Stück Stoff bedecken, also haltet die Fressen ihr scheiss Holocaustrelativierer",2020-11-15 20:01:38+00:00,0,Juden
1327212082786287618,CptLeto,"Die früheren Bataclan-Eigentümer wanderten wie so viele französische Juden nach Israel aus, kurz vor dem Anschlag. Zuvor hatte es dort mehrere pro-israelische Veranstaltungen und anschließende Drohungen von Islamisten gegeben. Der Anschlag war auch antisemitisch motiviert.",2020-11-13 11:29:53+00:00,0,Juden
1326023559634882560,HRasend,In #Dresden dürfen Juden heute nicht öffentlich der Pogromnacht 38 gedenken. Wegen #Corona. Aber #Pegida darf eine Veranstaltung in der Öffentlichkeit abhalten. #AndreasKalbitz soll da sprechen. Noch Fragen? Dann diese bitte an die Politik stellen. Und die Behörden.,2020-11-10 04:47:07+00:00,0,Juden
1325880259565269002,Treselll,In #Dresden dürfen Juden heute nicht öffentlich der Pogromnacht 38 gedenken. Wegen #Corona. Aber #Pegida darf eine Veranstaltung in der Öffentlichkeit abhalten. #AndreasKalbitz soll da sprechen. Noch Fragen? Dann diese bitte an die Politik stellen. Und die Behörden.,2020-11-09 19:17:42+00:00,0,Juden
1325876857590476800,p_humm,In #Dresden dürfen Juden heute nicht öffentlich der Pogromnacht 38 gedenken. Wegen #Corona. Aber #Pegida darf eine Veranstaltung in der Öffentlichkeit abhalten. #AndreasKalbitz soll da sprechen. Noch Fragen? Dann diese bitte an die Politik stellen. Und die Behörden.,2020-11-09 19:04:11+00:00,0,Juden
1325860937241403392,AnnalNagel,In #Dresden dürfen Juden heute nicht öffentlich der Pogromnacht 38 gedenken. Wegen #Corona. Aber #Pegida darf eine Veranstaltung in der Öffentlichkeit abhalten. #AndreasKalbitz soll da sprechen. Noch Fragen? Dann diese bitte an die Politik stellen. Und die Behörden.,2020-11-09 18:00:55+00:00,0,Juden
1325824083171418112,fanprojektdo,"2/2: Auch in Dortmund wurden Synagogen zerstört. Die Pogrome markierten einen gewalttätigen Übergang zu der systematischen Verfolgung von jüdischen Menschen in Deutschland, die in der grausamen Vernichtung von 6 Millionen Jüdinnen und Juden mündete.\n\nNiemals vergessen.",2020-11-09 15:34:28+00:00,0,Juden
1325795660873003008,fuecks,"Die antisemitischen Exzesse vom #9Nov1938 waren auch ein Test, wie weit die Nationalsozialisten mit ihrer Gewaltpolitik gegenüber den Juden gehen konnten. Die weitgehende Zustimmung in Deutschland + der ausbleibende Aufschrei im Ausland ermutigten Hitler, bis zum Ende zu gehen /2",2020-11-09 13:41:32+00:00,0,Juden
1325709492378591233,HerrPanTau,"Guten Morgen.\n\nEs geschah vor 82 Jahren am 9.11.1938\n\nPogromnacht: Im Deutschen Reich kommt es reichsweit zu organisierten Übergriffen gegen Juden und jüdische Einrichtungen, bei denen unter anderem Synagogen in Brand gesteckt werden.",2020-11-09 07:59:08+00:00,0,Juden
1323607296207917057,morocologne1,"Der #Islamismus hat Christen und Juden in Europa den Krieg erklärt. Unsere Antwort muss sein, Freiheit noch stärker zu leben und IS-Sympathisanten und #Islamisten sofort abzuschieben - auch nach Syrien. Die Zeit für Multi-Kulti-Träumereien ist vorbei! #Terror #Wien",2020-11-03 12:45:45+00:00,0,Juden
1323483153596637184,Zukunftskinder,Eine Basilika in #Nizza. Eine Synagoge in #Wien. Es sind Angriffe auf Christen und Juden - und genaugenommen auf jeden von uns. #Europa muss jetzt wohl das erste Mal in seiner Geschichte tatsächlich zusammenstehen und sein Erbe verteidigen. Gott schütze die Polizei im Einsatz.,2020-11-03 04:32:27+00:00,0,Juden
1322260747632652295,DevaltoA,Karikaturen gegen Schwarze - Rassismus \nKarikaturen gegen Juden - Antisemitismus \nKarikaturen gegen Muslime - Meinungsfreiheit ? #stopmacron,2020-10-30 19:35:03+00:00,0,Juden
1322222305972572161,QaisAbuBakr,"Es waren u.a. Karikaturen die Juden entmenschtlicht haben und in der Folge zu einem der grausamsten Völkermorde der Geschichte beigetragen haben. Europäische Geschichte im Umgang mit religiösen Minderheiten, ist nicht sehr ruhmreich gewesen. \n\n#StopMacron",2020-10-30 17:02:18+00:00,1,Juden
1321913075897913345,SonayBedirhan,"Kein Gewalt im Namen gottes ! Muslime Christin juden etc.wen in Neuseeland und Norwegen in Moscheen im Namen Christi 100 von unschuldigen hingerichtet werden !..keine muslime hat christliche terror erwähn .was ich hier lese,ihr wollt krieg!! Europa ist islam:)#Nizza",2020-10-29 20:33:31+00:00,0,Juden
1319162078867972096,achojo,"Heute jährt sich zum 80. Mal der Tag der Deportation der Jüdinnen und Juden aus Baden in das Lager Gurs. \n\nDie Opfer von damals, mahnen uns für Gegenwart und Zukunft.",2020-10-22 06:22:03+00:00,0,Juden
1317627314230972423,ranknonsense,"oder krass latein buch aus der 9. de caesaris mortis mhmm brutus hat und der typ aus dem senat meinte waruum denk ich naja gleich erstmal nach hause pennen mit meiner katze an cleopatra !? ""Ellipsos bringt mir den Juden Ellipsos!!""",2020-10-18 00:43:26+00:00,0,Juden
1317155267990216705,monphenixetmoi,"Dass wir allen Ernstes darüber diskutieren, ob es in Ordnung ist, wenn sich Juden gegen Nazis engagieren, halte ich für einigermaßen wahnsinnig.",2020-10-16 17:27:42+00:00,0,Juden
1314892880134144002,hansdampf161,"Ein Zivibulle, Personenschützer des stellvertretenden Vorsitzenden des Zentralrats der Juden, traut sich in Thor-Steinar-Shirt auf eine Gedenkveranstaltung zu Halle.\n\nDas ist der Punkt, an dem wir stehen.",2020-10-10 11:37:46+00:00,0,Juden
1314299524937142272,GesuchtM,"1922: In der neuen rumänischen Fußballnationalelf spielen vor allem Ungarn, Juden und Siebenbürger Sachsen. Diese hatten den Sport bereits in der k.u.k.-Monarchie kennengelernt. Rumänische Nationalisten sind empört. Einige wollen lieber verlieren als mit Minderheiten zu gewinnen.",2020-10-08 20:19:59+00:00,0,Juden
1313455108697608195,Hatice_Ince_,"Was mich am kulturellen Gedächtnis vieler Deutsch-Deutscher wirklich fasziniert: Omma und Oppa scheinen vielen vermittelt zu haben,dass diese Deutschland noch während des 2. WK aufbauten,nicht aber,dass sie Juden ausgrenzten und ermordeten. Waren da alle Backsteine holen?",2020-10-06 12:24:35+00:00,0,Juden
1313026311661785088,GierseUli,Und er konnte seinen Anschlag in unserer Mitte verüben. Für den Schutz der Juden vor mörderischem Antisemitismus ist in Deutschland - Deutschland verantwortlich. Auch wenn der Täter vom Mars käme. Wir müssen da noch viel besser werden. 3/3,2020-10-05 08:00:42+00:00,0,Juden
1312858095748616194,mic72fis,In #Frankfurt fordern linke Antisemiten „Yalla Intifada“.\n\nIn #Hamburg verletzt ein Mann einen jungen Juden mit einem Klappspaten.\n\nIn #Marbach zündet ein Mann mehrere Häuser an und brüllt rassistische Parolen.\n\nAlles an einem Wochenende.,2020-10-04 20:52:16+00:00,0,Juden
1310538261429878786,WandNoah,"Heute ist der jüdische hohe Feiertag #JomKippur. Während wir den Jüdinnen und Juden in #Deutschland einen ruhigen Versöhnungstag wünschen, erinnern wir uns, dass letztes Jahr an Jom Kippur versucht wurde, in die #Synagoge von #Halle einzudringen.",2020-09-28 11:14:04+00:00,0,Juden
1310251364325482497,Anubis_87,"„Ist es wahr, dass bei euch Juden das Jahr 5781 begonnen hat?“\n„Ja“\n„Ich flehe Sie an, erzählen Sie mir bitte, wie das Jahr 2020 geendet hat?“",2020-09-27 16:14:03+00:00,0,Juden
1308671688343683078,jesusde,"1/* ""Ich hoffe, dass sich zahlreiche Bürgerinnen und Bürger am gemeinsamen Singen dieser Initiative beteiligen und ihre Stimmen erheben, für Einheit und Frieden.""\nDr. Josef Schuster, Präsident des Zentralrats der Juden in Deutschland",2020-09-23 07:36:59+00:00,0,Juden
1307600869450493958,dieLisebise,"Auch das Impfgegnertum ist schon von Beginn an antisemit. geprägt, was die Nazis weiter auf die Spitze getrieben haben. Schließlich brauch ein ""gesunder Volkskörper"" keine künstliche Abhärtung nur unwertes Leben (zB Juden) dieses extra Schutzes bedürfe. 2/3",2020-09-20 08:41:55+00:00,0,Juden
1307404564358926336,frumble,"Sprich, mit einer fortgesetzten Amtszeit der Trumps ist ein Massenexodus der Intelligenzia zu erwarten. Das ist strukturell vergleichbar mit der kulturellen Leerstelle, die die Juden in Nachkriegsdeutschland hinterlassen haben.",2020-09-19 19:41:53+00:00,0,Juden
1301995058103812097,szpaked,"Isaiah Berlin definierte Antisemitismus mal mit zynischen Worten: „AS ist, wenn man Juden mehr hasst als notwendig“. Darüber lachen Juden wegen der Selbstironie. Nichtjuden lachen meistens nicht. Was aber in dem Satz auch steckt: 1/",2020-09-04 21:26:26+00:00,0,Juden
1301419052221505537,7dietsch,"1943: In seiner ""Posener Rede"" spricht Heinrich Himmler offen über den Massenmord an den Juden. Und bescheinigt den Deutschen als einzigem Volk auf der Welt ""eine anständige Einstellung zum Tier"".",2020-09-03 07:17:35+00:00,0,Juden
1299718194542841856,ardenthistorian,"Und weiter: ""15 Millionen Eurer Mitbürger aus Eurem Volke sind in den letzten 20 Jahren (durch die „jüdische Schulmedizin“) umgebracht worden.“ Hamer saß mehrfach im Gefängnis - auch dahinter vermutet er eine Verschwörung ""der Juden"" um ihn zum Schweigen zu bringen.",2020-08-29 14:38:59+00:00,0,Juden
1297238008106754048,Autwachler,(2/2) Meine Solidarität gilt allen in Österreich lebenden Jüdinnen und Juden. (vdb),2020-08-22 18:23:37+00:00,0,Juden
1294165555834953728,JakobBerg55,"Und hierzu gehört nun,global betrachtet und dem Macht-Konzept des Westens entsprechend,auch die Situation der Juden,ihre forcierte Verfolgung und Diffamierung, und die Rolle des Staates Israel, welcher ""Schutz gegen Verfolgung"" bietet, welcher aber selber ständig bedroht ist.",2020-08-14 06:54:47+00:00,0,Juden
1287709355203334145,DasBonn,Am 27. Juli 1942 wurden die letzten Bonner Jüdinnen und Juden aus dem Sammellager Endenich nach Theresienstadt deportiert. Es gab nun keine jüdische Gemeinde mehr in Bonn. Von denn 466 aus dem Lager Endenich Deportierten überlebten nur acht den Holocaust.,2020-07-27 11:20:09+00:00,0,Juden
1286370337005993984,janick_klossner,"Ich war mit einem Juden, 2 Hindus und 4 Muslime in der gleiche Klasse.\nIch glaube diese Erfahrung machte mich zu einem toleranten Menschen.",2020-07-23 18:39:22+00:00,0,Juden
1285291421109563392,RushBeforeUExit,"Was in Deutschland geht:\n\nAls Avocadolf wochenlang widerwärtigste Volksverhetzung betreiben, den Juden die Schuld am Holocaust geben und gezielt mit Mordphantasien drohen.\n\nWas in Deutschland NICHT geht:\n\nAls Arzt/Ärztin Informationen über Schwangerschaftsabbrüche anbieten.",2020-07-20 19:12:09+00:00,0,Juden
1285255208742813702,RaVaDu69,"Was in Deutschland geht:\n\nAls Avocadolf wochenlang widerwärtigste Volksverhetzung betreiben, den Juden die Schuld am Holocaust geben und gezielt mit Mordphantasien drohen.\n\nWas in Deutschland NICHT geht:\n\nAls Arzt/Ärztin Informationen über Schwangerschaftsabbrüche anbieten.",2020-07-20 16:48:15+00:00,0,Juden
1284820318947815425,Das_war_damals,Heute vor 70 Jahren - 1950 – Der Zentralrat der Juden in Deutschland wird fünf Jahre nach Ende des Holocaust in #Frankfurt am Main gegründet.,2020-07-19 12:00:09+00:00,0,Juden
1278659170762448897,William12916451,Nationalsozialisten und Internationalsozialisten kommen zum selben Ergebnis: Die Juden sind schuld am Antisemitismus.,2020-07-02 11:57:57+00:00,0,Juden
1276818714344804352,konosocio,"""Es gibt ja ... bei den Juden so eine Art Monopol auf das Opfer. Das weiß ich deswegen, weil ich Reinhard heiße, und möglicherweise bin ich von Haus aus Zigeuner.""\n\nWas soll das bedeuten? Was hat Wolfgang Reinhards Nachname damit zu tun? Warum fragen Interviewer da nicht nach?",2020-06-27 10:04:38+00:00,0,Juden
1275108587568857098,Whity1111,"wie #seehofer finde auch ich die taz-kolumne daneben.\n\nkann ich dann jetzt auch mit klagen gegen\nhildmann: juden schuld am holocaust\ngauland: vogelschiss\nund jeden anderen rechnen, der sich geschichtsrevisionistisch, beleidigend, drohend, rassistisch äußert? toll! #pressefreiheit",2020-06-22 16:49:12+00:00,0,Juden
1275058874995945473,smnflt,"Höcke fordert Massendeportationen in seinem Buch, Hildmann gibt Juden die Schuld am Holocaust, in den AfD-Gruppen wird täglich der Tod von Merkel und Co gefordert, aber wenn mal die taz ne schlechte Satire gegen die Polizei raushaut, muss #Seehofer persönlich einschreiten...",2020-06-22 13:31:39+00:00,0,Juden
1275010426607108100,hoovooloo,"Höcke fordert Massendeportationen in seinem Buch, Hildmann gibt Juden die Schuld am Holocaust, in den AfD-Gruppen wird täglich der Tod von Merkel und Co gefordert, aber wenn mal die taz ne schlechte Satire gegen die Polizei raushaut, muss #Seehofer persönlich einschreiten...",2020-06-22 10:19:08+00:00,0,Juden
1274985285114302467,FinalcloudS,"Mich interessiert, auf wessen Seite die Mehrheit stünde, wenn der TAZ Artikel auf diese Weise über Migranten/Juden/Frauen geschrieben worden wäre.\nWäre dann bestimmt auch nur Satire und #Pressefreiheit.\nDer Doppelstandard stinkt aus allen Poren. \n#SeehoferRuecktritt #Seehofer",2020-06-22 08:39:14+00:00,0,Juden
1274979043549552640,christianlotz95,"Höcke fordert Massendeportationen in seinem Buch, Hildmann gibt Juden die Schuld am Holocaust, in den AfD-Gruppen wird täglich der Tod von Merkel und Co gefordert, aber wenn mal die taz ne schlechte Satire gegen die Polizei raushaut, muss #Seehofer persönlich einschreiten...",2020-06-22 08:14:26+00:00,0,Juden
1274930970521673728,Meduesel,"Höcke fordert Massendeportationen in seinem Buch, Hildmann gibt Juden die Schuld am Holocaust, in den AfD-Gruppen wird täglich der Tod von Merkel und Co gefordert, aber wenn mal die taz ne schlechte Satire gegen die Polizei raushaut, muss #Seehofer persönlich einschreiten...",2020-06-22 05:03:25+00:00,0,Juden
1274230963850088448,p_maureen,"Trump postet Nazi-Symbole, #AttilaHildmann beschuldigt Juden und verteidigt Hitler, immer mehr der AfD wird als rechtsextrem überwacht... Aber wir habem das größte Problem mit Linksextremismus, weil in der taz eine misslungene Kolumne veröffentlicht wurde...",2020-06-20 06:41:50+00:00,0,Juden
1273950632932671488,T1mMart1n1,"Trump postet Nazi-Symbole, #AttilaHildmann beschuldigt Juden und verteidigt Hitler, immer mehr der AfD wird als rechtsextrem überwacht... Aber wir habem das größte Problem mit Linksextremismus, weil in der taz eine misslungene Kolumne veröffentlicht wurde...",2020-06-19 12:07:54+00:00,0,Juden
1261586675773431808,schoensteiner,"#NZZ\nNicht alle der aus arabischen Staaen geflohenen Juden gingen nach Israel,aber 600 000\nDie Geschichte ihrer Vertreibung ist \ndie Geschichte 1 einmaligen Integrationsleistung,die zusammen mit den Fluchtbewegungen aus Europa in Israel zum Bevölkerungsanstieg von etwa 120 %führt",2020-05-16 09:17:57+00:00,0,Juden
1255739825958924289,MonaFlaskamp,"Die #Hisbollah hat immer wieder betont, dass sie Israel und alle Jüdinnen und Juden vernichten will. Mit dem heutigen #HisbollahVerbot zeigt die Bundesregierung, dass sie den Kampf gegen #Antisemitismus ernst nimmt. Eine sehr gute Entscheidung!",2020-04-30 06:04:39+00:00,0,Juden
1251233225911009281,KarinGeldenbott,Während der #Pestepidemie im 14. Jahrhundert wurden Juden in #Frankreich für die Seuche verantwortlich gemacht zu Tausenden umgebracht. Heute kursieren Karikaturen wie die jüdische ehemalige französische Gesundheitsministerin Agnes Buzyn Brunnen vergiftet. #Antisemitismus,2020-04-17 19:37:02+00:00,0,Juden
1250086916768309250,EliyahHavemann,"Ich werde in Solidarität mit allen Juden weltweit, die bis Samstag Abend kein Chametz essen dürfen auch nur Koscher für Pessach essen bis dahin. \n\nSpaaaaaaß! Natürlich gibt es morgen Abend wieder Brot, Nudeln, Bier, etc!",2020-04-14 15:42:01+00:00,0,Juden
1248524051557036032,xxMercerxx,Das sind ja Methoden wie damals im 3.Reich. Das haben die Nazis damals auch gemacht bei den Juden.,2020-04-10 08:11:45+00:00,0,Juden
1247911119097860096,HenrietteReker,"Heute beginnt für Jüdinnen und Juden auf der ganzen Welt das Pessachfest, das an die Befreiung der Israeliten aus der Sklaverei erinnert. Trotz der Corona-bedingten Einschränkungen wünsche ich allen Kölnerinnen und Kölnern jüdischen Glaubens von Herzen Pessach Sameach! HR",2020-04-08 15:36:10+00:00,0,Juden
1246449724120600577,Hase_Zwo,"Würde sich etwas gründen, das gegen geltendes Recht verstößt, Frauen das halbe Stimmrecht gibt, Juden und Homosexuelle ausschließt und Aussteiger mit dem Tod bedroht, würde dies keiner tolerieren. Als Religion verkleidet, lässt uns diese Ideologie aber kritiklos werden. #Neukölln",2020-04-04 14:49:06+00:00,0,Juden
1232294737056616450,Commander_KEEN_,Ist Belgien noch sicher für Juden oder eine #NoGoArea? Frage für mich. #aalstcarnival,2020-02-25 13:22:14+00:00,0,Juden
1232285604446162947,EliyahHavemann,Ist Belgien noch sicher für Juden oder eine #NoGoArea? Frage für mich. #aalstcarnival,2020-02-25 12:45:57+00:00,0,Juden
1223072061536571395,JrgenWollenhau4,"Seit Jahrzehnten werden die arabischen Terroristen aus Ramallah und Gaza für ihre Versuche, Juden und #Israel auszulöschen, belohnt, hofiert und verhätschelt.\n\n#Trump bietet den Arabern Wohlstand, Staat, Frieden—aber ihr Terror muss aufhören.\n\nAbsolut richtig.\n\n#DealOfTheCentury",2020-01-31 02:34:37+00:00,0,Juden
1222586768786063362,MoritzMichelson,"Juden leben seit Jahrtausenden in #Jerusalem, #Israel.\n\nSiehe auch römische und christliche Geschichte.\n\nErst über 600 Jahre nach Christus entstanden Araber/Islam auf der arabischen Halbinsel.\n\nEs waren Araber, die von dort aus eroberten und kolonisierten.\n\n#Antisemitismus #Trump",2020-01-29 18:26:14+00:00,0,Juden
1222525778581172229,LanthGhost,"""Dass es nie wieder passiere"" bedeutet nicht: ""dass es den Juden nie wieder passiere"". Es bedeutet: ""Dass es niemandem wieder passiere"". Niemandem. Durch niemanden. Reißt euch zusammen, Emailschreiber.",2020-01-29 14:23:53+00:00,0,Juden
1222274181796179969,HasnainKazim,"...Facebook formuliert: ""Es geht Merz damit nicht um die Erinnerung an das Leid von Juden, sondern um die Abwertung von Menschen, die von ihm heute als geschlossene Gruppe markiert werden: Menschen, die als Geflüchtete nach Deutschland kommen.""\n\nEs gehe letztlich immer um...",2020-01-28 21:44:08+00:00,0,Juden
1222217940151328769,anina41632224,"Ich glaube auch nicht, dass die Juden in Israel eher Angst davor haben, dass Deutsche sie in die Luft sprengen, als dass Islamisten das tun.\n\nDas nur nebenbei...\n\n#Amthor",2020-01-28 18:00:39+00:00,0,Juden
1221927660785471488,AurelLkts,"Es war nicht Adolf Hitler allein, der rund sechs Millionen Juden getötet hat. Es waren auch Tausende, die verhaftet, geschlagen, gemordet haben. Und Millionen, die gafften, applaudierten - und vor allem: schwiegen. Das sollten wir niemals vergessen. #NieWieder",2020-01-27 22:47:11+00:00,0,Juden
1221923715618889728,vonneudeck,"1945/46: Bei den Nürnberger Prozessen behauptete Julius Streicher, nichts vom Massenmord der Juden gewusst zu haben. Auf die Frage, warum er denn im „Stürmer“ ihre Vernichtung gefordert habe, erwiderte er, er habe mit „Vernichtung“ etwas anderes gemeint.",2020-01-27 22:31:30+00:00,0,Juden
1221836245921419272,luuannlu,"Es war nicht Adolf Hitler allein, der rund sechs Millionen Juden getötet hat. Es waren auch Tausende, die verhaftet, geschlagen, gemordet haben. Und Millionen, die gafften, applaudierten - und vor allem: schwiegen. Das sollten wir niemals vergessen. #NieWieder",2020-01-27 16:43:56+00:00,0,Juden
1221807386182242305,Ali_Methews,"Reminder zum 75. Jubiläum der Befreiung von Auschwitz: dieser Tag ist kein Geburtstag. Lebendige Juden* sind keine Geschenke für Deutschland. Sondern wenn überhaupt die Torten, die euch ins Gesicht klatschen.\n\n#desintegrierteuch #27januar #gedächtnistheater",2020-01-27 14:49:15+00:00,0,Juden
1221352786941612032,SusanneSpaun,"André Trocme,prot.Pfarrer von Le Chambon-sur Lignon überzeugte seine Gemeinde den Juden zu helfen.\nUnd das taten sie - auch nach der Verhaftung und des gez.Untertauchens von Trocme und retteten so ca. 5000 Juden vor der Deportation.",2020-01-26 08:42:50+00:00,0,Juden
1220587042121441280,jaquearnoux,"Heydrich war einer der Hauptverantwortlichen für die Massenvernichtung der Juden in Europa. Seine SS-Mordmaschine, die er persönlich aufgestellt hatte, funktionierte über seinen Tod hinaus. Er war ein perfekter Massenmörder.",2020-01-24 06:00:02+00:00,0,Juden
1220489106792308742,KatarinaBarIey,"Wenn es um Israel/Juden/Antisemitismus geht, ist man von deutschen Journalisten ja viel gewöhnt. Aber dieser Kommentar einer ARD-Korrespondentin zum Gedenktag der Auschwitz-Befreiung sprengt wirklich alles. 1/5",2020-01-23 23:30:53+00:00,0,Juden
1220353636653551618,eurasien3,#Steinmeier hält Hassrede in Yad Washem. Die „Juden in der AfD“ wären antisemitisch und stunden für das Böse des Holocaust. \n\n #Auschwitz,2020-01-23 14:32:34+00:00,0,Juden
1220125626721558528,JenomProsty2016,"Zwei Fakten zu #Israel:\n\nIn #Israel leben seit tausenden Jahren Juden. Erst 600 Jahre nach Christus entstanden Araber/Islam auf der arab. Halbinsel. Palästina ist kein arab. Wort.\n\n#Israel akzeptierte 1948 zwei Staaten. Araber lehnten ab, da sie alles wollten: Israel auslöschen.",2020-01-22 23:26:32+00:00,0,Juden
1219509608852619264,eisioriginal,"Heute vor 78 Jahren beriet die Naziregierung auf der #Wannseekonferenz, wie man elf Millionen Jüdinnen und Juden ermorden sollte. Nicht nur der Beschluss schockiert, sondern auch wie bereitwillig er von vielen umgesetzt wurde.\n\nIn allem, was wir tun, muss klar sein: nie wieder.",2020-01-21 06:38:42+00:00,0,Juden
1219312403596369921,blocksb1,"Heute vor 78 Jahren beriet die Naziregierung auf der #Wannseekonferenz, wie man elf Millionen Jüdinnen und Juden ermorden sollte. Nicht nur der Beschluss schockiert, sondern auch wie bereitwillig er von vielen umgesetzt wurde.\n\nIn allem, was wir tun, muss klar sein: nie wieder.",2020-01-20 17:35:05+00:00,0,Juden
1215747162564431872,AdolesPunchback,"Das Problem ist dass wir drei Hitler, Mengels, Sophia die Riege bilden und das anerkannt als erstklassige Juden die sich nichts zu schulden lassen kommen haben ich gerne solcher richtiger Nazi und zutreffend für passend finde dieses L02 als Resultat von Deiner Mitgeschliffenheit",2020-01-10 21:28:05+00:00,0,Juden
1313376462221778945,polasarah,"Na, wer im Land der Einzelfälle mag denn heute Antisemitismus relativieren, von Angriffen auf Juden*Jüdinnen ganz furchtbar erschrocken und überrascht sein, sie ""auf uns alle"" beziehen und am Ende des Tages gar nichts tun?",2020-10-06 07:12:04+00:00,0,Juden
1320424694374420484,DukDaffe,Terromord an der FranzösischeLehrer! Ich Fragte mich warum muss diese Wunderschöne Friedenabkommen in NaOsten zwischen Christen Juden Muslims wegen Charlie Hebdos MohammedKarikaturen zerstört werden? Ein Tag lang habe ich über diese Themen gedacht ohne mich an den Lehrer zudecken,2020-10-25 17:59:14+00:00,0,Juden
1329605103943360512,AntifaNordsachs,Insbesondere Juden galten für die Nationalsozialisten als schlimmste Feinde. Schon in Hitlers Buch Mein Kampf wurden sie als „Volksverderber“ oder „Reichsfeinde“ gebrandmarkt und bereits kurz nachdem die Nationalsozialisten an die Macht gekommen waren drangsaliert und verfolgt.,2020-11-20 01:58:54+00:00,0,Juden
1333060750903037952,JuliaStallinger,"Querdenken will am 27. Januar, zum Jahrestag der Befreiung, einen Schweigemarsch in Auschwitz machen. Leute, die hinter “den Zionisten” das große Böse sehen und sich selbst als “die neuen Juden” betiteln, wollen in Auschwitz marschieren. Wie viel Pietätlosigkeit geht eigentlich?",2020-11-29 14:50:24+00:00,0,Juden
1305471052915539974,Infidel_Turk,"Es gibt wahrscheinlich Leben auf der #Venus. Frage mich jetzt wie Christen, Moslems und Juden das erklären wollen.",2020-09-14 11:38:48+00:00,0,Juden
1298779917295943681,Cand_Ing_Roeck,"Wir Alt-Linke pissen auf den islamophilen, judenfeindlichen JuSo-Dreck! Der BDS (Boycott Divestment Sanctions), stand mit Transparenten ""Kauft kein israel. Gemüse"" neben türk. Gemüsehändlern! Umsatzeinbußen, ihnenegal, Hauptsache-es ging gegen Juden! Attac, Indymedia freuts!",2020-08-27 00:30:37+00:00,0,Juden
1432200890413371394,AegisBridge,"Sollte die Info, dass ab Mittwoch in Israel alle 2-fach Geimpften nicht mehr als Geimpfte gelten, richtig sein, bedeutet das was für Sie, bezüglich Impfung?",2021-08-30 04:37:55+00:00,0,Israel
1431939177671806979,Xsara77060524,"#Israel hatte gestern mehr als 11.000 neue Infektionen an einem Tag. \nDas ist der höchste Wert jemals seit Pandemiebeginn. \nIn dem Land sind mehr als 80% geimpft, \nmehr als 20% haben bereits ihre Drittimpfung. \n#coronavirus",2021-08-29 11:17:58+00:00,0,Israel
1430985828839350274,PeterDroegemeie,"so geführt würde. Selbst Israel erkennt Jüd*innen, die ""nur"" einen jüdischen Vater haben als Jüd*innen an und lässt sie aliyah machen. In jedem anderem Land ist die Frage nicht OB Du jüdische bist, wenn Du ein Jüdisches Elternteil hast, denn klar bist Du das, sondern ""nur""",2021-08-26 20:09:42+00:00,0,Israel
1428454225319710720,TrickCGN,"In Israel wird beim #Blutspenden bald kein Unterschied mehr gemacht bei der sexuellen Orientierung. Der Gesundheitsminister des Landes sagte, dass das faktische Spende-Verbot für schwule Männer aufgehoben wird – er nannte die Regel ein Relikt aus der Vergangenheit.",2021-08-19 20:30:01+00:00,0,Israel
1424953491160805376,HwKlei1,"Wär interessant, die Daten von UK und Israel wissenschaftlich zu untersuchen: Die einen sind fast nur mit AstraZeneca geimpft, die andern nur mit BioNtech. Im UK sind die Maßnahmen praktisch weg, Israel will 3.Impfung, weil massive Anstiege der Infizierten-Zahlen. Woran liegt’s?",2021-08-10 04:39:21+00:00,0,Israel
1420439470302797831,Mike_9Cole,"Wir können hier alle täglich nachweisen, dass es nie einen Grund für die Corona-Maßnahmen gab, Studien zu #UK, #Israel, #Schweden #Texas teilen, #DIVIGate und #PCRGATE beleuchten, #Lauterbachs Lügen aufzeigen - es interessiert die 80 % kein Stück. Die wollen das alles genau so!",2021-07-28 17:42:14+00:00,0,Israel
1420171257757192197,GabySpronz,"Zu Existenzrecht Israels sagt Nirit Sommerfeld, Mitglied der JS:\n""Ich begreife das Land zwischen dem Fluss und dem Meer als Palästina, als kolonisiertes Land""\nDies Bedeutet: Israel muss vernichtet werden.\nText veröffentlicht auf der Seite der JS",2021-07-27 23:56:28+00:00,0,Israel
1419724931059916805,RaimundRaimund,"Wie kam es zu den jüngsten Wellen in UK und Israel?\n\nNa, bei Delta wirkt die Impfung nicht so.\n\nUnd was bedeutet das für Deutschland, wo Delta inzwischen dominiert?\n\nWir müssen alle durchimpfen!",2021-07-26 18:22:55+00:00,0,Israel
1419317472587567113,jennylu1817,"Wie lang Geimpfte – einiges spricht dafür, dass sie kürzer infektiös sind – ansteckend sind, wissen wir noch nicht. Trotzdem sind Geimpfte natürlich weiterhin viel stärker vor Ansteckung geschützt als Ungeimpfte. Selbst, wenn die 39% aus Israel stimmen. Ungeimpfte werden sich",2021-07-25 15:23:49+00:00,0,Israel
1417878589056425986,gkamplin,"Die New Yorker Supermarktkette Season reagiert.\n\n„Seasons hat alle Ben and Jerry's Produkte aus allen seinen Filialen entfernt, als Folge der Entscheidung des Eisherstellers, den Verkauf in Teilen Israels einzustellen. Wir stehen zu Israel. Immer."" Wann folgen #REWE, #EDEKA?",2021-07-21 16:06:13+00:00,0,Israel
1415640351331819522,coronamythen,"Die neuesten Aussagen von Sucharit #Bhakdi sind kein Einzelfall. Zentrale Personen des verschwörungsideologischen Mileus fallen immer wieder mit antisemitischen Aussagen auf. So suggerierte #BodoSchiffmann, bereits im Januar, dass in Israel ein neuer Holocaust stattfinden würde.",2021-07-15 11:52:15+00:00,0,Israel
1415637426177970179,snoopy120364,"Heute wurde Dr. Salman Zarka von der israelischen Regierung zum neuen nationalen Pandemie-Manager ernannt. Mazal tov!\nBis 2014 war er einer der ranghöchsten Ärzte der Armee. Dr. Zarka ist muslimischer Beduine.\nMal schauen, was die ""Israel=Apartheid""-Bubble mit der Info macht.",2021-07-15 11:40:38+00:00,0,Israel
1412398727151632395,lpunktbpunkt,"Ich muss euch leider den Abend vermiesen.\n\nEine neue Studie in Israel hat gezeigt, dass die BionTech/Pfizer Impfung von der Wirksamkeit von 94% auf 64% bei #Delta gesunken ist.\n\nDas erklärt, warum in Israel die Zahlen steigen.\n\nMan prüft, ob eine dritte Impfung sinnvoll wäre.",2021-07-06 13:11:12+00:00,0,Israel
1412312355053187072,_JunAle_,"Ich muss euch leider den Abend vermiesen.\n\nEine neue Studie in Israel hat gezeigt, dass die BionTech/Pfizer Impfung von der Wirksamkeit von 94% auf 64% bei #Delta gesunken ist.\n\nDas erklärt, warum in Israel die Zahlen steigen.\n\nMan prüft, ob eine dritte Impfung sinnvoll wäre.",2021-07-06 07:27:59+00:00,0,Israel
1412231214577209354,ruhrpottdigital,"Ich muss euch leider den Abend vermiesen.\n\nEine neue Studie in Israel hat gezeigt, dass die BionTech/Pfizer Impfung von der Wirksamkeit von 94% auf 64% bei #Delta gesunken ist.\n\nDas erklärt, warum in Israel die Zahlen steigen.\n\nMan prüft, ob eine dritte Impfung sinnvoll wäre.",2021-07-06 02:05:34+00:00,0,Israel
1410155974955044870,Schnuckell,"Australien: Oh, Mist, wir müssen Sydney abriegeln.\n\nIsrael: Shit, wir müssen die Masken wieder einführen.\n\nEuropa: Geil, Fußball-EM … kommt macht die Stadien voll!\n\nKann mir das nochmal jemand erklären?",2021-06-30 08:39:18+00:00,0,Israel
1409893574787964928,mkrpooh,"lieber #benjamin #bennett, #israel kann sein #kriegsspielzeug für sich behalten - weder #angelamerkel noch #markussoeder noch #annegret #karrenbauer planen momentan die #rückeroberung von #ostpreussen oder dem #sudetenland!. #sz #faz #zeit #nzz #spiegelonline",2021-06-29 15:16:37+00:00,0,Israel
1407250584252657665,MoHotSauce,Almans wollen dass die Allianz Arena in #Regenbogenfarben leuchtet um ein Zeichen zu setzen gegen die rechtsextreme Regierung in Ungarn. Gleichzeitig unterstützt man und solidarisiert sich seit Jahrzehnten mit einer ultrarechten Regierung in Israel.,2021-06-22 08:14:19+00:00,0,Israel
1407140486012342276,Hallaschka_HH,"#Raisi = ""konservativ"", ""erzkonservativ"", ""ultrakonservativ""\n#Rohani: ""moderat"", ""gemäßigt""\n\n#Bennett = ""ultrarechts"", ""Rechtsaußen"", ""rechtsradikal"", ""nationalistisch""\n\nDeutsche Medien und ihre Adjektiv-Schwäche in Nahost – weiß man da Genaueres? Ja, weiß man.\n\n#Iran #Israel",2021-06-22 00:56:49+00:00,0,Israel
1402589632173416454,wimbimbim,Followerpower.\nIch suche einen Kontakt zur Uni Kiel für ein innovatives Projekt mit Israel.,2021-06-09 11:33:21+00:00,0,Israel
1401762668915171330,xxMercerxx,"WENN DIE PALÄSTINENSER die Waffen niederlegen,wird es zu besseren wirtschaftlichen Beziehungen, Aufbau von Vertrauen und letztendlich Frieden zwischen Israel den Palästinensern kommen. \nWENN ISRAEL jedoch die Waffen niederlegt, wird es vernichtet und von der Weltkarte gelöscht.",2021-06-07 04:47:18+00:00,0,Israel
1400870141508915206,JaneBond007_,"3/3: Meine Kritiker b. d. #Gruenen , #fridaysforfurture u. im öffentlich-rechtlichen Fernsehen fordere ich auf, sich so klar zum Recht #Israel|s auf Selbstverteidigung zu bekennen, wie ich es tue. Dazu gehört insbes. d. scharfe Abgrenzung von d. antisemitischen BDS-Bewegung.",2021-06-04 17:40:43+00:00,0,Israel
1400365720081506305,StefanWegner7,"Geil...Israel bildet Acht(!!)-Parteien-Parlament!...das sind ja fast deutsche Verhältnisse, hier tun sich notfalls ja auch alle Parteien, auch wenn sie sich spinnefeind sind,zusammen, nur um die AFD auszubremsen...",2021-06-03 08:16:19+00:00,0,Israel
1398286298100731905,Huggy54MG,Wievielen Israel-Hasser wurde das Konto gekündigt?\nWievielen Kinderschänder wurde das Konto gekündigt?\nWievielen der korrupten Politiker wurde das Konto gekündigt? \nWievielen Linksextremisten wurde das Konto gekündigt? \n\n#Reitschuster,2021-05-28 14:33:27+00:00,0,Israel
1397107357814034432,Luivar67,"“Israel is going back to normal”. Beendigung fast aller Corona-Maßnahmen ab 1. Juni; auch für Nicht-""Geimpfte""\nHier gehen Angstmache + Drangsalierung der Bevölkerung dagegen ungebremst weiter. Ende nicht absehbar. Vielmehr soll ""epidemische Notlage"" weiter verlängert werden.1/2",2021-05-25 08:28:45+00:00,0,Israel
1395854886424694789,ZimmermannUwe,"Die Debatte über Israel/Palästina ist weiterhin stark polarisiert, mit Falschinformation aus verschiedenen Richtungen. Hier sind 10 harte Fakten von uns bei Human Rights Watch, gepaart mit einigen Tipps für alle, denen Menschenrechte am Herzen liegen:",2021-05-21 21:31:53+00:00,0,Israel
1395761646442799106,samiriranee,Yair Golan als Gast bei i24: D iranische Atomprogramm ist ein nationale Frage für d Land ... Netanjahu gefährdete d Sicherheit Israel um seine politische Interessen durch zu setzen ... israelisch-arabische Kooperation mit Golfstaaten gegen Iran.\nWird Golan international gesucht?,2021-05-21 15:21:23+00:00,0,Israel
1395285288109363200,DrFrybird,"Bislang in Israel festgenommen wegen Gewaltdelikten in den letzten Tagen wurden 170 Menschen, davon 155 Palästinenser:innen. Wegen anti-palästinensischer Gewalt festgenommen wurden nur 3 Israelis, allerdings nur weil sie vor laufenden Live-Kameras einen Palästinenser lynchten.",2021-05-20 07:48:30+00:00,0,Israel
1395250826290020359,ano04188476,"Ja, Deutschland muss mit Israel stehen und wird es immer müssen. Der einzige jüdische Staat der Welt ist als Folge der Vernichtung von sechs Millionen Jüdinnen und Juden entstanden und ist Zufluchtsort für alle jüdischen Menschen. Diese Verantwortung trägt Deutschland für immer.",2021-05-20 05:31:34+00:00,0,Israel
1395009152930484226,greekphase,"Unser Red Alert zeigt an, dass gerade zum ersten Mal Raketen in die Galilee Umgebung fliegen, auch nach Acco, wo das Restaurant von Uri Buri angezündet wurde. #israel",2021-05-19 13:31:14+00:00,0,Israel
1394968542676652032,dramidoc,und Gottesdienste (egal ob muslimisch oder chritslich) sind wegen der Ausgangssperren unmöglich.\nIn Israel kommt man als Muslim und Palästinenser keinen Job in Führungspositionen und bei der Wohnungssuche wird man auch benachteiligt.\nIch bin heilfroh kein Palästinenser sein zu.,2021-05-19 10:49:52+00:00,0,Israel
1394903475151048704,pathifayer,"40% der Deutschen stimmen der Aussage zu „Bei der Politik, die Israel macht, kann ich gut verstehen, dass man etwas gegen Juden hat“. Aber klar: Für die #CDU und #Springer ist das deutsche Antisemitismusproblem ein per Migration eingewandertes.\n#Antisemitismus #Laschet",2021-05-19 06:31:19+00:00,0,Israel
1394618949338386433,WholePicture_,Präsident Biden genehmigt Waffenverkauf von 735 Mio.Dollar an Israel.Ein verhängnisvolles Signal. So fördert man Krieg.Nicht Frieden. Biden war noch nie Friedenspolitiker.,2021-05-18 11:40:42+00:00,0,Israel
1394613032379199488,Rebedj1965,"""SPD fordert mehr deutsche Mitsprache in Israel"" steht seit gestern im Raum und ist peinlich bis ins Mark. Diese Arroganz dürfte sich Deutschland nicht einmal gegenüber dem Saarland erlauben. Die SPD kann nicht einmal das Legoland verwalten, was, bitte, will sie in Nahost?",2021-05-18 11:17:12+00:00,0,Israel
1394552087351119874,JaneBond007_,"Wer gerade jetzt #haltdieFresseSpringerPresse trendet, in Zeiten, in denen genau dieses Medienhaus massiv von Antisemiten angefeindet wird, in Zeiten, in denen genau solche Medien eine klare demokratische Haltung zu Israel zeigen, der verbündet sich mit den Feinden der Demokratie",2021-05-18 07:15:01+00:00,0,Israel
1394351265807749128,AngrrryBert,"Die Angriffe der Hamas auf Israel sind entfesselter eliminatorischer Antisemitismus.\n\nUm das zu erkennen und so zu verurteilen, muss man nicht den Konflikt verstehen, sondern nur die Charta der Hamas oder die Verlautbarungen ihrer Anführer zur Kenntnis nehmen.\n\nDas kann jede:r.",2021-05-17 17:57:02+00:00,0,Israel
1394346281250824192,GirkeHanjo,"Ich war auf meiner, zum größten Teil muslimisch geprägten, Grundschule(!) der „Scheiß Jude“ und wurde angespuckt, weil ich im Religionsunterricht ein Referat über das Judentum gehalten habe... \n\nIn Deutschland ein Tabu-Thema darüber zu sprechen.. \n\n#Antisemitismus #Israel #BRD",2021-05-17 17:37:13+00:00,0,Israel
1394295808435097605,afnanalnobani,"Antizionist zu sein bedeutet nicht antisemetisch. Es bedeutet, dass Sie mit der Wahrheit stehen.\nIsrael ist antisemitisch!!! \n#GazaUnderAttak #Gaza #PalestineUnderAttack",2021-05-17 14:16:40+00:00,1,Israel
1393539946938519552,KalleKaeptn,14:10 – „Wie sind nicht gegen Juden“ jetzt als Sprechchor bei der pro-palästinensischen Kundgebung. Aber: „Wir sind gegen Israel“. #le1505,2021-05-15 12:13:08+00:00,0,Israel
1393537193700888576,GenevaSoccer,"Die Menge an Langstreckeraketen der Hamas erstaunen in Israel viele. \nWas mich in solchen Situationen immer wütend zurücklässt: Wie hat man als Hamas Geld für Tunnels, Raketen, aber weder für Bunker, noch für Impfstoff.",2021-05-15 12:02:12+00:00,0,Israel
1393495394580107264,pachtyan,Eben wurden 5-6 paläst. Kinder der Familie Hatab am Strand von #Gaza von einer isr. Rakete getötet. Ihre Körper liegen unter den Trümmern ihres Hauses. Die Bilder teile ich nicht- schlimmer Anblick #GazaUnderAttack #Israel #Palestine,2021-05-15 09:16:06+00:00,0,Israel
1393457812764774401,TrudeSagmeister,"Die Nachrichten aus Israel sind erschütternd, ich wünsche beiden Seiten, Juden UND Palästinensern, endlich Frieden. Und die israelische Fahne auf unserem Regierungsgebäude halte ich für völlig daneben. Eine weitere Wichtigtuerei und ausserdem politische Ahnungslosigkeit von Kurz.",2021-05-15 06:46:46+00:00,0,Israel
1393359513525366786,kendihaliiindee,"Memo an jeden, der das hier liest:\n\nMan wird nicht zum Antisemit, wenn man zugibt, dass Israel einen Völkermord ausübt. Man wird auch nicht zum Moslem, wenn man Palästina unterstützt. Man wird einfach nur menschlich und ehrlich. \n\n#GazaUnderAttack #IsraelPalestine\n#HearGaza",2021-05-15 00:16:10+00:00,1,Israel
1393135824007581702,HeinrichsAnna,"Überall werden die Sicherheitsvorkehrungen für jüdische Einrichtungen verschärft. Es gab Attacken auf Synagogen, brennende Israel-Fahnen. Arabische Sprechchöre, in denen Juden mit dem Tod gedroht wird. Ich bin nicht bereit, das als multikulturellen Kollateralschaden hinzunehmen.",2021-05-14 09:27:18+00:00,0,Israel
1393129362615115779,saracenwelch,"Während Israel sich um die Ausrottung der Palästinenser kümmert, werden Mann, Frau und Kind ...\nWo ist deutschland\nDu hast geschworen, niemals zu vergessen, niemals einen weiteren Holocaust zuzulassen.\nWo bist du Ehre und Mut, #Deutschland?",2021-05-14 09:01:37+00:00,1,Israel
1393039640492486656,SoheilaHamidi,Palästinenser als Opfer und Israel als Täter darzustellen ist antisemitisch.,2021-05-14 03:05:06+00:00,0,Israel
1392979497549447169,lennart_rixen,"Israel marschiert also in Gaza ein. Scheint tatsächlich, als hätte die Hamas ihr Spiel einmal zu oft gespielt. Hoffentlich endet der Terror.\n\nGute Nacht.",2021-05-13 23:06:07+00:00,0,Israel
1392953721697484806,AntjeHermenau,"Israel weiß: Müsste es sich auf Deutschland verlassen, wäre es verlassen.",2021-05-13 21:23:41+00:00,0,Israel
1392891491127803906,OskardfrdlPoliz,"Wenn Israel angegriffen wird, ist das keine ""Gewaltspirale"", kein ""Pulverfass"", kein ""Schlagabtausch"", sondern ein Angriff auf Israel.",2021-05-13 17:16:24+00:00,0,Israel
1392866398293135363,fraumerkek,"Offener #Judenhass in Münster, Bonn, Düsseldorf, Hannover, Gelsenkirchen, Berlin..Viele Jüdische Menschen haben Angst an diesem #Shabbat in die #Synagoge oder am Wochenende in die Innenstadt zu gehen. Den Hass auf #Israel kriegen #Juden als #Antisemitismus auch in zu spüren!",2021-05-13 15:36:42+00:00,0,Israel
1392864890214301699,habdieschnauze1,"Israel hat schon ganz andere Herausforderungen bestanden.\nDas Problem sind die Judenhasser, die wir, getarnt als Flüchtling, in unser Land schaufeln (2 Mio seit 2015, Merkel sei Dank).",2021-05-13 15:30:42+00:00,0,Israel
1392854482904621058,kira_nunh,"Wir befinden uns mitten im Bilder-, Video- u Propagandakrieg des Nahostkonflikts. Entkontextualisierte, alte Videos, inszenierte Fotos, zynische Memes. Die extreme Rechte wird auf beiden Seiten bald einsteigen. Es geht ihnen nicht um d Menschen, weder in Palästina noch in Israel.",2021-05-13 14:49:21+00:00,0,Israel
1392798412962140162,wien_zehn,"Wer Anti-Israel-Demos in deutschen Städten toleriert, sollte das Wort von der ""wehrhaften Demokratie"" nie wieder verwenden. Und das ""Nie wieder!"" auch nicht.",2021-05-13 11:06:33+00:00,0,Israel
1392772506877153281,dutypo,"Wir befinden uns mitten im Bilder-, Video- u Propagandakrieg des Nahostkonflikts. Entkontextualisierte, alte Videos, inszenierte Fotos, zynische Memes. Die extreme Rechte wird auf beiden Seiten bald einsteigen. Es geht ihnen nicht um d Menschen, weder in Palästina noch in Israel.",2021-05-13 09:23:36+00:00,0,Israel
1392751232150904832,haase_rudiger,"Leider bringt jede angespannte Sitution in Israel zur Bedrohung für Jüdinnen_Juden hierzulande. Die sich häufenden Beratungsanfragen zeigen jetzt schon, dass Menschen hier stellvertretend angegriffen werden. OFEK bleibt auch über Feiertage erreichbar. #Antisemitismus",2021-05-13 07:59:04+00:00,0,Israel
1392405161771995141,AziramSakraf,"DRINGENDE FRAGE!\nWie kann es sein, dass die palästinensische Führung in Gaza in Besitz von Tausenden Raketen ist, die sie auf Israel abfeuert, aber angeblich kein Geld für Impfungen gegen Covid hat, um die eigenen Leute zu versorgen?",2021-05-12 09:03:54+00:00,0,Israel
1392329566568554499,BawuHeimdall,"Der Unterschied zwischen der terroristischen Hamas im Gaza zu Israel ist:\n\nIsrael schützt seine Bürger, die Hamas versteckt sich unter den Bürgern und benutzt sie als Schutzschild.\n\n#IStandWithIsrael",2021-05-12 04:03:31+00:00,0,Israel
1392296144382963712,Bozkurt14537,"US-Außenminister Blinken sagte, Israel habe das Recht, sein Volk zu schützen. Wahrscheinlich wird der deutsche Aussenminister dasselbe sagen. Und die Palästinenser? Haben die kein Recht auf Schutz? Gleiches Recht für alle, Ihr Rassisten!",2021-05-12 01:50:43+00:00,0,Israel
1392211963770454016,MENA_WATCH,"Mir ist heute so viel Hass, Hetze, Antisemitismus auf Twitter entgegenschlagen, dass ich es einfach gerne löschen würde. Ich glaube nicht, dass die Deutschen, die mal 10 Tage durch Israel gereist sind und sich mit zwei Arabern unterhalten haben, den Nahostkonflikt verstehen.",2021-05-11 20:16:12+00:00,0,Israel
1392204313842302981,ViniLeonhardi,Ich war in meinem Leben bereits in #Israel und im Westjordanland. In beiden Gebieten war der Konflikt allgegenwertig.\nDie aktuelle Eskalation macht mich betroffen. Meine Solidarität gilt den Menschen die jetzt in Angst leben müssen.,2021-05-11 19:45:48+00:00,0,Israel
1392145364178849799,TS_only,"US-Außenminister Blinken sagte, Israel habe das Recht, sein Volk zu schützen. Wahrscheinlich wird der deutsche Aussenminister dasselbe sagen. Und die Palästinenser? Haben die kein Recht auf Schutz? Gleiches Recht für alle, Ihr Rassisten!",2021-05-11 15:51:34+00:00,0,Israel
1392100053695746050,nuragac,"Wer die palästinensischen Blechbüchsen-Qassam mit den von Israel eingesetzten Hi-Tech-Raketen gleichsetzt, hat entweder keine Ahnung oder verbreitet wissend Propaganda.",2021-05-11 12:51:31+00:00,0,Israel
1391997389775441921,hackenstad,"Unsere Vermieter und Nachbarn lassen die Türen heute Nacht auf, so das wir zu ihnen und ihren Bunkern Zugang haben, da wir selber leider weder ein Treppenhaus noch einen Bunker zum Schutz haben. Das ist halt auch Israel",2021-05-11 06:03:34+00:00,0,Israel
1391909986826084363,Ad19837,ich bin gegen israel,2021-05-11 00:16:15+00:00,0,Israel
1391849969347399684,MrCrab2008,"Seit Stunden geht der Red Alert beinah im Sekundentakt auf meinem Handy los. #Israel, #Jerusalem stehen unter starkem Beschuss. \n\nFalls sich noch jemand fragen sollte, warum sich Israel niemals ausruhen kann - und sich zu Recht immer wehren wird.",2021-05-10 20:17:46+00:00,0,Israel
1391756303106707456,AnneMay79387524,"Es wird auch zu nichts führen, wenn wir uns gegenseitig mit Bildern und Videos erschlagen, die beweisen sollen, welche Seite schlimmer ist. Tragisch genug, dass durch die Ereignisse ein friedliches Leben in Israel und Palästina schon wieder warten muss.",2021-05-10 14:05:34+00:00,0,Israel
1391656781118648320,ZwoaSchlogzeiln,Israel: 300 Halbfinalisten bei Zusammenstößen verletzt,2021-05-10 07:30:07+00:00,0,Israel
1390834147338461185,ZB6868,#SaveSheikhJarrah... Wenn man sich die Bilder und Videos ansieht stellt sich die Frage wo ist der unterschied zwischen dem NS Regime und Israel?,2021-05-08 01:01:15+00:00,1,Israel
1388504658839232529,Katelbach1,"Kann mir mal jemand erklären, was manche Idioten damit bezwecken wollen, wenn sie „pro Israel“ in ihre Bio schreiben?\nIch kenne keinen, der gegen Israel ist.\nIst das sowas wie früher: „du bist doch auch für den Weltfrieden?“",2021-05-01 14:44:42+00:00,0,Israel
1565037033877565440,KoGo2021,"Ströbele nannte irakische Raketenangriffe auf Israel die „logische, fast zwingende Konsequenz der Politik Israels."" Er widmete sein Leben und seine Karriere den Terroristen, die bei Flugzeugentführungen Juden selektierten. Es ist furchterregend, wie er jetzt verherrlicht wird.",2022-08-31 18:01:20+00:00,0,Israel
1563253369547808768,Kruemelknacker,"Gestern griffen die #USA #Syrien binnen 24 Stunden 2 mal an.\n\nUnd jetzt gerade bombardiert #Israel Syrien.\n\nAber Syrien ist ja nicht die #Ukraine. Deshalb nennt man das dann „Selbstverteidigung“ der Aggressoren, obwohl sie dort nichts verloren haben.\n\nWahnsinn. Diese Doppelmoral.",2022-08-26 19:53:41+00:00,0,Israel
1563064598932369409,weidenberger,"Gestern griffen die #USA #Syrien binnen 24 Stunden 2 mal an.\n\nUnd jetzt gerade bombardiert #Israel Syrien.\n\nAber Syrien ist ja nicht die #Ukraine. Deshalb nennt man das dann „Selbstverteidigung“ der Aggressoren, obwohl sie dort nichts verloren haben.\n\nWahnsinn. Diese Doppelmoral.",2022-08-26 07:23:35+00:00,0,Israel
1563008405035716608,MostafaMaleki20,"Gestern griffen die #USA #Syrien binnen 24 Stunden 2 mal an.\n\nUnd jetzt gerade bombardiert #Israel Syrien.\n\nAber Syrien ist ja nicht die #Ukraine. Deshalb nennt man das dann „Selbstverteidigung“ der Aggressoren, obwohl sie dort nichts verloren haben.\n\nWahnsinn. Diese Doppelmoral.",2022-08-26 03:40:17+00:00,0,Israel
1562941776213979138,TheReal1908,"Gestern griffen die #USA #Syrien binnen 24 Stunden 2 mal an.\n\nUnd jetzt gerade bombardiert #Israel Syrien.\n\nAber Syrien ist ja nicht die #Ukraine. Deshalb nennt man das dann „Selbstverteidigung“ der Aggressoren, obwohl sie dort nichts verloren haben.\n\nWahnsinn. Diese Doppelmoral.",2022-08-25 23:15:32+00:00,0,Israel
1562927614565785600,WaldemarSchne13,"Gestern griffen die #USA #Syrien binnen 24 Stunden 2 mal an.\n\nUnd jetzt gerade bombardiert #Israel Syrien.\n\nAber Syrien ist ja nicht die #Ukraine. Deshalb nennt man das dann „Selbstverteidigung“ der Aggressoren, obwohl sie dort nichts verloren haben.\n\nWahnsinn. Diese Doppelmoral.",2022-08-25 22:19:15+00:00,0,Israel
1562620152726048769,rettass33,"Diktator Abbas düst im Privatjet nach Berlin, beschimpft wüst Israel, als er nach dem von ihm finanzierten Terroranschlag gegen Israelis in München 1972 gefragt wird und zieht dann mit 340 Mio € von #Scholz ab. Während die Familien der Olympia-Opfer nie entschädigt wurden.",2022-08-25 01:57:31+00:00,0,Israel
1561935360883580930,reboehi,"#polio ist auf dem Vormarsch.\nIn Ländern, wo man dachte, der Drops sei gelutscht. USA England, Israel. Eine neue Mutation breitet sich aus. Schon vor zwei Jahren begann das abgeschwächte Virus aus dem Lebendimpfstoff der Schluckimpfung auf ungeimpfte Kinder in Afrika über-\n1/3",2022-08-23 04:36:24+00:00,0,Israel
1560914142252376064,SevillaPili,"Diktator Abbas düst im Privatjet nach Berlin, beschimpft wüst Israel, als er nach dem von ihm finanzierten Terroranschlag gegen Israelis in München 1972 gefragt wird und zieht dann mit 340 Mio € von #Scholz ab. Während die Familien der Olympia-Opfer nie entschädigt wurden.",2022-08-20 08:58:26+00:00,0,Israel
1560792422279413760,BorghoffThomas,"Gott spricht: Ich will für Israel wie der Tau sein, dass es blüht wie eine Lilie.\nHosea 14,6",2022-08-20 00:54:46+00:00,0,Israel
1560252693372960772,IreneW1812,"Nachhilfe für -Präsident #Abbas, der sagt, Israel habe seit 1947 50 Holocauste an Palästinensern begangen:\n1947 gab es ca 1,3 Mio Palästinenser, 2022 sind es ca 12 Mio. \nJuden gibt es auch noch 77 Jahre nach Ende des echten Holocaust weniger als zuvor: 1939 ca 17, heute 15 Mio.",2022-08-18 13:10:04+00:00,0,Israel
1559878215367270401,mr_mieps,"Palästinenser-Präsident Abbas sagte gestern auf einer Pressekonferenz im Bundeskanzleramt neben Olaf Scholz stehend, dass Israel „50 Holocausts“ an Palästinensern begangen hätte. Scholz widersprach nicht. (1/3)",2022-08-17 12:22:02+00:00,0,Israel
1559795542842134530,Samos1899,"Der Apartheidstaat #Israel mordet, massakriert und vertreibt seit seiner Gründung die Araber in Palästina. Alles um ihre rassistische Utopie eines reinen jüdischen Staates zu verwirklichen.\n#Holocaust #Abbas",2022-08-17 06:53:31+00:00,1,Israel
1557817954057830400,hschwe3449,"Ratet, wo der neunjährige Junge, der von einer Rakete des Islamic Jihad in Gaza getroffen wurde und schwer verletzt ist, behandelt wird. Genau, in Israel. \nRatet, wie viele Medien, woke pro-Palestinians darüber berichten. Genau, Zero. \n#israel #doublestandard",2022-08-11 19:55:17+00:00,0,Israel
1556684661287526404,YusufCaglayan03,"Ich habe Russlands Krieg kritisiert. Genauso kritisiere ich Israels Militärschläge gegen Gaza. Israel hat das Recht, in Frieden zu leben. Die Palästinenser aber auch. Sie haben die gleichen Rechte wie Israelis. Gebt ihnen Freiheit und einen Staat und ihr werdet in Frieden leben.",2022-08-08 16:51:59+00:00,0,Israel
1556592400818212864,Deichi58,"Ich habe Russlands Krieg kritisiert. Genauso kritisiere ich Israels Militärschläge gegen Gaza. Israel hat das Recht, in Frieden zu leben. Die Palästinenser aber auch. Sie haben die gleichen Rechte wie Israelis. Gebt ihnen Freiheit und einen Staat und ihr werdet in Frieden leben.",2022-08-08 10:45:23+00:00,0,Israel
1556591122880905216,gwydionofficial,"Ich habe Russlands Krieg kritisiert. Genauso kritisiere ich Israels Militärschläge gegen Gaza. Israel hat das Recht, in Frieden zu leben. Die Palästinenser aber auch. Sie haben die gleichen Rechte wie Israelis. Gebt ihnen Freiheit und einen Staat und ihr werdet in Frieden leben.",2022-08-08 10:40:18+00:00,0,Israel
1556289879885205505,sarfeld,"Meine Gedanken sind bei den Menschen in Israel , die seit Tagen dem Terror durch Raketenangriffen ausgesetzt sind. Dieser Terror muss sofort gestoppt werden!",2022-08-07 14:43:16+00:00,0,Israel
1556196475675316229,RainerKrauss,"Unterschied#Israel hat militärische Ziele in Gaza angegriffen versus die aus dem Iran unterstützte Terrororganisation Islamischer Dschihad bombardiert israelische Zivilisten nimmt dabei sogar in Kauf, dass viele der abgefeuerten Raketen die eigene Bevölkerung in Gaza treffen.",2022-08-07 08:32:07+00:00,0,Israel
1556187491534790656,TilmanBaur,"Mehr als 350 Raketen hat die Terrororganisation Islamischer Dschihad in den letzten Stunden auf #Israel abgefeuert. Meine Gedanken sind bei den tausenden israelischen Familien in Angst und Schrecken und bin dankbar, dass Israel alles tut, um sie zu schützen.",2022-08-07 07:56:25+00:00,0,Israel
1556157224032116736,Yannick24147541,"Ich verstehe nicht, warum Menschen eine TERRORORGANISATION verteidigen?! (Im übrigen auch in diversen anderen Ländern so eingestuft). In Deutschland schreien alle los, wenn ihre „Freiheit“ eingeschränkt wird - aber #Israel darf seine Bewohner nicht vor Terroristen beschützen",2022-08-07 05:56:08+00:00,0,Israel
1556095040014909440,Andreas_F12,"Wer schweigt, wenn Israel angegriffen wird, sollte auch schweigen, wenn Israel sich verteidigt.",2022-08-07 01:49:03+00:00,0,Israel
1556007405896564737,TeVitality,Heute Nacht beginnt der wichtigste Trauer- Fastentag im Judentum: weltweit gedenken Juden der Zerstörung der heiligen antiken Tempel in Jerusalem dem Beginn der jüdischen Diaspora.\nHeute gibt es aber den Staat #Israel wenn uns auch Terroristen angreifen: wir sind wehrhaft!,2022-08-06 20:00:49+00:00,0,Israel
1555993148391841795,ThomasAlders,"Israel ist in einem Kampf gegen #Terror. Ich stehe an der Seite Israels, dessen Bevölkerung dauerhaft bedroht ist und aktuell wieder unter massivem Raketenbeschuss leidet. Und auch die Bevölkerung im Gazastreifen leidet aufgrund des Terrors des Islamischen Dschihad und der Hamas.",2022-08-06 19:04:10+00:00,0,Israel
1555952365622157315,AsevaElisa,"der sich stets als gerecht verstehende antisemitismus in vorgeblich linken kreisen widert mich an, seit jeher.\nseit jahren nun ist in weiten teilen des linken gesellschaftsradius als anti-rassistischer standard eingeführt, ummäntelt von simplizitätsverliebter israel-obsession",2022-08-06 16:22:06+00:00,0,Israel
1555637083519197190,C_Puschmann,"Es kann derzeit zu Raketenangriffen auf Israel kommen. Gefahr besteht innerhalb 80 km von Gaza, damit können auch Tel Aviv und Jerusalem betroffen sein. Befolgen Sie die Anweisungen der örtlichen Behörden. Das Homefront Command stellt eine Notfall-App zur Verfügung.",2022-08-05 19:29:17+00:00,0,Israel
1555628993340026880,watchingyou81,"Es hagelt Raketen auf Israel, und Terroristen rufen zur Zerstörung Tel Aviv’s auf. In Gedanken bei meinen Landsleuten, die Shabbat im Bunker verbringen müssen und bei unseren Soldaten, die ihr Leben aufs Spiel setzen, um unsere Existenz zu beschützen. #israel #ShabbatShalom",2022-08-05 18:57:08+00:00,0,Israel
1555621963447549954,MarflePoop,"Was Israel gerade macht ist schrecklich \nallerdings vollkommener Standard \nsie nennen es ""den Rasen mähen"" \n\nDer Knesset : ein Füllhorn der Menschlichkeit",2022-08-05 18:29:12+00:00,0,Israel
1554362178110738432,dokape,Checke den Flug LH10 ab 10 Uhr von FFM/FRA nach HH/HAM.\nAus Israel nach Hamburg gehts nur über FFM/FRA.,2022-08-02 07:03:16+00:00,0,Israel
1551235358871937024,EinsPossum,"Nichts sagt so sehr, dass es einem um die Rechte von Queers geht, wie wenn das erste, was man im Live-Stream sieht, eine Rede darüber ist, wie der ""Apartheids-Staat"" Israel den Rechten queerer Palästinenser*innen mit allem entgegensteht und ""Free Palestine"" notwendig ist. #b2307",2022-07-24 15:58:24+00:00,0,Israel
1551165071556071425,andanotherguy,"Nebenbei: Wenn dieser Logik zu Folge Israel die Hamas mitaufgebaut hat und somit mitverantwortlich ist/gemacht wird. Die Hamas somit auch als Gefahr anerkannt werden könnte. Wenn nun Israel weiterhin Aggressor ist, wieso gibt es dann nie Solidarität mit Opfern der Hamas?",2022-07-24 11:19:06+00:00,0,Israel
1549726689927864323,Belladonna57,/Ländern und Israel geschmiedet werden. Putin bereitet sich auf einen Weltkrieg vor.,2022-07-20 12:03:30+00:00,0,Israel
1548022979497406468,kurbelradio,"Nein, liebe Schwurbler, die Studie aus Israel sagt nicht, dass Vitamin D #Corona verhindert oder den Verlauf milder macht. \n\nSie sagt, dass bei MANGEL von Vitamin D die Wahrscheinlichkeit für schweren Verlauf höher ist.\n\nUnd Vitaminmangel ist immer doof. Nicht nur wegen Corona.",2022-07-15 19:13:33+00:00,0,Israel
1548010416030117888,BimBamBum123456,"Während die Wahrnehmung von #Nahost in den 80ern steckengeblieben ist, entsteht seit Jahren ein neuer Nahost. Zusammenarbeit auf allen Ebenen, auch militärisch, wirtschaftlicher Austausch mit Israel, ja sogar ein Direktflug zwischen Tel-Aviv und Mekka ist bald Realität.",2022-07-15 18:23:38+00:00,0,Israel
1545368937298288640,goennDochDuHund,Eine Freundin geht ein Jahr nach Israel und hab noch nie so en süßen Text bekommen ohne witz hab fast geheult,2022-07-08 11:27:20+00:00,0,Israel
1545154168226193413,mary_curie_,"SEND HELPDer Instagram Account der Deutsch-Israelischen Gesellschaft wurde gehackt!! Während dort übelste Anti-Israel Propaganda verbreitet wird, kommen wir nicht mehr in den Account rein. Kann jemand helfen?",2022-07-07 21:13:55+00:00,0,Israel
1541425627806539777,TalhaOez_,Aktuelle Geschehnisse aus Israel....\nNein Verzeihung. \nEs ist die Türkei!\nMuslime werden verhaftet und ihr Besitz wird ihnen enteignet.\n\nKutsalNöbete DarpGözaltı\n#KuranOkumakSuçMu\n#OsmaniyeEmniyeti,2022-06-27 14:18:02+00:00,0,Israel
1541383993022713856,SalveriSue,"#OTD 27.6.1976: Air-France 139 Tel-Aviv-Paris wird von Terrorist*innen der PFLP gekapert nach Entebbe entführt. \nDie Ereignisse um die Kaperung des Air-France Flugs #AF139 in #Entebbe haben gezeigt, wie wichtig es für alle Juden ist, dass einen wehrhaften Staat Israel gibt.",2022-06-27 11:32:36+00:00,0,Israel
1541190951368261634,Moms2022NoWar,"Die deutsche Lehre aus dem 2. Weltkrieg war vor allem ""Nie wieder Krieg"", denn ihr Trauma liegt im Verlorenen Krieg. Die Jüdische Lehre lautet ""Nie wieder Shoa"". Dieser Wiederspruch erklärt, wie deutsche im Namen des Friedens Israel das Recht auf Selbstverteidigung absprechen.",2022-06-26 22:45:31+00:00,0,Israel
1539329261307314176,zarkojank,"Zugegeben, „prophetisch“ ist das falsche Wort. Wer die „postkoloniale Linke“ kennt, kann logisch ableiten, dass irgendeine Form von Antisemitismus und Hass auf Israel daherkommen wird.",2022-06-21 19:27:49+00:00,0,Israel
1538879373129957379,eleemosynarius,"Die abscheulichen antisemitischen Darstellungen und Vergleiche bei der #documenta15 müssen Konsequenzen haben. Es darf nicht sein, dass mit Bundesmitteln gegen #Israel und gegen Jüdinnen und Juden gehetzt wird. Die Förderung der Documenta mit Steuergeldern muss auf den Prüfstand.",2022-06-20 13:40:08+00:00,0,Israel
1538600743841800195,Weird_27,"Das größte Problem der Palästinenser ist, dass sie nur dann in’s Rampenlicht gezerrt werden, wenn es gegen Israel und Juden geht. Ihre katastrophale Lage in arabischen Ländern oder unter ihrer eigenen Verwaltung (PA und Hamas) interessiert niemanden.",2022-06-19 19:12:57+00:00,0,Israel
1537645225409236992,bernd471,"Die ganzen Ukraine-Heuchler schweigen komplett zum Thema Syrien. Syrien darf angegriffen von den USA der Türkei besetzt werden. Syrien darf von Israel angegriffen werden. Syrien darf sich nicht aussuchen, mit wem es verbündet sein möchte. Diese Doppelmoral ist ekelhaft.",2022-06-17 03:56:04+00:00,0,Israel
1537016436551569408,DIG_Stuttgart,"Wir solidarisieren uns mit der Jüdischen Gemeinde Düsseldorf und verurteilen die antisemitischen Angriffe von ""Palästina spricht"", die die Gemeinde delegitimieren und Israel dämonisieren. Wir wünschen eine gute und erfolgreiche Veranstaltung heute Abend mit der IDF Band.",2022-06-15 10:17:29+00:00,0,Israel
1536625639305904130,emet_news_press,"Die von den USA initiierte Erklärung greift die der Untersuchungskommission übertragenen Befugnisse scharf an und bezeichnet ihre Einrichtung als weiteres Beispiel für die unverhältnismäßige Fokussierung des Rates auf Israel: eine Fokussierung, die beendet werden muss.\n\n2/3",2022-06-14 08:24:36+00:00,0,Israel
1536485061477933057,AminSharaf,"#Syrien bestätigt: Internationaler Flughafen von #Damaskus wird auf unbestimmte Zeit geschlossen, weil #Israel vor 2Tagen die Start- Landebahn mit Raketen aus den syrischen Golanhöhen zerstört hat, die man seit 1967 rechtswidrig besetzt.\n\nWo bleibt der Aufschrei, ihr Heuchler ?",2022-06-13 23:05:59+00:00,0,Israel
1536281960980570112,DaseTill,"#Syrien bestätigt: Internationaler Flughafen von #Damaskus wird auf unbestimmte Zeit geschlossen, weil #Israel vor 2Tagen die Start- Landebahn mit Raketen aus den syrischen Golanhöhen zerstört hat, die man seit 1967 rechtswidrig besetzt.\n\nWo bleibt der Aufschrei, ihr Heuchler ?",2022-06-13 09:38:56+00:00,0,Israel
1536212013701111808,seefahrt24,"#Syrien bestätigt: Internationaler Flughafen von #Damaskus wird auf unbestimmte Zeit geschlossen, weil #Israel vor 2Tagen die Start- Landebahn mit Raketen aus den syrischen Golanhöhen zerstört hat, die man seit 1967 rechtswidrig besetzt.\n\nWo bleibt der Aufschrei, ihr Heuchler ?",2022-06-13 05:01:00+00:00,0,Israel
1533855805602160641,LamyaKaddor,"Diese Woche steht endlich meine erste, große #Nahost-Reise als Abgeordneten an. Ich werde ich in #Israel, den Palästinensischen Autonomiegebieten, #AbuDhabi, #Qatar #Libanon sein. Der Fokus der Reise liegt auf Frauenrechte, Friedensprojekte Extremismus(-prävention).",2022-06-06 16:58:16+00:00,0,Israel
1530226447713030145,kellerabteil,Der #Irak stellt den Kontakt mit #Juden/#Israelis unter #Todesstrafe Deutschland sieht den Irak als Partner. \n\nDie Autonome Region #Kurdistan hält freundschaftliche Beziehung zu Israel und schützt Juden Deutschland verweigert der Autonomen Region Kurdistan die Partnerschaft.,2022-05-27 16:36:30+00:00,0,Israel
1528072475443175424,elkemarber,"In Israel ist ein erster Fall von Affenpocken nachgewiesen worden. Das teilte ein Krankenhaus-Sprecher in Tel Aviv mit. Bei dem Patienten handle es sich um einen 30-Jährigen, der kürzlich mit Symptomen aus Westeuropa zurückgekehrt sei.",2022-05-21 17:57:23+00:00,0,Israel
1525529995740848131,sbkDiggi17,Es braucht nur EIN einziges Video (bei dem Hintergründe ziemlich unklar sind) und schon bricht der anti-Israel Shitstorm los.,2022-05-14 17:34:28+00:00,0,Israel
1525458062647214080,goldenader,Es braucht nur EIN einziges Video (bei dem Hintergründe ziemlich unklar sind) und schon bricht der anti-Israel Shitstorm los.,2022-05-14 12:48:38+00:00,0,Israel
1525020343957704709,petrodworjez,Kleines Israel-Update: heute morgen gab es wieder einen Terrorangriff auf ein Auto und in Jenin ist wieder sehr viel balagan; in Akko wurden zwei jüdische Fischer von zwei Dutzend Arabern angegriffen; in Lod soll es heute zu einem Flaggebmarsch kommen. #infotweet #israel,2022-05-13 07:49:18+00:00,0,Israel
1524830463747145728,JennyJedoch,Israel schickt Freddy in schön #ESC2022,2022-05-12 19:14:47+00:00,0,Israel
1524712934735237120,FrankThiem1,"Die Palästinensische Autonomiebehörde verweigert gemeinsame Untersuchungen mit Israel und das Teilen der Kugel, die Shireen Abu Akleh tödlich im Kopf getroffen hat.\n\nWarum?\nNatürlich weil sie unschuldig sind. \n\nAber so sind halt Diktaturen, ihnen liegt nicht an Aufklärung.",2022-05-12 11:27:46+00:00,0,Israel
1521833936976072705,Mina79765999,Als Duzfreund Lavrows wird #Steinmeier ja langsam auch eine Belastung für unsere Beziehungen zu Israel.\nVielleicht ist Steinmeier das Problem und nicht Kiew?,2022-05-04 12:47:39+00:00,0,Israel
1521232546482302976,pascalpauli,Lawrows antisemitische Äußerungen sind ein unverzeihlicher Skandal. Völlig zu Recht ist #Israel empört. Klar ist: Russland darf diesen völkerrechtswidrigen Angriffskrieg nicht gewinnen. Die #Ukraine muss siegen. Und sie wird gewinnen. Und wir werden sie dabei unterstützen. CL,2022-05-02 20:57:56+00:00,0,Israel
1521171845705256962,KristinHamacher,Lawrows antisemitische Äußerungen sind ein unverzeihlicher Skandal. Völlig zu Recht ist #Israel empört. Klar ist: Russland darf diesen völkerrechtswidrigen Angriffskrieg nicht gewinnen. Die #Ukraine muss siegen. Und sie wird gewinnen. Und wir werden sie dabei unterstützen. CL,2022-05-02 16:56:44+00:00,0,Israel
1521025916285161473,cwsberlin,"Frau #Faeser versichert auf Twitter, „gerade auch gegen islamistischen #Antisemitismus“ vorzugehen. Jetzt sind wir aber gespannt, ob bei der nächsten Anti-Israel-Demo in Berlin wirklich muslimische Judenhasser abgeführt werden und nicht wieder Journalisten, die darüber berichten!",2022-05-02 07:16:52+00:00,0,Israel
1341725921800294400,JanSueselbeck,"Welche kanonischen Texte fallen Euch ein, in denen seit 1800 der religiöse Antijudaismus bzw. religiöses Gefühls-Wissen maßgeblich aufgerufen wird, um im Publikum negative Emotionen gegenüber ,den Juden‘ zu evozieren? Gerne auch Beispiele aus der Gegenwartsliteratur.",2020-12-23 12:42:42+00:00,0,Juden
1339115245357428737,cy_pp,"Mutter von Halle-Attentäter sagt ihr Sohn habe nix gegen Juden, sondern nur ""gegen die Leute, die hinter der finanziellen Macht stehen.""\n\nVater von Hanau-Attentäter stellt Gedenkstätte für die Hanau-Opfer als Volksverhetzung dar und fordert deren Entfernung.\n\nNazitum als Erbe.",2020-12-16 07:48:48+00:00,0,Juden
1335531747337965574,LarryLandshut,"Schuster bleib bei deinen Leisten. Was mischt sich denn der Zentralrat der Juden in die Politik in Sachsen-Anhalt ein? Der hat ja nun wirklich nichts zu sagen und kann sich da nur unbeliebt machen. Die Juden, die in der AfD Mitglied sind, sehen das gar nicht gerne.",2020-12-06 10:29:16+00:00,0,Juden
1331891941240434689,Miulou_,"""Früher durften die Juden auch nicht einkaufen."" Natürlich, ich diskriminiere dich, weil du scheinbar ein Jude bist und nicht, weil du ohne Maske bei uns reinkommst und dich weigerst, eine zu tragen.",2020-11-26 09:25:58+00:00,0,Juden
1329012708818247680,a_alhazred,"Nazis: ""Für die Linken is doch jeder der nicht links ist Nazi, scheiss Nazi-Keule immer!!""\nAuch Nazis: ""ihr seid alle kommunistische-nazi-juden-chinesen-volksverräter im Auftrag von Bill Gates im Jahr 1933!!!!"" \n#b1811 #faschisten",2020-11-18 10:44:56+00:00,0,Juden
1327925292736897026,heila_so,"Abgeordnete Ilhan Omar getwittert,dass die Unterstützung der Politiker für Israel""alles über die Benjamins"" sei.Omar entschuldigte sich für einige dieser Kommentare,die laut der Anti-Defamation League ""die hässliche,antisemitische Verschwörungstheorie fördern,wonach Juden einen..",2020-11-15 10:43:56+00:00,0,Juden
1327272541740732419,Annegret,"Ich krieg schon wieder Puls bei den ganzen Schwurblern, Aluhüten und Demokratieskeptikern, die sich heute fröhlich mit Attest und ohne MNS in #Hannover treffen und sich direkt am Holocaust-Mahnmal mit verfolgten Juden vergleichen. Verpisst Euch, Euch will hier keiner!",2020-11-13 15:30:08+00:00,0,Juden
1326585708375658498,Hiob888Marcus,"Zusätzlich wird Hiskias persönliche Geschichte berichtet, was bildlich zeigt, wie die Juden das Gericht Gottes über sie empfinden, wie sie zur Umkehr und Wiederbelebung kommen und zur inneren oder moralischen Befreiung.",2020-11-11 18:00:54+00:00,0,Juden
1326068252917846018,georgianaaafi,"Heute vor 82 Jahren brannten in Deutschland Synagogen. Hunderte Jüdinnen und Juden wurden ermordet, fast 30.000 in Lager verschleppt. \n\nGegen das Vergessen! \n\n#9November #WeRemember #BorussiaVerbindet",2020-11-10 07:44:43+00:00,0,Juden
1326036850570571778,1940Neptunium,"Wenn dir Linke erklären wollen, dass du Nazi bist, weil du betonst, dass die heutige Bedrohung für Juden auch und vor allem von Muslimen ausgeht und dann noch von einem PRogrom sprechen. Diese ungebildeten Crétins.",2020-11-10 05:39:56+00:00,0,Juden
1325893076527820803,haug_jp,In #Dresden dürfen Juden heute nicht öffentlich der Pogromnacht 38 gedenken. Wegen #Corona. Aber #Pegida darf eine Veranstaltung in der Öffentlichkeit abhalten. #AndreasKalbitz soll da sprechen. Noch Fragen? Dann diese bitte an die Politik stellen. Und die Behörden.,2020-11-09 20:08:38+00:00,0,Juden
1325860450312081409,UteUme,In #Dresden dürfen Juden heute nicht öffentlich der Pogromnacht 38 gedenken. Wegen #Corona. Aber #Pegida darf eine Veranstaltung in der Öffentlichkeit abhalten. #AndreasKalbitz soll da sprechen. Noch Fragen? Dann diese bitte an die Politik stellen. Und die Behörden.,2020-11-09 17:58:59+00:00,0,Juden
1325853760397127682,AlSchwabe,In #Dresden dürfen Juden heute nicht öffentlich der Pogromnacht 38 gedenken. Wegen #Corona. Aber #Pegida darf eine Veranstaltung in der Öffentlichkeit abhalten. #AndreasKalbitz soll da sprechen. Noch Fragen? Dann diese bitte an die Politik stellen. Und die Behörden.,2020-11-09 17:32:24+00:00,0,Juden
1325845410796216323,Hubinho23,"Heute vor 82 Jahren brannten in Deutschland Synagogen. Hunderte Jüdinnen und Juden wurden ermordet, fast 30.000 in Lager verschleppt. \n\nGegen das Vergessen! \n\n#9November #WeRemember #BorussiaVerbindet",2020-11-09 16:59:13+00:00,0,Juden
1325841502132707334,vinzkatja,"Steinmeier sagt, es würde ihn beschämen, dass Juden Angst haben müssen, öffentlich Kippa zu tragen.\nNun, warum befürwortet er dann Merkels Migrationspolitik, die genau dafür mitverantwortlich ist?",2020-11-09 16:43:41+00:00,0,Juden
1325814106612527110,posiputt,"Fragt sich eigentlich irgendwer in den Behörden und Gerichten, wie sich Jüdinnen und Juden fühlen, wenn am 9. November eine Demo ""Geschichte gemeinsam wiederholen"" (Beginn um 18.18 Uhr) erlaubt wird, während eine Veranstaltung zum Gedenken an die Reichsprogromnacht verboten wird?",2020-11-09 14:54:50+00:00,0,Juden
1322317121557352450,semihmutlu07,"Nimmt Charlie Hebdo den Juden in seine Drecks Karikatur heißt es Antisemitismus, werden aber die Werte des Islam in dieser Form angegriffen heißt es Beleidigungsfreiheit ups Meinungsfreiheit! Heuchler #StopMacron",2020-10-30 23:19:03+00:00,0,Juden
1322284028410634240,Deniz47072819,"Hass gegenüber Juden nennt man Antisemitismus, Hass gegenüber Muslime nennt man Meinungsfreiheit. Hört auf unter dem Deckmantel von Meinungsfreiheit Muslime zu beleidigen. #StopMacron #WeloveMuhammad #Kolonialismus",2020-10-30 21:07:33+00:00,0,Juden
1322269936480325632,MuslimaJust,"Haben wir die Geschichte der Juden behandelt, um daraus zu lernen, oder um uns auf etwas Ähnliches vorzubereiten?\n\n#StopMacron",2020-10-30 20:11:34+00:00,0,Juden
1321157198546931712,EM6N1,Schwarze beleidigen: Rassismus\nSchwule beleidigen: Homophobie\nJuden beleidigen: Antisemitismus\nFrauen beleidigen: Sexismus\nMuslime beleidigen: Redefreiheit \n\n,2020-10-27 18:29:56+00:00,0,Juden
1318589066473054216,donaupiratin,"„Wenn Netanjahu nach dem Anschlag auf den Hyper Cacher nach Frankreich kommt und den Juden zuruft: Kommt nach Israel, in eure wahre Heimat! – dann verstärkt er ein Narrativ der Leute, die sagen: Haut doch ab, wo ihr hingehört. Das macht uns europ. Juden das Leben schwerer.“",2020-10-20 16:25:06+00:00,0,Juden
1318274395954171905,RonenSteinke,"„Wenn Netanjahu nach dem Anschlag auf den Hyper Cacher nach Frankreich kommt und den Juden zuruft: Kommt nach Israel, in eure wahre Heimat! – dann verstärkt er ein Narrativ der Leute, die sagen: Haut doch ab, wo ihr hingehört. Das macht uns europ. Juden das Leben schwerer.“",2020-10-19 19:34:43+00:00,0,Juden
1317086108530913280,Weareallalittl2,"Dass wir allen Ernstes darüber diskutieren, ob es in Ordnung ist, wenn sich Juden gegen Nazis engagieren, halte ich für einigermaßen wahnsinnig.",2020-10-16 12:52:53+00:00,0,Juden
1316706263779160065,BirteFoerster,"Heinrich Schneider, 53 Jahre, angeklagt der Verbrennung von 800 polnischen Juden in einer bialystoker Synagoge im Jahr 1941, hat sich vorgestern nacht in seiner Wuppertaler Gefängniszelle erhängt.\n\nJahrestage, 15. Oktober, 1967",2020-10-15 11:43:31+00:00,0,Juden
1315662633467609088,CNikolajew,"sich als Maskenleugner und Impfgegner mit Juden im Dritten Reich vergleicht oder einfach generell findet, wir würden hier „ja langsam Zustände wie im Dritten Reich“ bekommen:\nNichts, ABSOLUT REIN GAR NICHTS rechtfertigt einen Vergleich mit dieser Zeit und es ist respektlos,",2020-10-12 14:36:30+00:00,0,Juden
1314479907704057857,KNA_Redaktion,"KNA heute u.a.: Gedenken an Attentat von #Halle / Bischöfe veröffentlichen nun doch Vatikan-Schreiben zu Ökumene / Historiker: ""Kardinal Faulhaber - ein Freund der Juden?"" / Bundestag über neuen Erinnerungsort für NS-Opfer / Touristenführer in Palästina fordern Unterstützung",2020-10-09 08:16:46+00:00,0,Juden
1313935310439489536,YoussefZemhoute,"Das ""Lügenmaul des Juden"" erinnert auch ganz klar an solche Begriffe wie ""Shitstorms"" oder ""Mobs"" oder ""Covidioten""... Die entmenschlichende Entwertung alternativer Meinungen und Interpretationen. Heute kann man aber nicht mehr arisieren, weshalb das Medienmonopol stirbt.",2020-10-07 20:12:44+00:00,0,Juden
1311896200417882112,Peine01,"Die deutsche Besatzungsbehörde in Warschau ordnet 1940 die Einweisung aller etwa 400.000 in Warschau lebenden Juden in das Ghetto der Stadt an, das danach systematisch abgeriegelt wird und absichtlich viel zu wenige Lebensmittel für die eng zusammen gepferchten Bewohner erhält.",2020-10-02 05:10:02+00:00,0,Juden
1310627381992980483,OrelBeliy,"#NagornoKarabakh Verdient der Völkermord an den Armeniern nicht den Respekt, der den Juden zukommt? Würde die zivilisierte Welt die Armenier jetzt wieder einmal in die Hände einer blutigen Diktatur werfen wollen, in der Freiheit und Demokratie unbekannt sind?",2020-09-28 17:08:12+00:00,0,Juden
1310361984056074246,TerlizziGerardo,Heute Abend beginnt #JomKippur. Es ist der höchste Feiertag im Judentum. Ich wünsche allen Jüdinnen Juden von ganzem Herzen gmar chatima tova ein leichtes Fasten!,2020-09-27 23:33:37+00:00,0,Juden
1310174268383084545,babylonianelfin,Heute Abend beginnt #JomKippur. Es ist der höchste Feiertag im Judentum. Ich wünsche allen Jüdinnen Juden von ganzem Herzen gmar chatima tova ein leichtes Fasten!,2020-09-27 11:07:42+00:00,0,Juden
1310139926260912128,ZornEm,"Wenn sich Nazis über misslungene #Satire beschweren, entschuldigt sich der Sender.\nWenn Juden sich über diskriminierende Satire beschweren, wird den Satiriker*Innen noch mehr Bühne gegeben.\n#LisaEckhart #Nuhr",2020-09-27 08:51:14+00:00,0,Juden
1306982883412901890,NinveErmagan,"Auf meine Geburtstagsparty heute kommen Linke, Liberale und Komservative. Muslime, Christen und Juden. Because I am a friend of everyboooooody ich hoffe keiner spricht über Politik",2020-09-18 15:46:16+00:00,0,Juden
1302892838397636608,anotherJewess,"Wer heute über DEN Islam diskutiert, hätte vor 80 Jahren übrigens auch über DIE Juden diskutiert.",2020-09-07 08:53:53+00:00,0,Juden
1300726189582147585,SchmiddieMaik,Nachrichten auf Radio #FFN um 11 Uhr:\n\n1. die Anti-Coronademos rechtsradikalen sich immer stärker\n2. der Zentralrat der Juden ist besorgt über den Antisemitismus bei den Anti-Coronademos\n3. die Coronainfizierten steigen wieder stark\n4. 95% der Bundesbürger befürworten Masken,2020-09-01 09:24:24+00:00,0,Juden
1300380660532736000,EliyahHavemann,"- Der Islam gehört zu Deutschland!\n- Jüdisches Leben gehört zu Deutschland!\n\nEs gibt mehr Nazis als Muslime und Juden zusammen in Deutschland. Tut nicht so, als gehörten sie nicht auch dazu, nur weil es euch nicht in den Kram passt.",2020-08-31 10:31:24+00:00,0,Juden
1299228647509970945,rockwellhaerte,"und Juden werden doch nicht in Deutschland getötet.\n\nIch, richtig erkannt, aber es gibt Menschen die glauben jeder der nicht Ihrer Meinung ist, ist ein Nazi.\n\nTochter, versteh ich nicht ! \n\nUnd genau das macht mir Sorgen das Kinder viele erwachsene nicht verstehen....\n\n2/3",2020-08-28 06:13:42+00:00,0,Juden
1299090777289695233,2006Bzz,"Naziterrorist tötet 2 Menschen, wollte niederbrennen Muslime, Juden, Migranten von der Erde tilgen.\n\n 2 T später:\n\nZDF lädt größten NS-Relativierer Meuthen ein, wird von Welt zitiert.\n\nSpringer-Chef Döpfner: ""Verschweigen von Ausländerkriminalität erzeugt Misstrauen.""",2020-08-27 21:05:51+00:00,0,Juden
1296364480868343808,Amewu777,"Liest man das Dokument, was die wenigsten tun bevor sie Dinge retweeten(16k+), wird es vom FBI als ""vicious nonsense"" eingeordnet. Wie gesagt...die wenigstens tun das. Also verbreiten Leute die eh Hass auf Juden haben den Tweet als ""das FBI hat das bestätigt"". Super Job vom FBI",2020-08-20 08:32:32+00:00,0,Juden
1295372676979187712,Kalle75291704,"Das Plakat ist mehrdeutig. Nazis töten könnte eine Umschreibung einer Tätigkeit sein. Es könnte aber auch als Imperativ, also eine Aufforderung gewollt sein. Absolut grenzwertig !\nIch verstehe Gerichte heutzutage auch nicht mehr. Aber wehe es sagt einer was gegen Juden.",2020-08-17 14:51:27+00:00,0,Juden
1294039052082122756,LizasWelt,"Es wäre gut, wenn das im Hinterkopf bliebe. Der Zentralrat der Muslime spielt schlicht nicht in derselben Liga wie der Zentralrat der Juden und der Zentralrat der Sinti und Roma. Er vertritt gerade mal 0,4 Prozent der Muslime und ist politisch höchst problematisch.",2020-08-13 22:32:06+00:00,0,Juden
1290732500831084547,Sonne6711,"Natürlich sterbe ich nicht mit kriminellen Moslems, nicht mit kriminellen Juden, nicht mit kriminellen Deutschen, nicht mit kriminellen Ausländern!!! Natürlich habe ich keinen Sex mit solch Krearueren, NIE! Notwehr habe ich da immer! Aber ich hasse Behörden Polizei, die ....",2020-08-04 19:33:03+00:00,0,Juden
1288510499504754689,yonny_s,2/2\n107.000 niederländische Jüdinnen und Juden sind bis 1944 in deutsche Konzentrationslager deportiert worden. Die Kosten des Transports mussten sie meist selbst tragen.,2020-07-29 16:23:37+00:00,0,Juden
1288474718975270912,CholliBrehm,Der Antisemitismus ist das »Gerücht über die Juden.«\nTheodor W. Adorno,2020-07-29 14:01:26+00:00,0,Juden
1285953966770135041,FrankPfeifer2,"We remember: Okt.2015:\nDas AA hat an d.Ermordung europäischer Juden maßgeblich mitgewirkt-das ist d.Ergebnis eines neuen Historikerberichts. Ex-Außenminister Steinmeier übt jetzt Kritik an einem seiner Vorgänger: Noch unte Brandt seien belastete Personen ""sogar belobigt worden"".",2020-07-22 15:04:52+00:00,0,Juden
1285289715680280578,SignorMacchina,"Was in Deutschland geht:\n\nAls Avocadolf wochenlang widerwärtigste Volksverhetzung betreiben, den Juden die Schuld am Holocaust geben und gezielt mit Mordphantasien drohen.\n\nWas in Deutschland NICHT geht:\n\nAls Arzt/Ärztin Informationen über Schwangerschaftsabbrüche anbieten.",2020-07-20 19:05:22+00:00,0,Juden
1285256742599831552,JaykayRandolph,"Attila Hildmann: Hass auf Merkel, Lob auf Hitler, Hetze gegen Juden, Angriffe auf die Presse, abstruseste Verschwörungstheorien, brutale Mordphantasien gegen Politiker*innen und Journalist*innen.\n\nOder wie man in der AfD sagt: Ganz normaler Stammtisch des Kreis- und Ortsverbandes",2020-07-20 16:54:21+00:00,0,Juden
1281576719414177793,Wolfszahn89,"Eine der grössten Heucheleien der Neuzeit ist, dass es jeden Tag antisemitische Hetze gegen Juden Israel gibt - oftmals angeführt von Muslimen - während über 1 Millionen Muslime im letzten Jahrzehnt allein ermordet wurden - VON ANDEREN MUSLIMEN!",2020-07-10 13:11:15+00:00,0,Juden
1280751431381909505,HowAllSin,"Wenn sie jetzt ganz unverhohlen\nWieder Nazi-Lieder johlen,\nÜber Juden Witze machen,\nÜber Menschenrechte lachen,\nWenn sie dann in lauten Tönen\nSaufend ihrer Dummheit frönen,\n... Dann steh auf und misch dich ein:\nSage nein! #Nein",2020-07-08 06:31:51+00:00,0,Juden
1279108076197609473,Aluhut_fuer_Ken,"Wer Vernichtungswünsche gegenüber Juden+Jüdinnen in Form von #Intifada hat, wie #Migantifa #Hessen + #Berlin + #NRW äußert, soll einfach die Klappe halten zu #Hanau + anderen rassistischen Gewalttaten + Morden. Vernichtungsforderungen ist nur eins: rechts - egal von wem es kommt",2020-07-03 17:41:44+00:00,0,Juden
1274994954658611200,tst1860,"Attila Hildmann betreibt seit Wochen offen widerwärtigste Volksverhetzung, gibt Juden die Schuld am Holocaust, relativiert das NS-Regime und verteidigt Hitler.\n\nWen zeigt Innenminister Horst Seehofer (CSU) an? Eine „taz“-Kolumnistin – für eine missglückte Satire.\n\nKeine Pointe.",2020-06-22 09:17:40+00:00,0,Juden
1274992968240443394,Fatima_Abbas__,"wie #seehofer finde auch ich die taz-kolumne daneben.\n\nkann ich dann jetzt auch mit klagen gegen\nhildmann: juden schuld am holocaust\ngauland: vogelschiss\nund jeden anderen rechnen, der sich geschichtsrevisionistisch, beleidigend, drohend, rassistisch äußert? toll! #pressefreiheit",2020-06-22 09:09:46+00:00,0,Juden
1273255803676512256,adrian_portmann,Das Problem sind nicht Schwarze!\nDas Problem sind nicht Weiße!\nDas Problem sind nicht Juden!\nDas Problem sind nicht Christen!\nDas Problem sind nicht Araber!\nDas Problem sind nicht Polizisten!\n\nDas Problem sind:\n\nIDIOTEN und RASSISTEN!\n\nÜBERALL!\n\nIMMER!,2020-06-17 14:06:54+00:00,0,Juden
1272613492172951554,sweipert2,"In Paris beschimpfen antiweiße George-Floyd-Demonstranten konservative Gegendemonstranten als „dreckige Juden“ und er ""Islamische Staat"" stellt sich an die Seite der #blacklifematters-Bewegung, die wiederum von der #Antifa unterstützt wird. Merkt Ihr was?",2020-06-15 19:34:35+00:00,0,Juden
1272218644181913604,MoritzMichelson,"In Berlin rufen sie ""Tod den Juden, Tod Israel, Tod USA"".\n\nIn Paris rufen sie ""Dreckige Juden"".\n\nUnd zwar bei ""linken"" ""postkolonialen"" ""antirassistischen"" Demos. Es geht ihnen nicht um Menschenleben, sondern #Islamismus.\n\nDas muss JETZT Thema werden, bevor es wieder zu spät ist.",2020-06-14 17:25:36+00:00,0,Juden
1268900112522076161,jelopve,"""Die Juden sind schlecht ???""",2020-06-05 13:38:56+00:00,0,Juden
1263707024363270145,RFetrati2,"Die Eliminierung des zionistischen Regimes bedeutet nicht die Eliminierung der Juden.Wir sind nicht gegen Juden. Es bedeutet die Abschaffung des aufgezwungenen Regimes Muslimische,christliche jüdische Palästinenser wählen ihre eigene Regierung\n#QudsDay \n#Palestine \n#covid1948",2020-05-22 05:43:27+00:00,1,Juden
1263545860329222150,hamid_gh77,"Verteidigung der Unterdrückten der Welt, einschließlich Juden, Christen, Muslime, Schiiten und Sunniten Es ist der herzliche Ruf aller Menschen! Und es hat keine bestimmte Zeit oder keinen bestimmten Ort\n\n#Palestine\n #QudsDay",2020-05-21 19:03:03+00:00,0,Juden
1262331307318743040,PietSahat,"Ihr vergleicht euch mit Juden Anne Frank? \nDann lebt erst mal 2 Jahre zu 8 auf 50 m². Nie draußen, immer leise sein. Ohne Internet, TV, Handy. Nur Bücher, Hunger Angst vor Entdeckung Ermordung. \nEuer Missbrauch, eure Verhöhnung jüdischer Opfer ist unfassbar. #CoronaProteste",2020-05-18 10:36:51+00:00,0,Juden
1262043397038247941,machtjanix23,"Mal eine Frage in die Runde:\n\nwie würden Sie jemanden nennen, \nder deutsche Juden in Deutschland \nnicht als Deutsche sieht?\n\nFür mich ist das ein Antisemit ... und zwar der ganz ganz alten Tradition.\n\n#Antisemitismus",2020-05-17 15:32:48+00:00,0,Juden
1260672079684386817,DerJupp64,"Habe heute den ersten Idioten hier wegen subtiler Hetze gegen Juden gemeldet - sehe ich als Pflicht an - und habe ein mulmiges Gefühl, weil ich nicht weiß, was Twitter daraus macht",2020-05-13 20:43:40+00:00,0,Juden
1258367781055143936,RA_Negm,"O-Ton aus dem Interview mit den Leipziger Organisatoren der Corona-Demo: ""Wir kritisieren die Leute ja nicht, weil sie Juden sind. Wir kritisieren sie für das, was sie tun. Ich finde es gefährlich, dass Menschen mit so viel Geld auch so viel Einfluss bekommen können.""",2020-05-07 12:07:13+00:00,0,Juden
1256936052444585985,Powerplate8,"Multikulti und Vielfalt, verursacht keine großen Probleme bei:\n-Asiaten\n-Juden\n-Osteuropäern\n-Amerikanern\n-Franzosen, Niederländern, Briten, Schweizern etc.\n\nverursacht große Probleme bei:\n-signifikanten Teilen islamischer Mitbürgern\n\n*Helmut Schmidt würde unterschreiben*",2020-05-03 13:18:02+00:00,0,Juden
1255565945348685824,BBielendorfer,"Bitte lasst diese kackdummen Nazi Juden Vergleiche im Bezug auf #Corona.\n\nDamals ging es darum, Menschen zu töten, heute darum Menschen am Leben zu halten. \n\nEs ist dumm, unpassend und anmaßend.",2020-04-29 18:33:43+00:00,0,Juden
1246457219341791232,CosyZoey,"Würde sich etwas gründen, das gegen geltendes Recht verstößt, Frauen das halbe Stimmrecht gibt, Juden und Homosexuelle ausschließt und Aussteiger mit dem Tod bedroht, würde dies keiner tolerieren. Als Religion verkleidet, lässt uns diese Ideologie aber kritiklos werden. #Neukölln",2020-04-04 15:18:53+00:00,0,Juden
1244121411020619777,MMVienna,"Da weinte Jesus. Die Juden sagten: Seht, wie lieb er ihn hatte! Einige aber sagten: Wenn er dem Blinden die Augen geöffnet hat, hätte er dann nicht auch verhindern können, dass dieser hier starb? (Joh 11,35-37)",2020-03-29 04:37:13+00:00,0,Juden
1230424035986747394,green_nemo,"Ich bekomme Angst in Deutschland. Als weißer, cis Mann. Redet mit, unterstützt und steht Juden, Muslias, Trans*, Geflüchteten und BPOC bitte zur Seite. Gegen sie ist die systematische rechte Gewalt gerichtet.",2020-02-20 09:28:45+00:00,0,Juden
1230407779258683392,_RLassiter,"Ich will wissen, wie Deutschlands Regierung dafür sorgen will, dass Juden, Muslime, BPoC in Deutschland sich wieder sicher fühlen können in diesem Land. Zur Hölle mit euren Worten und Kondolenztweets. Ich will Taten.",2020-02-20 08:24:09+00:00,0,Juden
1230392568200024069,DrCuneytDinc,"#Hanau war ein Terrorangriff! Muslime, Juden, BPoC leben gefährlich in diesem Land. Seht das endlich ein liebe Autochtone!",2020-02-20 07:23:42+00:00,0,Juden
1227944050533203970,Lykos_Phi,"""Wollt ihr Juden, Muslime, Sinti, Roma und Schwarze in diesem Land? Oder fühlt ihr euch mit den Faschisten wohler?"" Beides geht nicht. Das kann man auch ruhig mal den Arbeitskollegen fragen. Jetzt wäre die richtige Zeit dafür.",2020-02-13 13:14:10+00:00,0,Juden
1227644521451794432,ZeiselNiklas,Glaubat so ein missgeburt bot versteht das es um ihre geistige gesundheit geht ob das juden viech was macht interessiert ka sau,2020-02-12 17:23:57+00:00,1,Juden
1225751024817840129,ProSieben,"Wenn sie jetzt ganz unverhohlen\nWieder Nazi-Lieder johlen,\nÜber Juden Witze machen,\nÜber Menschenrechte lachen,\n(...)\nDenn am Deutschen hinterm Tresen\nMuss nun mal die Welt genesen,\nDann steh auf und misch dich ein:\n#SageNein! (Konstantin Wecker)",2020-02-07 11:59:52+00:00,0,Juden
1224695536114192384,mrcl_mrvls,"Bin gespannt, ob die Polizei einen politischen Hintergrund finden wird. Bei einem Hakenkreuz in einem Restaurant, das einem Juden gehört.",2020-02-04 14:05:44+00:00,0,Juden
1222093856306495488,freem9d,"Wenn sie jetzt ganz unverhohlen\nWieder Nazi-Lieder johlen,\nÜber Juden Witze machen,\nÜber Menschenrechte lachen,\nWenn sie dann in lauten Tönen\nSaufend ihrer Dummheit frönen,\nDenn am Deutschen hinterm Tresen\nMuss nun mal die Welt genesen,\nDann steh auf und misch dich ein:\nSage nein",2020-01-28 09:47:35+00:00,0,Juden
1222057586901639168,lillymu76,"Wenn sie jetzt ganz unverhohlen\nWieder Nazi-Lieder johlen,\nÜber Juden Witze machen,\nÜber Menschenrechte lachen,\nWenn sie dann in lauten Tönen\nSaufend ihrer Dummheit frönen,\nDenn am Deutschen hinterm Tresen\nMuss nun mal die Welt genesen,\nDann steh auf und misch dich ein:\nSage nein",2020-01-28 07:23:28+00:00,0,Juden
1221968896175104000,EtienneToGo,"Über Sechs Millionen Juden hatten nicht das ""Glück"", das Opa und Oma hatten. Und mit ihrem Tod sind auch ihre Geschichten, Erzählungen und Erinnerungen und die ihrer Kinder und Enkelkinder für immer verstummt.",2020-01-28 01:31:02+00:00,0,Juden
1221926030019047424,_hanwong,"Es war nicht Adolf Hitler allein, der rund sechs Millionen Juden getötet hat. Es waren auch Tausende, die verhaftet, geschlagen, gemordet haben. Und Millionen, die gafften, applaudierten - und vor allem: schwiegen. Das sollten wir niemals vergessen. #NieWieder",2020-01-27 22:40:42+00:00,0,Juden
1221881046947581953,Skywalker5054,"1945/46: Bei den Nürnberger Prozessen behauptete Julius Streicher, nichts vom Massenmord der Juden gewusst zu haben. Auf die Frage, warum er denn im „Stürmer“ ihre Vernichtung gefordert habe, erwiderte er, er habe mit „Vernichtung“ etwas anderes gemeint.",2020-01-27 19:41:57+00:00,0,Juden
1221845085010251776,nicuster,"Es war nicht Adolf Hitler allein, der rund sechs Millionen Juden getötet hat. Es waren auch Tausende, die verhaftet, geschlagen, gemordet haben. Und Millionen, die gafften, applaudierten - und vor allem: schwiegen. Das sollten wir niemals vergessen. #NieWieder",2020-01-27 17:19:03+00:00,0,Juden
1221735859017408512,Eulenschoen,"Das, was wir Deutschen den Juden von 1933 bis '45 angetan haben, sollte uns eigentlich eines gelehrt haben: NIE WIEDER!\n\nAber was rede ich auch so gescheit daher, schaut Euch die Parlamente an.\n\nIch schäme mich.",2020-01-27 10:05:02+00:00,0,Juden
1221722883946438656,IFlck,"#lrt\nGroys: „Wer Juden helfen will,muss konkrete Maßnahmen tun. Still, klar und überzeugt. Ich habe das Gefühl, das ist immer so sehr eine Betroffenheitsspirale, Händchen halten und Kerzen zünden und soviel Zeit wird verwendet. Das sind alles Dinge, die den Antisemiten egal sind",2020-01-27 09:13:28+00:00,0,Juden
1221704405524918272,marthadear,"Reminder zum 75. Jubiläum der Befreiung von Auschwitz: dieser Tag ist kein Geburtstag. Lebendige Juden* sind keine Geschenke für Deutschland. Sondern wenn überhaupt die Torten, die euch ins Gesicht klatschen.\n\n#desintegrierteuch #27januar #gedächtnistheater",2020-01-27 08:00:03+00:00,0,Juden
1220854918870945794,urpunkt,"""Man kann nicht Millionen Juden töten und dann Millionen ihrer schlimmsten Feinde ins Land holen."" —Karl Lagerfeld\n\n#Merkel, #Steinmeier und #Tagesschau beweisen, dass es nicht nur geht, Antisemiten und Islamisten zu hofieren, sondern sich dazu auch moralisch überlegen zu fühlen.",2020-01-24 23:44:29+00:00,0,Juden
1220800064916017153,MenschgbMensch,"Wenn es um Israel/Juden/Antisemitismus geht, ist man von deutschen Journalisten ja viel gewöhnt. Aber dieser Kommentar einer ARD-Korrespondentin zum Gedenktag der Auschwitz-Befreiung sprengt wirklich alles. 1/5",2020-01-24 20:06:31+00:00,0,Juden
1219353121912250368,LanthGhost,"Heute vor 78 Jahren beriet die Naziregierung auf der #Wannseekonferenz, wie man elf Millionen Jüdinnen und Juden ermorden sollte. Nicht nur der Beschluss schockiert, sondern auch wie bereitwillig er von vielen umgesetzt wurde.\n\nIn allem, was wir tun, muss klar sein: nie wieder.",2020-01-20 20:16:53+00:00,0,Juden
1219256424330604550,RaphaelFor,"Heute vor 78 Jahren beriet die Naziregierung auf der #Wannseekonferenz, wie man elf Millionen Jüdinnen und Juden ermorden sollte. Nicht nur der Beschluss schockiert, sondern auch wie bereitwillig er von vielen umgesetzt wurde.\n\nIn allem, was wir tun, muss klar sein: nie wieder.",2020-01-20 13:52:38+00:00,0,Juden
1215950880119427073,TobiasHuch,Hat der Möchtegern-Nahostexperte Jürgen #Todenhöfer eigentlich schon den #USA oder #Israel (den Juden) die Schuld für den Abschuss der ukrainische Passagiermaschine gegeben? Oder kommt das Posting erst noch? \n\n#Iran,2020-01-11 10:57:35+00:00,0,Juden
1312376439258349568,Strahlemann9,"Den Gegner entmenschlichen ist so ziemlich das schwerste Geschütz, welches man auffahren kann. Im 2.WW konnte man so z.B. Juden oder den Russen ganz legitim dem Hass eines gesamten Volkes aussetzen und es funktionierte. Tolle Zeiten in denen wir leben. #Merkelmussweg #Weidel",2020-10-03 12:58:20+00:00,0,Juden
1293818311092903939,GKlamt54,Wo wurde die Synagoge der Juden abgebildet .,2020-08-13 07:54:58+00:00,0,Juden
1297557630785855494,sonjakato,"Ich bilde gerade gedanklich 1 Solidaritätskette - virtuelles Hand in Hand v Wien - Graz, um d Gemeindehaus herum, um sichtbar zu machen: es ist unser aller Aufgabe JüdInnen in Österreich zu schützen. Wer Juden schlägt,schlägt Österreich und wir schützen Österreich. #Graz join",2020-08-23 15:33:41+00:00,0,Juden
1609251129438658561,SchulzeRein,"Für 2023 wünsche ich u.a. dem Regime in #Iran eine institutionelle Implosion, dem System #Putin in #Russland einen kriegsbeendenden Machtwechsel u damit Ukraine Frieden u Freiheit,der Regierung Netanjahu in #Israel ein schnelles Scheitern durch eine Trumpähnliche Selbstdemontage,",2022-12-31 18:12:22+00:00,0,Israel
1609213969822105601,papilein58,Israel hat es gewagt eine nicht linke Regierung zu wählen und vorher nicht das Einverständnis der Deutschen Politiker eingeholt.,2022-12-31 15:44:42+00:00,0,Israel
1608805019930996736,mochahrour,"Ich warte nur auf Artikel à la \n\n„Darf Israel Palästinenser kolonialisieren, vertreiben und töten, damit sie ein ethno-nationalistischen Groß-Staat errichten können - Unsere zwiegespaltene Redaktion im Pro und Contra“\n\n",2022-12-30 12:39:41+00:00,1,Israel
1608620164727144448,BakuninsT,"Wollt ihr ein Zeichen gegen die faschistische Regierung in Israel setzen? Lasst Palästinenser*innen sprechen, in euren Zeitungen schreiben, friedlich für ihre Rechte demonstrieren und ihre Humanität verteidigen. Alles anders is Quark.",2022-12-30 00:25:08+00:00,1,Israel
1601874377125117952,muellundstreit,"Rechter Journo in Deutschland: ich find das System klasse, wir machen alles richtig, Kritik hab ich nur für Minderheiten übrig\n\nLinker Journo Deutschland: Ja same aber aus Israel-solidarischer Perspektive",2022-12-11 09:39:47+00:00,0,Israel
1600190370784083983,LizzysNewsDude,"Weiße können in ÖRR den Zentral der Roma Sinti verhöhnen, sich schwarz anmalen Afrikaner mimen, Bücher schreiben, erschreckend ähnlich zu NS-Propaganda, koreanische Bands mit Virus gleichsetzen geht easy weiter. \n\nBPoC die Israel kritisieren fliegen hochkant. Bild sei Dank.",2022-12-06 18:08:09+00:00,0,Israel
1598076432848105472,Bernd_Maier77,"Und das von der Partei, die ganz leise sein sollte, wenn man daran denkt, wie sie sich gerne zu Israel äußert!",2022-11-30 22:08:07+00:00,0,Israel
1597358009239633920,jonas12393,"Menschenverachtete Aussagen der Katarer, Israel wird vorm Stadion das Existenzrecht abgesprochen, iranische Demonstrierende werden verhaftet, aber ey, SANDRO WAGNER HAT BADEMANTEL ZU DEN KLAMOTTEN GESAGT! Prioritäten.",2022-11-28 22:33:21+00:00,0,Israel
1593228990416060416,Akram_Akramovic,"Die stimmt in der UN für eine int'l Untersuchung der anhaltenden Besetzung Palästinas durch Israel = \n verärgert\n\nDanke . \nDie zerstörten Häuser v. #Mariupol erinnern stark an jeden v. #Gaza\n\nBTW: hat dagegen gestimmt\n\nBesatzer sind hässlich, grausam, brutal..überall",2022-11-17 13:06:06+00:00,0,Israel
1591528445963534336,MayIsfen,Sie sind genauso wie andere Minderheiten durch den ständigen Rassismus betroffen und erleben darüber hinaus noch expliziten antipalästinensischen Rassismus. \n\nPalästinenser sind in Israel nicht gleichberechtigt und im illegal besetzten Palästina unterdrückt.,2022-11-12 20:28:45+00:00,0,Israel
1590753100805320704,alex_d2024,"Nicht nur Ungarn ist bei den Asylantraegen streng. Großbritannien schottet sich gegen Zuwanderer ab, Israel nimmt so gut wie keine nichtnjüdischen Flüchtlinge auf. Reiche arabische Staaten gar keine. Aber D ist ständig in der Pflicht, Herr Posner?",2022-11-10 17:07:48+00:00,0,Israel
1590370382296805381,wegner2_wegner,Berlin erlaubt am 9. November eine antisemitische Kundgebung von gewaltbereiten Israel-Hassern mit klarer Vernichtungsabsicht. Man kann sich für diese Hauptstadt nur noch schämen.,2022-11-09 15:47:01+00:00,0,Israel
1590352952208003072,chisau123,Berlin erlaubt am 9. November eine antisemitische Kundgebung von gewaltbereiten Israel-Hassern mit klarer Vernichtungsabsicht. Man kann sich für diese Hauptstadt nur noch schämen.,2022-11-09 14:37:45+00:00,0,Israel
1589226741239001090,Carrot1Couch,"Oma ist eine Umweltsau. Israel betreibt Apartheid. Impfgegner sind antidemokratisch. Missliebige sind Ratten. \n\nBei so viel schlechtem um uns herum, da können wir wirklich froh sein, dass der ÖRR unerbittlich für Demokratie und Meinungshoheit kämpft.",2022-11-06 12:02:36+00:00,0,Israel
1588598012846407680,VonNaftali,"Seine Argumente wirken verschwörerisch und eindimensional schwarz-weiss, dies auch mit Blick auf seinen Kommentar in der FAZ zur Wahl in Israel. Die linke, woke Diaspora in D flippt gerade aus und leistet einen intellektuellen Offenbarungseid, der sie als insolvent ausweist.",2022-11-04 18:24:15+00:00,0,Israel
1588550827173900289,juergen_p,"JUST IN — Russland hat Israel informiert, dass es reagieren wird, wenn israelische Luftabwehrraketen die Ukraine erreichen sollten um den Luftraum zu schützen. \n\n— Bloomberg",2022-11-04 15:16:45+00:00,0,Israel
1588239099638554625,TruthseekerGerm,Ist doch ganz einfach. Es gibt gute Faschisten und es gibt böse Faschisten. Israel vs. Italien. Ukraine vs. Russland. \n#Priebshow #Satire,2022-11-03 18:38:04+00:00,0,Israel
1588136561165668356,Assbutt23,"Israel-Apologet:innen betonen gern, dass die rechtsradikale Partei immer noch eine Minderheit darstellt. Doch das Ding ist, dass eine Mehrheit der Mandate an Parteien gehen, die ganz ausgesprochen vorhaben, mit den Rechtsradikalen zu koalieren.",2022-11-03 11:50:36+00:00,0,Israel
1587922447617097729,Dizdasta,"Eine Koalition aus Rechten, Rassisten Faschisten gewann die Wahl in Israel. Zionistische Siedler feiern mit Angriffen auf Palästinenser.\n\nUnd die Bundesregierung? Schweigt. Das Auswärtige Amt lehnt die Bezeichnung ""rechtsradikal"" ab.\n\nSchauen wir also, wer hier verharmlost wird",2022-11-02 21:39:48+00:00,0,Israel
1587752666628849670,scheerenberger,Aus Herzls Traum von einem freien demokratischen Israel droht nach dieser Wahl ein autoritär national religiöser Albtraum zu werden. reiht sich ein in die lange Liste zutiefst gespaltener Länder. Aber noch sind nicht alle Stimmen ausgezählt. Ich hoffe weiter …,2022-11-02 10:25:09+00:00,0,Israel
1587385284538388482,bellarocca21,An einem Tag empört sich die grüne Parlamentsvize #claudiaroth Roth über Antisemitismus in Deutschland. \nAm nächsten begrüßt sie freundschaftlich einen Spitzenrepräsentanten der \niranischen Mullahs − \ndie den Holocaust leugnen \nund Israel vernichten wollen.,2022-11-01 10:05:18+00:00,0,Israel
1587342210504491008,spunkta,"Guten Morgen vom dpa-newsdesk, unsere Themen heute u.a.: Nach der Wahl in Brasilien, Parlamentswahl in Israel, Dänemark wählt ebenfalls, Faeser trifft WM-Verantwortliche und Regierungschef in Katar, Fachkräftemangel im Handwerk, Champions-League-Vorrunde endet (ahz)",2022-11-01 07:14:09+00:00,0,Israel
1587143933821435906,JohannSchneide9,"„Die Palästinenser machen auch schlechte Sachen, aber darüber können wir nicht schreiben“\n\nDas ist es, was das deutsche Fernsehen niemals ausstrahlen wird, obwohl deutsche/ europäische Regierungen diesen Israel-Hass mitfinanzieren. #israel #judenhass",2022-10-31 18:06:16+00:00,0,Israel
1586939719786569728,Kalla0000,"Angriff auf einen Kippaträger (22) in #Köln: Laut Polizei haben zwei Syrer (25, 27) den Juden in der Innenstadt mit Blick auf Israel/Palästina beleidigt und mit der Faust ins Gesicht geschlagen, als er bei der Festnahme eines Ladendiebs helfen wollte.",2022-10-31 04:34:47+00:00,0,Israel
1586864447729156096,AlexrOnWeb,"Angriff auf einen Kippaträger (22) in #Köln: Laut Polizei haben zwei Syrer (25, 27) den Juden in der Innenstadt mit Blick auf Israel/Palästina beleidigt und mit der Faust ins Gesicht geschlagen, als er bei der Festnahme eines Ladendiebs helfen wollte.",2022-10-30 23:35:41+00:00,0,Israel
1586706935868706817,Der_Schakal,"Gerade wenn die israelische Politik mit jedem Tag dem Faschismus näher kommt und Itamar Ben-Gvir, der alle ""Verräter"" mit Zügen abschieben möchte, womöglich nächsten Monat Minister wird, erklären deutsche Gerichte NS-Vergleiche im Fall Israel zu einer strafbaren Handlung.",2022-10-30 13:09:47+00:00,0,Israel
1584973613459206145,Pepe88882652,"Die #Apartheid #Israel wird in Zukunft #Kriegsverbrechen Verbrechen gegen die Menschlichkeit begehen, davon ist auszugehen! Werden die Pro-Zionisten Philosemiten in der BRD diese relativieren? Kommt dann die Gesetzesänderung des #Volksverhetzung's-Paragraph 130 zum tragen?",2022-10-25 18:22:11+00:00,1,Israel
1584123104720084993,thilda_mathi,"Die israelische Luftwaffe hat gestern nacht Damaskus angegriffen. Laut syrischer Regierung konnten alle Raketen abgefangen werden.\n\nSeit Beginn des #Syrien-Kriegs hat #Israel hunderte, tausende Male bombardiert.",2022-10-23 10:02:34+00:00,0,Israel
1582735271266635776,Testare1808,Aus operativen Gründen wird #Israel keine Waffen an die #Ukraine liefern - israelischer Verteidigungsminister,2022-10-19 14:07:49+00:00,0,Israel
1582156812001738752,Milatrud11,documenta: Der globale Spden hasst halt Juden und Israel das ist Kunst \n\nFFF: Kampf für das Klima heißt Kampf gegen Israel \n\nHfbK: Geil Israelfeinde lass ma sofort einstellen \n\nKanye: Ich hasse Juden \n\n#Antisemitismus Herbst 2022,2022-10-17 23:49:13+00:00,0,Israel
1581641199840284672,lochmann_dana,"++ Eilmeldung — Israels Minister für Diaspora-Angelegenheiten Nachman Shai drückt seine Unterstützung für die Bewaffnung der Ukraine aus:\n\n""Es ist an der Zeit, dass auch die Ukraine Militärhilfe aus Israel erhält, so wie es die USA und die #NATO-Staaten leisten""",2022-10-16 13:40:22+00:00,0,Israel
1581298900228796421,chkeil44,Kann sich der #Kurze nicht auch irgendwo ankleben aus Protest gegen irgendwas? In Israel oder in den USA?,2022-10-15 15:00:11+00:00,0,Israel
1580243917190012929,ATBrokenNews,Israel segnet Gasabkommen mit Druschba-Ölpipeline ab,2022-10-12 17:08:04+00:00,0,Israel
1579940468968017926,_Granny_M_,"Russlands Bomben müssen stoppen! Wir brauchen eine diplomatische Initiative mit China, Indien, Israel, Südafrika und weiteren! Bin ich kriegsmüde? Ja, absolut!",2022-10-11 21:02:16+00:00,0,Israel
1579929740450099200,EdwardN22812803,"Russlands Bomben müssen stoppen! Wir brauchen eine diplomatische Initiative mit China, Indien, Israel, Südafrika und weiteren! Bin ich kriegsmüde? Ja, absolut!",2022-10-11 20:19:38+00:00,0,Israel
1579904463359606787,Kay_Junge,"Russlands Bomben müssen stoppen! Wir brauchen eine diplomatische Initiative mit China, Indien, Israel, Südafrika und weiteren! Bin ich kriegsmüde? Ja, absolut!",2022-10-11 18:39:11+00:00,0,Israel
1574848668540276738,Kaliba1893,Israel ist ja in die Liga A aufgestiegen lol Respekt,2022-09-27 19:49:16+00:00,0,Israel
1571537241108881417,XVeggieRaccoonX,Israel will Salzburg im Mittelmeer anschließen,2022-09-18 16:30:50+00:00,0,Israel
1567265567429595138,SezAkinci2001,"Gerade zurück aus Israel: Keine einzige Maske gesehen, PCR-Tests gibt es überhaupt keine mehr, vor allem nicht in Apotheken. In der Apotheke heißt es: Warum wollen sie sich überhaupt testen lassen?",2022-09-06 21:36:44+00:00,0,Israel
1567106795788804100,weltnetzTV,Dtld. zahlt weitere 28 Mio € an 23 Angehörige der 1972 ermordeten 11 israel.Sportler.Zu Recht! \n\nAber warum bekamen die Familien von über 100 unschuldigen afghan.Opfern der von einem dt.Oberst befohlenen Bomben auf Kunduz nur wenige 1000$? Ist afghan. Blut so billig?,2022-09-06 11:05:50+00:00,0,Israel
1566514044420427776,IstvanBalog2,"Du hast halt immer die Frage an die FDP, wie hältst du es mit Amerika, wie hältst du es mit Israel, wie hältst du es mit der Nato, wie hältst du es mit fuckin' Putin, aber die Antwort würde einen verunsichern, weil da immer der Möllemann-BFF Kubicki ist.",2022-09-04 19:50:27+00:00,0,Israel
1566426465394196487,steffenk77,"Gerade zurück aus Israel: Keine einzige Maske gesehen, PCR-Tests gibt es überhaupt keine mehr, vor allem nicht in Apotheken. In der Apotheke heißt es: Warum wollen sie sich überhaupt testen lassen?",2022-09-04 14:02:26+00:00,0,Israel
1566077546856415234,holmesgmx,"Gerade zurück aus Israel: Keine einzige Maske gesehen, PCR-Tests gibt es überhaupt keine mehr, vor allem nicht in Apotheken. In der Apotheke heißt es: Warum wollen sie sich überhaupt testen lassen?",2022-09-03 14:55:58+00:00,0,Israel
1564348527718944768,Milatrud11,"Wo ist linke Solidarität mit Juden_Jüdinnen, wenn antisemitische Eskalationen keinen Abbruch nehmen? Wo ist linke Solidarität mit Juden_Jüdinnen vor dem Hintergrund gesellschaftsweiter antisemitischer Mobilisierung durch Querdenken? Wo ist linke Solidarität mit Juden_Jüdinnen 1/4",2022-08-29 20:25:27+00:00,0,Juden
1563413869930119168,Haferlasche,In den letzten Augusttagen 1941 ermordeten Angehörige des deutschen Polizeibataillons 320 u Mitglieder der SS nahe Kamenez-Podolsk in der besetzten Ukraine mehr als 23.000 Jüdinnen u Juden. D Opfer wurden zuvor im Bündnis mit Ungarn in d Region deportiert. #WeRemember #OnThisDay,2022-08-27 06:31:28+00:00,0,Juden
1562307421128761344,Rumpelxd,"sogar der intersektionale Feminismus, wird von Antisemit*innen instrumentaliert, um ihren Judenhass getarnt als Israelkritik weiter salonfähig zu machen. \n\nJuden_Jüdinnen deaktivieren Accounts kollektiv!\n\nMein Herz ist gebrochen Euer Schweigen wegen!",2022-08-24 05:14:50+00:00,0,Juden
1561389637184151552,Davidbennaftali,"Europäische Juden mussten erst außerhalb Europas einen Staat errichten, damit sie von den Europäern endlich als Europäer anerkannt werden.",2022-08-21 16:27:53+00:00,0,Juden
1561320499799629825,Harald20972979,"""Damals waren es die #Juden, heute sind es die #Ungeimpften, die sich weigern, sich mit einem experimentellen #Impfstoff spritzen zu lassen.""\nSagt nicht irgendwer, sondern in diesem Augenblick die #Holocaust Überlebende Sharav in Nürnberg.\n#Nuernbergerkodex Gedenkveranstaltung",2022-08-21 11:53:09+00:00,0,Juden
1559822689728069632,andreas_esch,"Es gab in der Menschheitsgeschichte nur EINEN #Holocaust, verübt von Deutschen, ihren Helferinnen+Helfern an über 6 Millionen Jüdinnen + Juden. Wer das (wiederholt+systematisch) zu relativieren versucht, kann als Gesprächspartner, Politiker+Gast nicht mehr ernst genommen werden.",2022-08-17 08:41:23+00:00,0,Juden
1558392536993079297,qarolinskaya,"#OTD Vor 80 Jahren, 11.-12. August 1942 erschossen dt. Sonderkommandos etwa 15 Tausend Juden im südrussischen Rostov am Don. Unter ihnen befand sich Psychoanalytikerin Sabine Spielrein - Schülerin von Carl Jung und Sigmund Freud. Man verschleppt sie mit ihren beiden Töchtern..1/7",2022-08-13 09:58:29+00:00,0,Juden
1558351979180605441,systemnutte,"#OTD Vor 80 Jahren, 11.-12. August 1942 erschossen dt. Sonderkommandos etwa 15 Tausend Juden im südrussischen Rostov am Don. Unter ihnen befand sich Psychoanalytikerin Sabine Spielrein - Schülerin von Carl Jung und Sigmund Freud. Man verschleppt sie mit ihren beiden Töchtern..1/7",2022-08-13 07:17:19+00:00,0,Juden
1558138370534014982,richardberger21,"#Gott ist für mich...\n(Antworten sollten hier Juden, Christen und Muslime)\nBitte #Retweet.\n\n#Umfrage #religion #Allah #Jahwe #Jesus #jesuschristus #Kirche #katholisch #evangelisch",2022-08-12 17:08:31+00:00,0,Juden
1557805643205066755,Marco_W_S,Die Einladung des Frontmanns der Band Frei.Wild für 1 Abend zu Esther Bejaranos Vermächtnis ist nicht nur eine Entwürdigung der Antifaschistin #Bejarano. Hier werden außerdem neurechte Positionen durch die Aneignung toter lebender Juden*Jüdinnen normalisiert. Wirklich Ekelhaft.,2022-08-11 19:06:22+00:00,0,Juden
1557709729786433536,duuutch_schultz,Die Einladung des Frontmanns der Band Frei.Wild für 1 Abend zu Esther Bejaranos Vermächtnis ist nicht nur eine Entwürdigung der Antifaschistin #Bejarano. Hier werden außerdem neurechte Positionen durch die Aneignung toter lebender Juden*Jüdinnen normalisiert. Wirklich Ekelhaft.,2022-08-11 12:45:15+00:00,0,Juden
1556587391254761472,Arne4Future2,Aber die Propaganda der Terroristen verwandelt Europa wieder in die Hölle für Jüdinnen und Juden. Wie dadurch den Menschen in Gaza geholfen wird? Gar nicht. Geht es also letztendlich überhaupt darum?,2022-08-08 10:25:28+00:00,0,Juden
1556161568857296896,rc_schneider,"Heute ist Tisha be‘Av. Ein Fasttag, der an die Zerstörung der beiden jüd. Tempel erinner. Darum werden nationalreligiöse Juden auf den Tempelberg gehen, wo Felsendom und al-Aqsa stehen 1/",2022-08-07 06:13:24+00:00,0,Juden
1555530305867497472,KJehonathan,"#ElseImme stellte ihre Wohnung für illegale Treffen der #RoteKapelle zur Verfügung, hörte ausländische Radiosender ab, verbreitete die Informationen. Unterstützte Juden Jüdinnen und versteckte politisch Verfolgte in ihrer Wohnung. Verhaftung im Oktober 1942. Tod #OtD 1943.",2022-08-05 12:24:59+00:00,0,Juden
1555264123088379906,SiMorgenstern,"German Angst.\n\nVor Kommunisten, vor Juden, vorm schwarzen Mann, vor mehr als 30 Grad, vor dem Russen, vor Corona, vor Atomkraft, vor den Affenpocken, vor freier Meinungsäußerung, vor den Grundrechten.\n\nHab ich was vergessen aus den letzten 100 Jahren?",2022-08-04 18:47:17+00:00,0,Juden
1553813482549780483,whosholli1,Frauen sagen Männer sollen ihren Gefühlen freien Lauf lassen als wären beim letzten Mal wo ein Mann seinen Gefühlen freien Lauf gelassen hat nicht 6 Millionen Juden gestorben,2022-07-31 18:42:57+00:00,0,Juden
1552937221619081216,bellarocca21,"Reformen haben es noch schlimmer gemacht\n\nDass die Schulbücher, mit denen aktuell 1,3 Millionen palästinensische Kinder und Jugendliche unterrichtet werden, Hass auf Juden schüren und auch zu Terroranschlägen aufrufen, ist seit Jahren bekannt",2022-07-29 08:41:00+00:00,0,Juden
1552743515762921476,Tarek_Bae,Die Botschaft Albaniens in Berlin gab beispielsweise während der Regentschaft der Nazis über sechs Jahre falsche albanische Pässe an Juden in Deutschland raus.,2022-07-28 19:51:17+00:00,0,Juden
1552658057766780929,raahoff,"Zwergenhafte, verweichlichte Figuren mit Hakennase und Davidstern wie aus dem Alptraum-Bilderbuch des Judenhasses und irgendwelche Flachpfeifen in Kassel erzählen was davon, das zeige keine „Juden als solche“. Ich hab so eine Mordswut in mir. #Documenta #Antisemitismus",2022-07-28 14:11:42+00:00,0,Juden
1552638696817565700,sbkDiggi17,"Das Antirassisten dies in ihren Theorien bisweilen nicht sehen können (wollen) liegt nicht zuletzt an diesem Moment: Die Juden als das Dritte, gehören weder zum ‚Wir‘ noch zum ‚Anderen‘. Sie sind demnach das zersetzende Element aller Völker.",2022-07-28 12:54:46+00:00,0,Juden
1552168813101486080,mateil91,"Vor 2 Wochen hat Karl Nehammer Yad Vashem in besucht und den von den Nazis ermordeten Jüdinnen und Juden gedacht. Am Donnerstag empfängt er Viktor Orbán, der vor einer „Vermischung der Rassen“ warnt und Holocaust-Witze wegen der Gaskrise macht. Wie geht sich das aus?",2022-07-27 05:47:37+00:00,0,Juden
1551939516218441728,AlfredSchrittw1,"Vor 2 Wochen hat Karl Nehammer Yad Vashem in besucht und den von den Nazis ermordeten Jüdinnen und Juden gedacht. Am Donnerstag empfängt er Viktor Orbán, der vor einer „Vermischung der Rassen“ warnt und Holocaust-Witze wegen der Gaskrise macht. Wie geht sich das aus?",2022-07-26 14:36:28+00:00,0,Juden
1551682375695962114,ulrich_ibald,"NAZIS: Kauft nicht bei Juden !!,... Dann folgte\nAuschwitz \nGRÜNE: Deutschland verrecke !!... Dann ????\nWehret den Anfängen!!",2022-07-25 21:34:41+00:00,0,Juden
1551520295055409152,Waldeule1,"6\nIn 8 von 10 Kantons in Bosnien gibt es mehr Roma, Juden etc als Serben - aber sie haben kein Recht auf Repräsentation. Nach Schmidts Gesetz zählen Stimmen von Juden, Roma, anderen Minderheiten Menschen aus ""Mischehen"" NICHTS. Kroatische Stimmen 4 Mal so viel wie bosniakische.",2022-07-25 10:50:38+00:00,0,Juden
1551468342975791105,rubenmcloop,"Wer sich an dieser Stelle wundert, sollte sich fragen, warum Juden*Jüdinnen weniger rechts, reaktionär, bellizistisch oder sozialdarwinistisch drauf sein sollten als andere Menschen. Sie sind ja Menschen, right? Es wäre top, wenn deutsche Redaktionen das endlich einsehen. /x",2022-07-25 07:24:12+00:00,0,Juden
1550577531627225095,chhay_lu,Heute vor 80 Jahren begann die Deportation von Jüdinnen und Juden aus dem Warschauer Ghetto ins Vernichtungslager Treblinka. Die Nationalsozialisten ermordeten dort über 800.000 Menschen. Wir alle müssen uns #Antisemitismus vehement entgegenstellen. Immer. #NeverForget,2022-07-22 20:24:26+00:00,0,Juden
1550563727099006977,UndMohn,Was ist eigentlich mit dem Rückkehrrecht für die aus den arabischen Ländern vertriebenen Juden?,2022-07-22 19:29:35+00:00,0,Juden
1550350202669830144,schumacherilse1,"Aber erinnern bedeutet verändern. Erinnerung funktioniert nicht, ohne den Bezug zur Gegenwart. In der Gegenwart leben Jüdinnen:Juden, die an der Uni Tü studieren, weiterhin mit dem Wissen, dass ihre Uni einen Antisemiten ehrt. (4/7)",2022-07-22 05:21:07+00:00,0,Juden
1550061185554415616,onward_always,"Die Kampagne gegen Henryk Broder unterstreicht, was David Schneider in der Bahamas über ein spezifisch deutsches Judenbild schrieb: \n\n""Juden sollen sich nicht als autonome politische Subjekte verhalten, sondern als 'moralische Pausenclowns für das wohlige Gruseln' (Eike Geisel).""",2022-07-21 10:12:40+00:00,0,Juden
1549699031072481282,ZitateRT,"Mal ein kleines Zitat aus einem Brief Stauffenbergs für alle die es nicht verkraften wenn man ihn rassist nennt: „Die Bevölkerung ist ein unglaublicher Pöbel, sehr viele Juden und sehr viel Mischvolk. Ein Volk welches sich nur unter der Knute wohlfühlt. Die Tausenden von",2022-07-20 10:13:35+00:00,0,Juden
1549394250143604748,GinzPetr,"10.X.1941 (Freitag)\nVormittags in der Schule. Ehrlich aus der Parallelklasse fährt am Montag mit dem ersten Transport von 5000 Juden nach Polen.\nJeder darf 50 kg Gepäck mitnehmen, Geld, Decken, Essen und Versicherungspolicen.\nNachmittags waren Eva II und Hanka Steinerová hier.",2022-07-19 14:02:30+00:00,0,Juden
1549360484310306816,dramaundgedoens,"Rechte und Schwurbler so: \nschuld an unserem persönlichen Unglück, Versagen und Lebensfrust sind: \n- Flüchtlinge \n- Juden \n- Merkel \n- Antifa\n- Die Grünen \n- Masken \n- Pandemiepolitik \n- Hygienevorschriften\n- Händewaschen \n- Die Ukraine, weil sie angegriffen wird",2022-07-19 11:48:19+00:00,0,Juden
1546892796627505158,RolandCarlos1,"Sie machen heute mit uns genau das was sie früher mit den Juden gemacht haben, ausschlachten und dann alles vertuschen…\nNur die Kohle zählt, jedes Lebewesen ist lästig…\nDas ist Österreich!!!!!!",2022-07-12 16:22:37+00:00,0,Juden
1545047109547618304,meemsaf,"Ein Vertreter des Zentralrats der Juden fordert im Bundestag einen ""Selbstreinigungsprozess"" im Kulturbetrieb und die Entfernung von Menschen, die seine rechte Politik zu Israel-Palästina nicht teilen. Und eine Demo von trans* Aktivist*innen soll die Meinungsfreiheit gefährden...",2022-07-07 14:08:31+00:00,0,Juden
1544281487142535170,AStaroselski,"Fatma Özdağlar zu #Ataman: Ich wünsche mir Jemanden, der dagegen vorgeht, dass viele antirassistische Bündnisse kein sicherer Ort für Juden sind, der sich nicht kritiklos hinter eine migrantische Antifa-Bewegung stellt, bei deren Demos zum Terror gegen Israel aufgerufen wird.",2022-07-05 11:26:12+00:00,0,Juden
1542968791751180288,photogirl_marie,"#Heute vor 81 Jahren, fand der Pogrom an den Lemberger Juden statt. Das ganztägige spontane Massaker am 1. Juli 1941 gehört zu den blutigsten antijüdischen Ausschreitungen der Holocaustgeschichte. Der Kontext des Pogroms ist der Einmarsch der Deutschen in Lwiw/Lemberg u. die 1/11",2022-07-01 20:30:01+00:00,0,Juden
1542842497810014208,ZSanssouci,"#Heute vor 81 Jahren, fand der Pogrom an den Lemberger Juden statt. Das ganztägige spontane Massaker am 1. Juli 1941 gehört zu den blutigsten antijüdischen Ausschreitungen der Holocaustgeschichte. Der Kontext des Pogroms ist der Einmarsch der Deutschen in Lwiw/Lemberg u. die 1/11",2022-07-01 12:08:10+00:00,0,Juden
1542802234882330624,holgertma,"#Heute vor 81 Jahren, fand der Pogrom an den Lemberger Juden statt. Das ganztägige spontane Massaker am 1. Juli 1941 gehört zu den blutigsten antijüdischen Ausschreitungen der Holocaustgeschichte. Der Kontext des Pogroms ist der Einmarsch der Deutschen in Lwiw/Lemberg u. die 1/11",2022-07-01 09:28:11+00:00,0,Juden
1542744769323057153,Biftu40309463,"Der ukrainische Botschafter Andrij Melnyk ist ein Leugner der Beteiligung der Ukrainischen Natonalisten am Holocaust und dem Völkermord an Polen. ""Bandera war kein Massenmörder von Juden und Polen"".\nWas auch der Spiegel anders sieht: Unter Historikern bestehe allerdings",2022-07-01 05:39:50+00:00,0,Juden
1541420085511917568,CeliaKandis,"Julius Wallach wurde in Bielefeld geboren, sein Bruder Moritz in Geseke. Weil sie Juden waren, wurden sie später von den Nationalsozialisten verfolgt, konnten aber 1939 in die USA emigrieren. Mehrere ihrer Geschwister wurden während der Schoah ermordet.",2022-06-27 13:56:01+00:00,0,Juden
1541288367907807233,ULilie98,"27. Juni 1941: Das deutsche Polizei-Bataillon 309 brennt in Białystok die Große Synagoge nieder, in der etwa zweitausend zusammengetriebene Juden eingesperrt sind.",2022-06-27 05:12:37+00:00,0,Juden
1541036166601924608,maxim20105,"Der Islamismus ist eine ernsthafte Gefahr für unsere offenen, liberalen Gesellschaften in Norwegen, Deutschland, Europa und der ganzen Welt. Er verachtet sexuelle Minderheiten, Frauen, Juden und Andersgläubige und kostet Menschenleben. Bieten wir ihm die Stirn. #Oslo",2022-06-26 12:30:27+00:00,0,Juden
1540918253609959424,derPankower,"Der Islamismus ist eine ernsthafte Gefahr für unsere offenen, liberalen Gesellschaften in Norwegen, Deutschland, Europa und der ganzen Welt. Er verachtet sexuelle Minderheiten, Frauen, Juden und Andersgläubige und kostet Menschenleben. Bieten wir ihm die Stirn. #Oslo",2022-06-26 04:41:55+00:00,0,Juden
1540107307077566467,LucaBrunsch,"Es wird düster für Juden*Jüdinnen in linken Milieus.\n„Stürmer“-Karikaturen und Shoa-Relativierungen sind nun legitime Perspektiven eines imaginierten globalen Südens\n\nDie Kritik an Antisemitismus wird als eurozentristische und noch absurder, als deutsche Perspektive gelabelt 1/3",2022-06-23 22:59:30+00:00,0,Juden
1539771223563010060,Die_Nervensaege,"Was ist denn nun der Unterschied zwischen ""dem Juden"" und ""dem Schattenmenschen""?\n\nDer Schattenmensch ist eine Fiktion, man kann ihn nicht angreifen. Beim ""Der Jude"" jedoch überträgt man die Fiktion und übermalt mit ihr die Wirklichkeit. Aus einer Idee wird eine Tat.",2022-06-23 00:44:01+00:00,0,Juden
1539406117758976003,the1brainsheep,"Juden als böse Blutsauger darzustellen, ist übrigens nicht nur „wegen des besonderen historischen Kontextes“ in Deutschland Scheiße, sondern es war schon lange vor der Shoa Scheiße, und es ist in allen Ländern der Welt Scheiße (inkl. Indonesien, inkl. Palästina). #documenta",2022-06-22 00:33:13+00:00,0,Juden
1539185881403338752,volkmannschluck,"Juden als böse Blutsauger darzustellen, ist übrigens nicht nur „wegen des besonderen historischen Kontextes“ in Deutschland Scheiße, sondern es war schon lange vor der Shoa Scheiße, und es ist in allen Ländern der Welt Scheiße (inkl. Indonesien, inkl. Palästina). #documenta",2022-06-21 09:58:05+00:00,0,Juden
1539182981272698880,GerhardKeller7,"Hat sich diese Sichtweise schon so internalisiert, dass Jüdinnen und Juden eigentlich heute keine Opfer mehr sein können, weil in Israel auch von Jüdinnen und Juden (Staats-)Gewalt ausgeübt wird? Dass sie in Deutschland weniger Opfer sind als bPoC? Dass es ein Ranking gibt?",2022-06-21 09:46:34+00:00,0,Juden
1539023475150667776,tumblraddictedm,"Die abscheulichen antisemitischen Darstellungen und Vergleiche bei der #documenta15 müssen Konsequenzen haben. Es darf nicht sein, dass mit Bundesmitteln gegen #Israel und gegen Jüdinnen und Juden gehetzt wird. Die Förderung der Documenta mit Steuergeldern muss auf den Prüfstand.",2022-06-20 23:12:44+00:00,0,Juden
1538122288373157891,MiWi_55,"Das größte Problem der Palästinenser ist, dass sie nur dann in’s Rampenlicht gezerrt werden, wenn es gegen Israel und Juden geht. Ihre katastrophale Lage in arabischen Ländern oder unter ihrer eigenen Verwaltung (PA und Hamas) interessiert niemanden.",2022-06-18 11:31:45+00:00,0,Juden
1537411640701902851,ALM_NL,"Ferda #Ataman lehnt ein Melderegister für Antisemitismus ab und glaubt nicht, daß durch die moslemische Zuwanderung Antisemitismus importiert worden sei.\n\nIch habe vollstes Verständnis für jene Juden, die Deutschland in jüngster Zeit den Rücken gekehrt haben.",2022-06-16 12:27:53+00:00,0,Juden
1537096921696845824,Mirjam_Fischer,"Mit Meinhof verbindet Malm eine Leidenschaft für palästinensischen Terror gegen Juden.\n\nDer „Pionier der Pipeline-Sabotage“ sei der „palästinensische Widerstand“, schwärmt Malm von der Terror-Organisation PFLP, die ihre Geiseln gern in Juden und Nicht-Juden einteilte.",2022-06-15 15:37:18+00:00,0,Juden
1536882433496342528,Roger52116269,"Manche meinen, dass Juden den Holocaust für sich missbrauchen und sprechen vom Bombenholocaust.\n\nManche meinen, dass Israel den Holocaust missbraucht und sprechen vom Holocaust an den Palästinensern.\n\nUnd ja, manche missbrauchen Israel für ihren Antisemitismus.\n#HijackingMemory",2022-06-15 01:25:00+00:00,0,Juden
1536111752546500611,JohannLittmann,"In Frankreich ist die Zahl der Juden seit 2000 von 500'000 auf rund 40'000 gesunken. Wenn die Muslime mit ihnen ganz fertig sind, werden sie sich ein anderes Ziel suchen...",2022-06-12 22:22:36+00:00,0,Juden
1532318097834708993,edgelord9991,"Hahahaha neulich hat mich Mal wer gefragt ob ich Mal für ihn backen kann, weil die Judenbacken ja so gutes Brot",2022-06-02 11:07:58+00:00,0,Juden
1531912664376659968,Grossmummrich,"#Ukraine. Sanktionen wirken langsam. Aber der Ukraine geht die Puste aus.Und immer noch keine robusten Waffen aus Dt. In WWII wurden die Ukrainer - Slawen und Juden - von Deutschen vernichtet. Heute verwehren wir ihnen die Waffen, mit denen sie sich schützen könnten.",2022-06-01 08:16:55+00:00,0,Juden
1531899251441258496,Mariya_Bra,"#Ukraine. Sanktionen wirken langsam. Aber der Ukraine geht die Puste aus.Und immer noch keine robusten Waffen aus Dt. In WWII wurden die Ukrainer - Slawen und Juden - von Deutschen vernichtet. Heute verwehren wir ihnen die Waffen, mit denen sie sich schützen könnten.",2022-06-01 07:23:37+00:00,0,Juden
1531841633485979649,TorstenSternbe1,"#Ukraine. Sanktionen wirken langsam. Aber der Ukraine geht die Puste aus.Und immer noch keine robusten Waffen aus Dt. In WWII wurden die Ukrainer - Slawen und Juden - von Deutschen vernichtet. Heute verwehren wir ihnen die Waffen, mit denen sie sich schützen könnten.",2022-06-01 03:34:40+00:00,0,Juden
1530081261951279104,JanSueselbeck,P.S.: Die Juden waren auch Polen.,2022-05-27 06:59:35+00:00,0,Juden
1528743371128414209,stephanhallmann,"Es ist spannend, welcher ""Sturm"" aufzieht, wenn man kritisch an offiziellen deutschen Tabus rührt: früher einmal ""unwert"", heute ""unantastbar"". Deutschland muss lernen, seine ungesund extremistische Haltung gegenüber allem jüdischen aufzugeben. Und, den Respekt gegenüb. Juden../2",2022-05-23 14:23:17+00:00,0,Juden
1528729649030778880,sandorragaly,"sich als am effizientesten (vorher: Massenerschießungen, dann Lkw, bei denen die Abgase in einen abgeschlossenen Laderaum geleitet wurden, voller Juden). In alle Welt brachte die Deutschen der Wahn. Und das war die Revanche, auch andere Verlierer des 1. Weltkriegs dabei: Horthy",2022-05-23 13:28:45+00:00,0,Juden
1526933448962756608,Nicole6112,In #Budapest leben viel mehr Juden als Muslime. Ihre Einrichtungen müssen auch nicht wie in #Berlin von der Polizei bewacht werden! #Ungarn,2022-05-18 14:31:17+00:00,0,Juden
1526617547302395907,Die_Nervensaege,"Nach so einigen können Juden keine Antisemiten sein, aber Nazis. \n\nBei so einigen genau umgekehrt.",2022-05-17 17:36:01+00:00,0,Juden
1526249858713124865,ProtestFotoDD,"Bei all den Leuten die heute wegen der Nakba auf die Straße gegangen sind wird gerne verschwiegen, dass wesentlich mehr Juden zur Selben Zeit aus Arabischen Ländern vertrieben wurden. Länder mit einer über Tausendjahre alten j. Tradition sind bis heute zum Teil Judenfrei.",2022-05-16 17:14:57+00:00,0,Juden
1525855987504226309,vadimpolitics,"Also lässt euch nicht verarschen, Israel ist nicht gleich Juden oder Judentum. Es ist ein Staat, ein Instrument herrschender Klasse und Unterdrückungsinstrument gegenüber beherschender Klasse. Egal welcher Nationalität.",2022-05-15 15:09:51+00:00,1,Juden
1525401236710772738,normalemoewe,"Es muss auch in allen muslimischen Communities ganz klar sein: Hass gegenüber Jüdinnen und Juden dulden wir nicht. Wir haben gerade in Deutschland eine besondere Pflicht und Verantwortung, #Antisemitismus mit aller Entschiedenheit zu bekämpfen.",2022-05-14 09:02:50+00:00,0,Juden
1525036378941276160,maienregen,"Wer der Überzeugung ist, die gesamte jüngere Weltgeschichte werde von geheimen Hintergrundmächten - Freimaurern, Jesuiten, Juden - gesteuert, die sich der Politiker wie Marionettenspieler bedienten, ist ein Verschwörungsgläubiger und für rechte Oppositionsarbeit unbrauchbar.\n1/2",2022-05-13 08:53:01+00:00,0,Juden
1524819411483369480,andreasfrey5,"Wir haben seit letztem Jahr und noch einmal in den letzten Wochen eine massive Radikalisierung der israelfeindlichen Demonstrationen erlebt: der antisemitische Hass richtete sich dabei gegen Israel, aber auch gegen Jüdinnen und Juden in Deutschland. (1/6)",2022-05-12 18:30:52+00:00,0,Juden
1524755119614664705,Johann_v_d_Bron,Beatrix von Storch und damit die #AfD ist nicht ins Kuratorium der „Stiftung Denkmal für die ermordeten Juden Europas“ gewählt worden.\n\n#Bundestag,2022-05-12 14:15:23+00:00,0,Juden
1523959299361366016,Michael_Kunz,"5/x Es ist beschämend, wie der Völkermord an den europäischen Juden von manchen #Corona-Leugnern, die sich einen gelben Stern anheften, verharmlost wurde. Immer wieder werden Juden als Schuldige gesucht. #Antisemitismus #Querdenker",2022-05-10 09:33:05+00:00,0,Juden
1521871808244375552,JocundaMelrose,"Angesichts der online verbreiteten #FakeNews betonen wir erneut:\n\nDer Status quo auf dem #Tempelberg und in der Altstadt Jerusalems ist unverändert. Besuche von Juden auf dem Tempelberg, in kleinen Gruppen und zu bestimmten Zeiten, sind seit vielen Jahren normale Praxis.\n\n1/4",2022-05-04 15:18:08+00:00,0,Juden
1521377124397068290,Hans_Opa,"Lawrows Behauptung, dass Hitler ""auch jüdisches Blut"" gehabt habe, ist nur noch einen Schritt entfernt von der Verschwörungstheorie, dass Juden sich in der Shoah selbst vernichtet hätten. Die russische Kriegsrhetorik des Antifaschismus entlarvt sich als Antisemitismus.",2022-05-03 06:32:26+00:00,0,Juden
1521077141349220354,herbstdepressio,"Nach der ungeheuerlichen Aussage des russischen Außenministers Lavrov über ""Juden als größte Antisemiten"" wurde der russische Botschafter in Israel ins Außenamt zitiert. Israel hat sich bisher den Sanktionen gegen Russland nicht angeschlossen. Mal sehen, ob das noch so bleibt.",2022-05-02 10:40:25+00:00,0,Juden
1520673919841222657,Mica4711,"Ein Problem bei der Gleichsetzung Ungeimpfter mit der Kategorie ""Juden"" im Nationalsozialismus ist, dass damit behauptet wird, die ""Juden"" hätten sich durch irgendeine bestimmte und bewusste Handlung ausgezeichnet. Das ist falsch und 1 krasse Reproduktion von Nazi-Propaganda.",2022-05-01 07:58:09+00:00,0,Juden
1388079022937104385,JoJostsee,"Heute gelesen, dass das neue ""Kauft nicht bei Juden"" ""Kauft nicht bei Rechtsextremen"" sei. Und wirklich, das ist der widerlichste und ekelhafteste Vergleich, den man machen kann. So offen die Opfer des Holocaust mit ihren Tätern auf eine Stufe zu stellen, ist wahrlich pervers.",2021-04-30 10:33:22+00:00,0,Juden
1388040677167075330,schabanacke,"Unnützesgezwitschere #21:\n\nWenn man auf Antisemitismus aufmerksam macht kommt die Islamfeindlichkeit raus und man sagt: ""die mohamedaner hassen die juden"".",2021-04-30 08:01:00+00:00,0,Juden
1387458959146110988,BineHettler,"Ü70-Kundin hat sich heute bezugnehmend auf den Davidstern um meinen Hals entzückt darüber gezeigt ""mal einen Juden in einem normalen Beruf zu sehen, denn normal sind die ja alle Banker"".\n\nAch.",2021-04-28 17:29:28+00:00,0,Juden
1387325607097339905,Generalmarty2,"Mir ist heute plötzlich eins so klar geworden: wir Juden dürfen Opfer sein - aber wir dürfen uns nicht wehren. Sobald wir uns wehren, sind wir böse. Wir können am Ende also nur verlieren.",2021-04-28 08:39:34+00:00,0,Juden
1386474277109698564,ExperieceWhv,und ihr #juden wenn ihr weiterhin unschuldige verurteilt ist es doch wahr das israel menschenrechte verletzt und kindesmörder und mörder sind und verflucht sind und israel ist des ... geweiht.,2021-04-26 00:16:41+00:00,1,Juden
1384797604328972290,JohnLocke1908,"Pianist Levit hat twittert: ""Die AfD besteht aus Menschen, die ihr Menschsein verwirkt haben."" \nSchäuble hat an alle Opfer des Nationalsozialismus erinnert. Nationalsoz. unterstützt von vielen Deutschen, hätten den Antisemitismus gesteigert -Juden das Menschsein abgesprochen.",2021-04-21 09:14:11+00:00,0,Juden
1384612399576092672,kardesce24,"Dabei ist dieser Gesetzesvorschlag nichts weiter als die Manifestation rechter Forderungen, nämlich die systematische Ausgrenzung von sichtbaren Muslimen und Juden aus dem Staatsdienst. Es ist ein Kopftuchverbot unter dem Deckmantel des Kampfes gegen rechts.",2021-04-20 20:58:15+00:00,0,Juden
1384545502268645378,dd_nazifrei,"Corona-Leugner:innen/Coronazis oder wie auch immer haben kein Problem, mit Nazis gemeinsame Sache zu machen, den Holocaust zu relativieren oder dies zu tolerieren, sich als ""die neuen Juden"" (gegendert wird da nicht) zu identifizieren und Millionen von Toten zu leugnen #b2104",2021-04-20 16:32:26+00:00,0,Juden
1383369302112292874,roaladom,"Wenn PoC und Juden vorgeworfen wird, ihre antirassistische Arbeit und der Kampf gegen Antisemitismus wären ein „Geschäftsmodell“, dann ist das im Bestfall die verrückte Erwartung, dass wir unsere Aufklärungsarbeit kostenlos zu machen haben und im schlechtesten Fall Rassismus.",2021-04-17 10:38:38+00:00,0,Juden
1383046033903644672,DoertyRamirez,"Wenn PoC und Juden vorgeworfen wird, ihre antirassistische Arbeit und der Kampf gegen Antisemitismus wären ein „Geschäftsmodell“, dann ist das im Bestfall die verrückte Erwartung, dass wir unsere Aufklärungsarbeit kostenlos zu machen haben und im schlechtesten Fall Rassismus.",2021-04-16 13:14:04+00:00,0,Juden
1381864564644536321,realsci_DE,"Juden_Jüdinnen werden mit Mäuseköpfen und Deutsche bzw. Nazis mit Katzenköpfen dargestellt. In MAUS geht es aber auch um Spiegelmans eigene jüdische Identität, um Fragen der Un-Darstellbarkeit der Shoah und um die problematische Beziehung zu seinem Vater. 3/",2021-04-13 06:59:20+00:00,0,Juden
1381335102614081537,hanni__su,"""'Deutschland, wo das Blut der ermordeten Juden noch in jeder Gasse klebt.' (...) Es gibt kein Blut in deutschen Gassen, weil die deutschen Juden wurden ermordet in Teilen Osteuropas und sie sind in Rauch aufgegangen.""\n\nSagt Hr. Martin #literarischesquartett\nKeiner widerspricht.",2021-04-11 19:55:27+00:00,0,Juden
1381197499046694912,SkillkeBBQ,"Es ist Sonntagmorgen, ich trinke einen Kaffee, schaue, was auf Twitter los ist und sehe, dass das Literarische Quartett ernsthaft diskutiert, warum es deren geschichtsvergessener und ignoranter Meinung nach in Deutschland kein Blut ermordeter Juden in den Gassen gäbe. Widerlich.",2021-04-11 10:48:39+00:00,0,Juden
1380130195345117186,aryeshalicar,"Heute ist der Holocaust Gedenktag in .\nDer Holocaust war die Hölle auf Erden. Wir Juden waren schwach, hilflos und wurden abgeschlachtet.\nHeute sind wir stark selbstbewusst, und haben Israel und die IDF.\nDAS WIRD UNS NIEMAND JEMALS WIEDER NEHMEN KÖNNEN.",2021-04-08 12:07:34+00:00,0,Juden
1380096216587976704,MichaelBonvalot,"... verniedlicht und verherrlicht wird. (...)\n\nDer Führer hat die Wiener schon richtig erkannt. Sie stellen ein widerwärtiges Pack dar, das aus einer Mischung zwischen Polen, Tschechen, Juden und Deutschen besteht.""\n\n...",2021-04-08 09:52:33+00:00,0,Juden
1379766605987655681,DrThomasBruns,"Aus eigener Erfahrung kann ich sagen, dass Weisse nicht mehr und nicht weniger rassistisch drauf sind als Braune oder Schwarze oder Gelbe, Juden oder Muslime.\nWer sich angeblich gegen Rassismus einsetzt und nur eine Farbe oder Religion anpöbelt, der ist selber ein Rassist.",2021-04-07 12:02:48+00:00,0,Juden
1379690590410014720,pized,"Vor 80 Jahren marschierte die Wehrmacht in Jugoslawien und Griechenland ein. Über 1,5 Millionen Menschen starben. Fast alle Jüdinnen und Juden Südosteuropas wurden vernichtet. \n\nIn Deutschland ist das heute kein großes Thema.",2021-04-07 07:00:44+00:00,0,Juden
1379540471186345999,FalMja,"Aus eigener Erfahrung kann ich sagen, dass Weisse nicht mehr und nicht weniger rassistisch drauf sind als Braune oder Schwarze oder Gelbe, Juden oder Muslime.\nWer sich angeblich gegen Rassismus einsetzt und nur eine Farbe oder Religion anpöbelt, der ist selber ein Rassist.",2021-04-06 21:04:13+00:00,0,Juden
1379458236726788099,RoRoRomy5,"Vor 80 Jahren marschierte die Wehrmacht in Jugoslawien und Griechenland ein. Über 1,5 Millionen Menschen starben. Fast alle Jüdinnen und Juden Südosteuropas wurden vernichtet. \n\nIn Deutschland ist das heute kein großes Thema.",2021-04-06 15:37:27+00:00,0,Juden
1379396122389712905,HolocaustRef,"#OTD 6.4.1920\n\nHitler in München über die Juden:\n\n[...] es beseelt uns die unerbittliche Entschlossenheit, das Übel an der Wurzel zu packen und mit Stumpf und Stiel auszurotten. [Dazu] muß uns jedes Mittel recht sein, selbst wenn wir uns mit dem Teufel verbinden müßten.",2021-04-06 11:30:38+00:00,0,Juden
1378972846978961409,SteSandor,"Warum hört man nichts von führenden deutschen Politiker*innen, nachdem deutscher Polizist einen Juden aufgefordert hat, den Judenausweis zu zeigen?\nRedet ihr nicht ständig was von „sich dem Antisemitismus entgegenstellen“?",2021-04-05 07:28:41+00:00,0,Juden
1378635888356384769,aufsmaulsuppe,"Der heutige #Karfreitag hat eine lange antijüdische Tradition. Die kath. Kirche sollte endlich die stille Duldung antijüdischer Passagen im Ritus unterbinden. Ein #Thread: \nSeit 6.Jh. wurde im Gebet für die Bekehrung der „treulosen“ Juden gebetet, was oft zu Gewalttaten führte./4",2021-04-04 09:09:44+00:00,0,Juden
1378611355016687618,JuliaStallinger,"Zunächst mal frohe Ostern an meine christlichen Mitbürger*innen\n\nMeine Inbox hat mich heute inspiriert, diesen festlichen Anlass zu nutzen, euch eine Frage zu stellen, zu der mich interessieren würde, ob euch die Antwort bewusst ist:\n\nFeiern Juden* traditionell Ostern?",2021-04-04 07:32:15+00:00,0,Juden
1378048153312759809,drunkonhugs,"Der heutige #Karfreitag hat eine lange antijüdische Tradition. Die kath. Kirche sollte endlich die stille Duldung antijüdischer Passagen im Ritus unterbinden. Ein #Thread: \nSeit 6.Jh. wurde im Gebet für die Bekehrung der „treulosen“ Juden gebetet, was oft zu Gewalttaten führte./4",2021-04-02 18:14:17+00:00,0,Juden
1377993008340217859,Momblebee,"Der heutige #Karfreitag hat eine lange antijüdische Tradition. Die kath. Kirche sollte endlich die stille Duldung antijüdischer Passagen im Ritus unterbinden. Ein #Thread: \nSeit 6.Jh. wurde im Gebet für die Bekehrung der „treulosen“ Juden gebetet, was oft zu Gewalttaten führte./4",2021-04-02 14:35:09+00:00,0,Juden
1377926383687569411,Auralroom,"#OTD 2.4.1936\n\nGöring ordnet an, die Lageberichterstattung über Juden einzustellen,\n\n""da das teilweise pessimistische Bild der Lageberichte geeignet sei, zur Verschlechterung der Stimmung, v.a. bei den unteren Behörden, beizutragen.""",2021-04-02 10:10:25+00:00,0,Juden
1377879125571084293,NancyMeyer_Volt,"Hildmann hetzt widerlichst gegen Juden*, Hunderttausende sehen das noch immer kommen Sprüche wie: “Den kann man doch nicht ernst nehmen.” Doch. Müssen wir. Leider.\n\nEs wird wieder was passieren. Es wird wieder Betroffenheit geheuchelt werden. Es wird sich wieder nichts ändern.",2021-04-02 07:02:37+00:00,0,Juden
1377723170250240001,6ToB6CaT6,"Der beste Schutz vor #Antisemitismus ist, wenn Juden nicht zeigen dass sie Juden sind. Das will bloß keiner hören, weil es daran erinnert was hier alles falsch läuft. Von Seiten des Staates, von Seiten der Gesellschaft.\nEs zermürbt und es macht wütend!",2021-04-01 20:42:55+00:00,0,Juden
1376204741668134916,Yase_Aydin,Wir wünschen allen Jüdinnen Juden ein fröhliches zuversichtliches Pessach Fest! Gestern begannen die Feierlichkeiten einer der wichtigsten Jüdischen Feiertage. Pessach dauert 8 Tage an erinnert an den Auszug aus Ägypten damit auch an jüdische Widerständigkeit.\n!פסח סמאץ,2021-03-28 16:09:13+00:00,0,Juden
1375266833662640131,Curly9551,"Jahrzehntelang sollen Bereitschaftspolizisten in Sachsen-Anhalt einen Casino-Betreiber als ""Juden"" bezeichnet haben. Die Landespolizei wurden daraufhin über Monate durch eine Sonderkommission durchleuchtet, nun die Ergebnisse: Es gebe keine Hinweise auf institutionellen Rassismus",2021-03-26 02:02:19+00:00,0,Juden
1370316579301433344,scheerenberger,"Ich habe für euch das Interview von zwei “Juden in der AfD” mit der Jungen Freiheit angeschaut. Es ist so furchtbar wie es klingt. \n\nDie #noAfD war, ist und wird nie eine Stimme gegen #Antisemitismus sein!",2021-03-12 10:11:46+00:00,0,Juden
1369344690940698632,moralgepragt,"1933: #IBM entwickelt für NaziDeutschland das Lochkartensystem, ohne das die Erfassung, Zusammenführung Vernichtung der europäischen Juden nicht durchgeführt hätte werden können.\n\n2021: #IBM entwickelt für Deutschland den digitalen Impfpass.\n\n#KeinVergleich #JustFacts",2021-03-09 17:49:50+00:00,0,Juden
1368492167858110464,DrFreak82,"In der Mathematik gibt es unterschiedliche Unendlichkeiten: Die natürlichen Zahlen sind unendlich viele, doch reelle Zahlen gibt es noch viel mehr.\nBei Dummheit ist es ähnlich: ""Die Erde ist flach"" ist unendlich blöd. Doch ""Ungeimpfte sind die neuen Juden"" ist überabzählbar dumm.",2021-03-07 09:22:12+00:00,0,Juden
1368429026507972610,QuivalienceBot,Reich ankämpfen zu unserer Kulturpolitik für den Juden selbst kulturell gänzlich unproduktiv sie in March 1829 After several,2021-03-07 05:11:18+00:00,0,Juden
1368313123967483917,bonniealba,"In der Mathematik gibt es unterschiedliche Unendlichkeiten: Die natürlichen Zahlen sind unendlich viele, doch reelle Zahlen gibt es noch viel mehr.\nBei Dummheit ist es ähnlich: ""Die Erde ist flach"" ist unendlich blöd. Doch ""Ungeimpfte sind die neuen Juden"" ist überabzählbar dumm.",2021-03-06 21:30:45+00:00,0,Juden
1368310377302421506,Roman84HH,"In der Mathematik gibt es unterschiedliche Unendlichkeiten: Die natürlichen Zahlen sind unendlich viele, doch reelle Zahlen gibt es noch viel mehr.\nBei Dummheit ist es ähnlich: ""Die Erde ist flach"" ist unendlich blöd. Doch ""Ungeimpfte sind die neuen Juden"" ist überabzählbar dumm.",2021-03-06 21:19:50+00:00,0,Juden
1368283582221975553,Marie_Laveau_,"Zudem kam der Papst in der Ebene von Ur mit Religionsvertretern zusammen. Der biblischen Überlieferung aus dem Alten Testament zufolge stammte Abraham von dort. Der Ort ist daher für Muslime, Juden und Christen wichtig, da alle drei Religionen Abraham als Stammvater betrachten.",2021-03-06 19:33:22+00:00,0,Juden
1367966563018629124,SeahawksBooom,"Wir haben letzten Mai/Juni den Antisemitismus von Attila Hildmann angeprangert. Er beschwerte sich, dass wir ihn in ""die rechte Ecke"" stellen würden. Heute leugnet er offen den Holocaust und gibt wörtlich Juden die Schuld. Corona-Verschwörungsmythen schaffen Nazis.",2021-03-05 22:33:38+00:00,0,Juden
1367583559460954113,Gegen_die_AfD,"Der Antisemit #Hildmann hat sich weiter radikalisiert hetzt jetzt offen und ohne jede Hemmung gegen die Juden. Er leugnet offensiv den Holocaust. \nIch glaube, er wird nicht mehr nach Deutschland zurückkehren, da er weiß, dass ihn Gefängnis und nicht nur U-Haft erwarten.",2021-03-04 21:11:43+00:00,0,Juden
1365740670661636104,HeleNe67576142,"Gestern wieder gehört, ein Privatunternehmen könne ja ohnehin 'selbst entscheiden', wen es bedient.\n\n Nein, ein Privatunternehmen kann nicht selbst entscheiden, ob es Juden, Schwarze, Behinderte oder Ungeimpfte bedient.\n\nEs muss. \nUnd das ist sehr, sehr gut so.\n\n#Impfpass",2021-02-27 19:08:44+00:00,0,Juden
1364850516744953859,gehka21,Guten Morgen.\n\nEs geschah vor 80 Jahren am 25.02.1941\n\nIn Amsterdam wird ein Generalstreik gegen die Verschleppung von Juden in Konzentrationslager abgehalten. Am nächsten Tag erfolgt die blutige Niederschlagung durch die nationalsozialistischen Besatzungstruppen.,2021-02-25 08:11:35+00:00,0,Juden
1364575019968450561,HopeNadeshda,"Der Ober-Mullah im Iran hat gestern angekündigt,mit der Urananreicherung weiterzumachen und sich von niemandem stoppen zu lassen,mit dem Ziel einen weiteren Holocaust an den Juden zu vollbringen.\nWarum juckt das kaum jemanden in Deutschland?\nWas ist die Lektion aus dem Holocaust?",2021-02-24 13:56:51+00:00,0,Juden
1364107155197075458,ImperatorMAD,"„Die Bundesrepublik Deutschland ist nur bei sich, wenn Juden sich hier vollkommen zu Hause fühlen."", salbadert #Steinmeier, erwähnt aber nicht, dass der #Antisemitismus in D. heute meist Pali-Tuch, Rauschebart o Kopftuch trägt. Da hilft auch sein ganzer NS-Weltschmerz nichts.",2021-02-23 06:57:44+00:00,0,Juden
1363928221218197510,evi29914609,"„Die Bundesrepublik Deutschland ist nur bei sich, wenn Juden sich hier vollkommen zu Hause fühlen."", salbadert #Steinmeier, erwähnt aber nicht, dass der #Antisemitismus in D. heute meist Pali-Tuch, Rauschebart o Kopftuch trägt. Da hilft auch sein ganzer NS-Weltschmerz nichts.",2021-02-22 19:06:43+00:00,0,Juden
1363588622360920066,JonasDreist,"Was ist das eigentlich für eine Annahme, dass jede Kritik an der israelischen Politik ""antisemitisch"" wäre? Sind Israelis, die nicht Netanyahu wählen, antisemitisch? Dürfen Jüdinnen und Juden israelische Politik kritisieren? Welche Deutschen entscheiden das? So viele Fragen ...",2021-02-21 20:37:16+00:00,0,Juden
1363515228068196353,MuHart,"#2021JLID\nEs ist völlig ohne Absicht, habe keine Vorurteile... aber gerade ist mir bewusst geworden, ich kenne keinen einzigen Juden persönlich... schade eigentlich.",2021-02-21 15:45:37+00:00,0,Juden
1363237148829257734,lvislvafafemblm,"Ihre Rede von der vermeintlichen „Privilegiertheit“ von Jüdinnen und Juden macht den omnipräsenten Alltagsrassismus und Antisemitismus unsichtbar, mit denen sich so viele auf zermürbende Art und Weise herumschlagen müssen. (/9)",2021-02-20 21:20:38+00:00,0,Juden
1363213891627606016,Sakradi089,"Als jemand, der bis zu seinem 15. Lebensjahr jede Woche im Freitagsgebet war, kann ich sagen:\n\nWenn der Großteil der Deutschen wüsste, wie in Moscheen in über Juden, Armenier, Schwarze Christen gesprochen wird, wären morgen alle Moscheen geschlossen.\n\nHetze im Quadrat.",2021-02-20 19:48:13+00:00,0,Juden
1363201477511118855,DanielaRadtke5,"Als jemand, der bis zu seinem 15. Lebensjahr jede Woche im Freitagsgebet war, kann ich sagen:\n\nWenn der Großteil der Deutschen wüsste, wie in Moscheen in über Juden, Armenier, Schwarze Christen gesprochen wird, wären morgen alle Moscheen geschlossen.\n\nHetze im Quadrat.",2021-02-20 18:58:53+00:00,0,Juden
1362795553181093893,mrwillietanner,"Multikulti in #Trappes/FRA gescheitert (70% Muslime): es gibt kein Weihnachten mehr,Friseursalons nach Geschlechtern getrennt, Frauen verschleiert u. haben keinen Zutritt zu Cafés,Metzgereien verkaufen nur noch Halal-Fleisch,Juden sind nach Brandanschlag auf Synagoge weggezogen.",2021-02-19 16:05:54+00:00,0,Juden
1362108696386547713,Lisa42064914,"• Frauen haben Angst, allein durch Berlin Neukölln zu laufen.\n\n• Juden haben Angst, in Berlin Neukölln ihre Kippa zu tragen.\n\n• Schwule haben Angst, Hand in Hand durch Berlin Neukölln zu laufen.\n\nWäre es nicht ehrlich, sich hier falsche Toleranz einzugestehen?",2021-02-17 18:36:34+00:00,0,Juden
1362040774632833031,JohnPat43673389,"• Frauen haben Angst, allein durch Berlin Neukölln zu laufen.\n\n• Juden haben Angst, in Berlin Neukölln ihre Kippa zu tragen.\n\n• Schwule haben Angst, Hand in Hand durch Berlin Neukölln zu laufen.\n\nWäre es nicht ehrlich, sich hier falsche Toleranz einzugestehen?",2021-02-17 14:06:40+00:00,0,Juden
1361931988681297921,huxelbaer,"• Frauen haben Angst, allein durch Berlin Neukölln zu laufen.\n\n• Juden haben Angst, in Berlin Neukölln ihre Kippa zu tragen.\n\n• Schwule haben Angst, Hand in Hand durch Berlin Neukölln zu laufen.\n\nWäre es nicht ehrlich, sich hier falsche Toleranz einzugestehen?",2021-02-17 06:54:24+00:00,0,Juden
1361832549408980993,meiischter,nega sind nix anderes als\nschlecht verbrannte juden\n-Quelle: mein Chat,2021-02-17 00:19:16+00:00,1,Juden
1361784903554187268,JonnyJohnsen5,"• Frauen haben Angst, allein durch Berlin Neukölln zu laufen.\n\n• Juden haben Angst, in Berlin Neukölln ihre Kippa zu tragen.\n\n• Schwule haben Angst, Hand in Hand durch Berlin Neukölln zu laufen.\n\nWäre es nicht ehrlich, sich hier falsche Toleranz einzugestehen?",2021-02-16 21:09:56+00:00,0,Juden
1361638570822430720,zukunft37,"Am verblüffendsten finde ich immer, wenn Politiker mit großen Augen in die Runde fragen:\n""Wo kommt nur all der Hass und Verachtung her?""\nDas ist ein stückweit so, als hätte Hitler erstaunt gefragt:\n""Warum nur mögen mich die Juden nicht?""",2021-02-16 11:28:27+00:00,0,Juden
1361371678991908872,ArtemisNews_de,"und kriegen viel Hilfe von der Polizei, man erfindet einen Haufen neue Gründe zum verfolgen, von Menschen, die man einfach als Juden bezeichnet. Der Hass trieft hier so aus dem Haus, dass es stinkt.",2021-02-15 17:47:55+00:00,0,Juden
1361283840006901762,Oli26_FFM,Heute vor 80 Jahren begann die Deportation von Jüdinnen und Juden aus Wien. Wir erinnern uns. Jetzt dürfen Neonazis am Ring spazieren gehen. Unerträglich für uns alle.,2021-02-15 11:58:53+00:00,0,Juden
1361084270048120833,kiwonka,"Wie die Enkel derjenigen, die damals Eugenik, Ariernachweis und Rassengesetze eingeführt haben, nun für den Gebrauch von Schimpfworten gegen Schwarze, Sinti und Roma kämpfen, Verschwörungstheorien gegen Juden verbreiten und „Rassismus gegen Weiße beklagen“, ist... interessant.",2021-02-14 22:45:52+00:00,0,Juden
1360709825018093572,Poser33683416,"KLARTEXT:\nnach 6.000.000 ermordeten Juden, sollte NICHTS auf der Welt die Bundesregierung dazu verleiten mit einem Verbrecher-Regime, das öffentlich droht, den einzigen jüdischen Staat auf der Welt zu vernichten, Dialog, geschweige denn Wirtschaftsbeziehungen, zu führen.",2021-02-13 21:57:57+00:00,0,Juden
1359629167822831623,germanpharmaco,"Nachdem heute hier auf meinem Account sehr hässliche Beispiele an #Antisemitismus sichtbar wurden (ja, Plural), ein kleiner Reminder: Antisemitismus ist ein TÄGLICHER BEGLEITER auf Social Media für Juden. Und nicht alle sind emotional gefestigt genug, das einfach wegzustecken.",2021-02-10 22:23:48+00:00,0,Juden
1357382547550920706,RMagunia,"Ich war am Sonntag dabei, als Kolleg:innen v. Rechtsextremen im 7ten mit Gegenständen beworfen wurden. Auch mit Kerzen. Ich habe mich gefragt, woher kommen die Kerzen? Jetzt kenn ich die Antwort: Die standen bei Stolpersteinen, die an ermordete Juden und Jüdinnen erinnern. #w3101",2021-02-04 17:36:32+00:00,0,Juden
1357366590090715136,EgoistAction,"Shoa-Relativierung von Rechts:\nSupport von Links für Juden\nShoa-Relativierung von Links:\nSupport von Rechts für Jüdinnen\nShoa-Relativierung aus der Mitte:\nCancel-Culture Debatten überall\n\nGegen jeden Antisemitismus, bitte!\nWir sind keine Projektionsfläche für eure Pseudo-Debatten",2021-02-04 16:33:08+00:00,0,Juden
1357318473005879296,Deuchtliode,"Wenn Clanmitglieder, die antisemitisch eingestellt sind, sich mit 6 Mio. europäischen Juden gleichsetzen, die während der NS-Diktatur ermordet wurden, und ihnen eine Comedian beipflichtet, kann man nicht nur von Relativierung, sondern von völliger geistiger Entgleisung sprechen.",2021-02-04 13:21:56+00:00,0,Juden
1357303839834181636,JeKra70,"Die grössten Rassisten auf diesem Planeten sind Moslems und Juden. Alles andere wird uns aufgedrückt von den gleichen, die besonders uns Deutsche, in einem falschen Licht erscheinen lassen wollen.",2021-02-04 12:23:47+00:00,1,Juden
1357000568741507074,Andreas_M_Bock,"Wie die Enkel derjenigen, die damals Eugenik, Ariernachweis und Rassengesetze eingeführt haben, nun für den Gebrauch von Schimpfworten gegen Schwarze, Sinti und Roma kämpfen, Verschwörungstheorien gegen Juden verbreiten und „Rassismus gegen Weiße beklagen“, ist... interessant.",2021-02-03 16:18:42+00:00,0,Juden
1356664571268857857,anotherJewess,".....dass, die Weltbanken von Jüdinnen*Juden regiert werden, genau wie auch MedienHollywood. Angeblich regieren ~die Rothschilds~ ja alles",2021-02-02 18:03:34+00:00,0,Juden
1354597407909150722,TIMECODEX,"Am #HolocaustGedanktag ist es vielleicht nicht der richtige Moment. \n\nAber es ist offensichtlich, dass die Gefahren für Juden in Deutschland heute nicht mehr nur von Rechtsextremisten ausgehen, sondern auch von arabischen Antisemiten. Dieser Wahrheit müssen wir uns stellen.",2021-01-28 01:09:23+00:00,0,Juden
1354566206192308225,jo_1904,"(2/7) Der Auftrag wo immer es geht sich rassistischen und rechten Tendenzen entgegenzustellen und der Auftrag jüngere Generationen über das Dritte Reich und den Mord an Millionen Juden, Sinti und Roma und Andersdenkenden aufzuklären.",2021-01-27 23:05:24+00:00,0,Juden
1354536625280266242,Quinn80398708,"Wer heute, am Internationalen Holocaust Gedenktag „Nie wieder“ sagt, nur wenige Tage darauf aber den Mullahs im Iran, die die Vernichtung des jüdischen Staates anstreben, zur Islamischen Revolution gratuliert, spuckt 6 Mil. ermordeten-, über 6 Mil. Juden in , ins Gesicht.",2021-01-27 21:07:52+00:00,0,Juden
1354509674364755969,TheTheGrinch7,"Wer der toten Juden der Shoa gedenkt, ohne alles für den Schutz der heute lebenden Juden zu tun, hat kein Recht, zu gedenken.\n#WeRemember",2021-01-27 19:20:46+00:00,0,Juden
1354452028525838336,psmadar,"Wer heute, am Internationalen Holocaust Gedenktag „Nie wieder“ sagt, nur wenige Tage darauf aber den Mullahs im Iran, die die Vernichtung des jüdischen Staates anstreben, zur Islamischen Revolution gratuliert, spuckt 6 Mil. ermordeten-, über 6 Mil. Juden in , ins Gesicht.",2021-01-27 15:31:42+00:00,0,Juden
1354433333619544068,drakkalas,"Das jüdische Leben in Deutschland wurde dem antisemitischen politischen Islam geopfert.\n\nDarüber redet der Bundestag nicht. Auch nicht das Juden in vor allem muslimischen Gebieten keine Kippa anziehen können, ohne Gewalt zu erfahren. Deutschland 2021.\n\n#NieWieder",2021-01-27 14:17:25+00:00,0,Juden
1354433275339661312,osi28,"Wer heute, am Internationalen Holocaust Gedenktag „Nie wieder“ sagt, nur wenige Tage darauf aber den Mullahs im Iran, die die Vernichtung des jüdischen Staates anstreben, zur Islamischen Revolution gratuliert, spuckt 6 Mil. ermordeten-, über 6 Mil. Juden in , ins Gesicht.",2021-01-27 14:17:11+00:00,0,Juden
1354378929738547205,uteborsdorf,"Herr #Schäuble, dass deutsche #Juden über Auswanderung nachdenken, hat weder etwas mit #Nazis noch mit #Reichsbürgern zu tun. Beide Gruppen sind mir noch nicht begegnet. Der neu erwachte #Antisemitismus wird erst seit ein paar Jahren nach #Deutschland importiert.\n\n#Auschwitz",2021-01-27 10:41:14+00:00,0,Juden
1354358131221024769,grokosklave,"Wer heute, am Internationalen Holocaust Gedenktag „Nie wieder“ sagt, nur wenige Tage darauf aber den Mullahs im Iran, die die Vernichtung des jüdischen Staates anstreben, zur Islamischen Revolution gratuliert, spuckt 6 Mil. ermordeten-, über 6 Mil. Juden in , ins Gesicht.",2021-01-27 09:18:35+00:00,0,Juden
1354356685696065537,PaprikaLady,"Wer heute, am Internationalen Holocaust Gedenktag „Nie wieder“ sagt, nur wenige Tage darauf aber den Mullahs im Iran, die die Vernichtung des jüdischen Staates anstreben, zur Islamischen Revolution gratuliert, spuckt 6 Mil. ermordeten-, über 6 Mil. Juden in , ins Gesicht.",2021-01-27 09:12:51+00:00,0,Juden
1353589767858958338,MatthiasGlage,"Die 1700 Jahre Juden in Deutschland als Jubiläum zu besprechen ist seltsam, denn jubeln können wir nur über die Tatsache, dass wir all das überlebt haben,nicht, weil die Juden etwa „so große Beiträge“ zur deutschen Kultur geleistet hätten, sondern weil wir trotzdem noch da sind.",2021-01-25 06:25:23+00:00,0,Juden
1351838394897334274,punex161,Warum regen sich Teile meiner bubbel darüber auf das trump heute nicht bei der Amtseinführung auftaucht? First World problems 2.0.\n Kennt ihr die stelle vom Bären Juden bei inglorious Bastards mit dem baseball Schläger ? Ich feier die.,2021-01-20 10:26:03+00:00,0,Juden
1351554689272340481,Bartlinux,"#AfDBeobachtungJetzt\nWenn sie jetzt ganz unverhohlen\nWieder Nazi-Lieder johlen,\nÜber Juden Witze machen,\nÜber Menschenrechte lachen,\nWenn sie dann in lauten Tönen\nSaufend ihrer Dummheit frönen,\nDenn am Deutschen hinterm Tresen\nMuss nun mal die Welt genesen...\nSage Nein",2021-01-19 15:38:43+00:00,0,Juden
1350907539421073419,broken_thies,"und damit nichts anderes meinten, als dass sie Bewohner der geografischen Region Palästinas waren, ist Palästinenser seit 1967 ein politischer Begriff, der Juden stets ausschließt.(3/4)",2021-01-17 20:47:10+00:00,0,Juden
1350782210635403267,KayKlatscht,"Er verstand, dass sie, die Juden, zu leise gewesen waren: Aus Angst, aus Hoffnung, dass sowas nie wieder passieren würde, weil sie den Frieden wahren wollten. Gebracht hat es nichts. Juden leben mehr denn je in einer Welt voll Antisemitismus. Tagtäglich. Wir müssen lauter sein.",2021-01-17 12:29:09+00:00,0,Juden
1348900991140323330,RUmundum,"Einem Juden wird vor einer Synagoge im Oktober 20 mit einem Klappspaten ein wenig der Kopf eingeschlagen - doch die Hamburger #Generalstaatsanwaltschaft sieht darin keine antisemitische Tat, weil der Täter psychisch krank sei. Wow! Da fällt einem nicht mehr viel ein",2021-01-12 07:53:52+00:00,0,Juden
1348705006543925250,MadEtJot,"#Israel bietet der Regierung der #Palästinenser #Corona-Impfstoff und Hilfe an. \n\nReaktion: ""Wir nehmen nichts von dreckigen Juden!!!!""\n\nReaktion diverser dt. Journalisten: ""Israel verweigert den Palästinensern den Corona-Impfstoff!!!!!!"" (gedanklich: ""Scheiss Juden!!!!"").",2021-01-11 18:55:05+00:00,0,Juden
1348603489933537281,anamcara2709,Die Juden sind ja schon immer an allem schuld. Wenn ein Deutscher das sagt... - bittere Ironie aus. #Haseloff #Impfung #SachsenAnhalt #antisemitismus,2021-01-11 12:11:42+00:00,0,Juden
1348314570562170881,AstridLindgrind,"1945/46: Bei den Nürnberger Prozessen behauptete Julius Streicher, nichts vom Massenmord der Juden gewusst zu haben. Auf die Frage, warum er denn im „Stürmer“ ihre Vernichtung gefordert habe, erwiderte er, er habe mit „Vernichtung“ etwas anderes gemeint.",2021-01-10 17:03:38+00:00,0,Juden
1347999827783782403,Anne55884984,"1945/46: Bei den Nürnberger Prozessen behauptete Julius Streicher, nichts vom Massenmord der Juden gewusst zu haben. Auf die Frage, warum er denn im „Stürmer“ ihre Vernichtung gefordert habe, erwiderte er, er habe mit „Vernichtung“ etwas anderes gemeint.",2021-01-09 20:12:58+00:00,0,Juden
1347975776386375692,_noujoum,"1945/46: Bei den Nürnberger Prozessen behauptete Julius Streicher, nichts vom Massenmord der Juden gewusst zu haben. Auf die Frage, warum er denn im „Stürmer“ ihre Vernichtung gefordert habe, erwiderte er, er habe mit „Vernichtung“ etwas anderes gemeint.",2021-01-09 18:37:23+00:00,0,Juden
1347974731920793603,Auralroom,"1945/46: Bei den Nürnberger Prozessen behauptete Julius Streicher, nichts vom Massenmord der Juden gewusst zu haben. Auf die Frage, warum er denn im „Stürmer“ ihre Vernichtung gefordert habe, erwiderte er, er habe mit „Vernichtung“ etwas anderes gemeint.",2021-01-09 18:33:14+00:00,0,Juden
1347479996605100032,hoett_albert,Zufälle gibt´s! Ein Mann mit Hakenkreuz-Zettel prügelt vor einer Synagoge einen Kippa-tragenden Juden krankenhausreif. Die Hamburger Staatsanwaltschaft findet darin keinen antisemitischen Hintergrund. Keine Pointe.\n#Hamburg,2021-01-08 09:47:20+00:00,0,Juden
1347478024170647552,StueerJesus,Auf einmal waren Juden die Ratten die es auszumerzen gilt ...,2021-01-08 09:39:30+00:00,0,Juden
1347122554415304704,HeinrichMo1,Wie ist es möglich dass die Juden schon lange den Impfstoff haben und auch genügend Impfstoff ?,2021-01-07 10:06:59+00:00,1,Juden
1346011127529021440,thejasper_ha,"Was früher Widerstandskämpfer:innen gemacht haben:\n- Im Untergrund gelebt\n- Juden versteckt\n- Sabotageakte\n\nWas ""Widerstandskämpfer:innen"" heute machen:\n- Böllern\n- Demotouren Geld sammeln\n- Shoppen gehen\n- Von der Couch Fake News teilen\n\n#WirMachenAuf\n#WirMachenEuchDicht",2021-01-04 08:30:35+00:00,0,Juden
1345889420898164738,LegendsLordof,"Was früher Widerstandskämpfer:innen gemacht haben:\n- Im Untergrund gelebt\n- Juden versteckt\n- Sabotageakte\n\nWas ""Widerstandskämpfer:innen"" heute machen:\n- Böllern\n- Demotouren Geld sammeln\n- Shoppen gehen\n- Von der Couch Fake News teilen\n\n#WirMachenAuf\n#WirMachenEuchDicht",2021-01-04 00:26:58+00:00,0,Juden
1345847431964094465,niyuu1010,"Was früher Widerstandskämpfer:innen gemacht haben:\n- Im Untergrund gelebt\n- Juden versteckt\n- Sabotageakte\n\nWas ""Widerstandskämpfer:innen"" heute machen:\n- Böllern\n- Demotouren Geld sammeln\n- Shoppen gehen\n- Von der Couch Fake News teilen\n\n#WirMachenAuf\n#WirMachenEuchDicht",2021-01-03 21:40:07+00:00,0,Juden
1345779749629677568,PFK_Schmerz,"Was früher Widerstandskämpfer:innen gemacht haben:\n- Im Untergrund gelebt\n- Juden versteckt\n- Sabotageakte\n\nWas ""Widerstandskämpfer:innen"" heute machen:\n- Böllern\n- Demotouren Geld sammeln\n- Shoppen gehen\n- Von der Couch Fake News teilen\n\n#WirMachenAuf\n#WirMachenEuchDicht",2021-01-03 17:11:10+00:00,0,Juden
1367823155482550275,sgt_flower,Werden die Nichtgeimpften in der Corona Diktatur der FDJ Matrone die neuen Juden sein und ihre Freiheit wie 1933 verlieren ??? Bitte für Verbreitung sorgen,2021-03-05 13:03:47+00:00,0,Juden
1608843031465295872,DrElioAdler,"Teile der staatlichen Strukturen.\nRegierende und Gesellschaft müssen die freiheitlich-demokratischen Werten Israels und seine Rolle als Heimat für alle Juden, seine arabischen und anderen Bürger schützen! In einem unglaublich komplexen Konflikt, wie dem 4/x",2022-12-30 15:10:44+00:00,0,Juden
1607893209400901632,malek_is_alive,"Das Thema jüdische Religion medizinische Diskriminierung ist etwas kompliziert. Religiöse Ärzte können z.B Schwule Lesben in der Reproduktionsmedizin diskriminieren, Trans* in Geschlechtsanpassungsverfahren. Schlimmer noch ist die mögliche Diskriminierung von Nicht-Juden. 1/3",2022-12-28 00:16:28+00:00,0,Juden
1605412002423267331,mrstone0856,Wo ist es Eurer Meinung nach für Juden sicherer?,2022-12-21 03:57:03+00:00,0,Juden
1605123074558513154,SteinhausenChe,"""Wir erleben das wunderbare Geschenk der Versöhnung"" hat Steinmeier gerade einmal mehr zu #Chanukka über die Anwesenheit lebendiger Juden und Jüdinnen in Deutschland gesagt. Man kann nur immer wieder antworten: das mit der Versöhnung ist ein sehr deutsches Missverständnis.",2022-12-20 08:48:57+00:00,0,Juden
1604483304442531840,wgros,Chanukka Sameach! Allen Jüdinnen Juden wünsche ich ein frohes Lichterfest und allen Christinnen Christen einen besinnlichen 4. Advent im Kreise ihrer Liebsten. Lasst uns in diesen schwierigen Zeiten gemeinsam innehalten und füreinander da sein. #chanukka22,2022-12-18 14:26:44+00:00,0,Juden
1597554403447574530,Fiete1676,"FAZ: ""Der wiedergewählte Vorsitzende des Zentralrats der Juden, Josef Schuster, fordert schärfere Strafen für antisemitische Verbrechen. „Antisemitismus ist kein Kavaliersdelikt, sondern gesetzeswidriges Verhalten, das auch entsprechend geahndet werden muss“, sagte Schuster...""",2022-11-29 11:33:45+00:00,0,Juden
1595007767223336960,AStaroselski,"4. Auch Juden haben mitgewirkt – ja und? Das ist kein inhaltliches Argument! Es gibt auch jüdische BDS-Unterstützer, das macht BDS nicht weniger antisemitisch?!",2022-11-22 10:54:20+00:00,0,Juden
1594977252848111616,krapfenfuellung,Es ist wieder an der Zeit. Jegliche Antisemitismuskritik von Jüdinnen*Juden wird als „Alman“ oder „Antideutsch“ bezeichnet. Es ist der Versuch jüdisch-zionistische Stimmen zu silencen und gleichzeitig eigene politische Feindbilder zu bedienen.,2022-11-22 08:53:04+00:00,0,Juden
1593661296964141060,SimSpratte,"Auf das Rabbinerhaus an der alten #Synagoge in Essen wurde geschossen. Dieser Anschlag, war sicher kein Zufall. Struktureller Antisemitismus ist Teil der deutschen Gesellschaft und ihm muss mit aller Härte begegnet werden, damit Jüdinnen*Juden sich sicher fühlen können.",2022-11-18 17:43:56+00:00,0,Juden
1593570575754166273,SalveriSue,"Die Schüsse auf die #Synagoge in #Essen schockieren und entsetzen mich. Wir stehen fest an der Seite der Jüdinnen und Juden in Nordrhein-Westfalen und schützen sie gegen Hass Gewalt. Jüdisches Leben ist ein Teil unseres Landes, ein Teil von uns – heute und an jedem anderen Tag.",2022-11-18 11:43:27+00:00,0,Juden
1593290409505071104,frank_wuensche,"Da haben Russen und Juden wohl, erfolgreich, die\nmeisten Erfahrungen auf dem Planeten. Mit Erfolg",2022-11-17 17:10:10+00:00,0,Juden
1592226967650439168,GramExist,"Nicht-Juden beiseite - mich macht es vor allem traurig, dass es junge Juden gibt, die jede kritische Behandlung von Israel oder unsere langjährige Nationaltradition über unsere Katastrophen zu lachen, primär als eine persönliche Verletzung ihrer Identität wahrnehmen.",2022-11-14 18:44:25+00:00,0,Juden
1592099767752224768,saphhoo,"#Antisemitismus im Kulturbetrieb ist, wenn jüdischen Figuren Shoa-Verharmlosungen in den Mund gelegt werden und unter dem Vorwand für Toleranz, Frieden und Menschenrechte zu stehen, Israel und Juden dämonisiert werden. Das ist Kunst, das darf man ja.\n#MetropolMucGate 1/7",2022-11-14 10:18:59+00:00,0,Juden
1591836261324578843,helgol,Wenn sie jetzt ganz unverhohlen\nWieder Nazi-Lieder johlen\nÜber Juden Witze machen\nÜber Menschenrechte lachen\nWenn sie dann in lauten Tönen\nSaufend ihrer Dummheit frönen\nDenn am Deutschen hinterm Tresen\nMuss nun mal die Welt genesen\nDann steh auf und misch dich ein:\nSage nein!,2022-11-13 16:51:54+00:00,0,Juden
1591740660167712769,seit_2017,"3/3\nPanzern die Insignien der SS zur Schau stellen. Derselben SS, die vor 80 Jahren Millionen von Juden, Polen + Russen abgeschlachtet hat. Für deren Nachfolger im Geiste zahlen wir Steuern + astronomische Energiepreise; denen liefern wir Waffen. Das ist u.n.e.r.t.r.ä.g.l.i.c.h.",2022-11-13 10:32:01+00:00,0,Juden
1591521825221410818,andanotherguy,"„Ein Angriff auf Jüdisches Leben, ist ein Angriff auf uns alle.“ \n\nNein, es ist ein Angriff auf Jüdinnen*Juden.",2022-11-12 20:02:26+00:00,0,Juden
1591160906037223424,RubenGerczi,"„Ich hab nicht gegen Juden, aber diese kleine Elite.“",2022-11-11 20:08:16+00:00,0,Juden
1590775450112253952,Peine01,"Wieder ein Zitat aus dem Buch von Konrad Heiden, auf die Frage, die immer wieder auftaucht, warum sich die Juden vor 1938 und auch später nicht gegen ihre Ausgrenzung, Entrechtung und Vernichtung gewehrt haben.",2022-11-10 18:36:37+00:00,0,Juden
1590609270185132032,Johann_v_d_Bron,"Da ja alle nach Mastodon umziehen, kann mir jemand eine Instanz empfehlen, wo wir Jüdinnen*Juden uns sicher fühlen können?\nHabe ich das Gefühl, dass wir dabei völlig vergessen wurden, die meisten Instanzen sind nicht einmal gegen Antisemitismus, dafür aber einige gegen Zionismus.",2022-11-10 07:36:16+00:00,0,Juden
1590487351532584960,_PinkSheep,"Heilige Scheiße, gestern war ja der 9. November \n\nNachträglich allen ermordeten Juden und den zum Opfer gefallenen Synagogen eine Rose für immer unvergessen für das erlittene leid und die erlittenen Qualen. Für mehr Menschlichkeit im jetzt und heute. #noRacism",2022-11-09 23:31:49+00:00,0,Juden
1590425085168750597,hajutempelmayr,Warum „#niewieder“ nicht reicht: Heute werden Euch viele Posts zum 9. November mit dem Hashtag #niewieder begegnen - und dabei fällt mir eine bittere Wahrheit auf: Bedingungslos solidarisch sind Viele nur mit bestimmten Juden: Toten.,2022-11-09 19:24:23+00:00,0,Juden
1590405237709631488,SeriousVerySam,"Der Holocaust ist lediglich die perverseste und mörderischste Konsequenz. Ungeimpfte sind keine Juden und waren nie in Gefahr, getötet zu werden - aber immerhin waren wir schon bei Diskussionen über Geldstrafen, Zwangsimpfungen und es war eine Sprachverrohung zu sehen.\n\n2/3",2022-11-09 18:05:31+00:00,0,Juden
1590336073531789312,FlaPoFrag161,"Am 09. November 1938 verwüstete im deutschen Reich der antisemitische Mob Synagogen, jüdische Geschäfte und Wohnhäuser, ermordete jüdische Menschen. Am Tag darauf begann die Deportation über 30.000 Juden.\nDie Novemberpogrome markieren den Beginn der systematischen Vernichtung.",2022-11-09 13:30:41+00:00,0,Juden
1590326013980016640,bundestag_tweet,"und beispielsweise mehr Mittel für den Beauftragten für jüdisches Leben in Deutschland bereitstellt. Verschwörungen, Hass und Gewalt gegen Jüdinnen und Juden stellen wir uns heute, und jeden Tag im Jahr, als demokratisches Deutschland mit Recht und Menschlichkeit entgegen. (3/3)",2022-11-09 12:50:43+00:00,0,Juden
1590258572562419712,kdhberlin_,"1/5 #OTD 1938 entfesseln die Nazis die gewalttätigsten Pogrome gegen Jüdinnen und Juden seit dem Mittelalter. Die Pogrome bilden den brutalen Schlusspunkt für das öffentliche jüdische Leben sowie den Auftakt zu Ghettoisierung, Deportation und Vernichtung. #WeRemember #OnThisDay",2022-11-09 08:22:43+00:00,0,Juden
1590247860825915394,VytautasLife,"Reichskristallnacht m.E. ein widerlicher Begriff, weil u.a. nicht ersichtlich, wer Täter/Opfer war. \n\n9/10.11.1938\n\nEs war ein deutschlandweites antisemitisches Progrom gegenüber den in Deutschland lebenden Jüdinnen und Juden, mitgetragen von der deutschen Bevölkerung.",2022-11-09 07:40:10+00:00,0,Juden
1590229813608189952,Fan_Geschichten,"Guten Morgen.\n\nEs geschah vor 84 Jahren am 9.11.1938\n\nPogromnacht: Im Deutschen Reich kommt es reichsweit zu organisierten Übergriffen gegen Juden und jüdische Einrichtungen, bei denen unter anderem Synagogen in Brand gesteckt werden.",2022-11-09 06:28:27+00:00,0,Juden
1589212152963149824,ulrichham,Habt ihr gewusst das die Nazis im 3 Reich die Juden als Ratten bezeichnet haben ?#ARD,2022-11-06 11:04:38+00:00,0,Juden
1588290729805127680,Dfjbv7cxprGerd,"Grundsätzliches:\nFrüher hat man den Menschen gesagt,sie sollten Juden hassen, also haben sie gehasst.\nHeute sagt man ihnen,sie sollen Ungeimpfte,Querdenker Russen hassen, also hassen sie.\nSie würden auch Geflüchtete hassen, wenn man es ihnen sagt.\nHassobjekte sind austauschbar!",2022-11-03 22:03:13+00:00,0,Juden
1588274757874569217,Claudia91548161,"Grundsätzliches:\nFrüher hat man den Menschen gesagt,sie sollten Juden hassen, also haben sie gehasst.\nHeute sagt man ihnen,sie sollen Ungeimpfte,Querdenker Russen hassen, also hassen sie.\nSie würden auch Geflüchtete hassen, wenn man es ihnen sagt.\nHassobjekte sind austauschbar!",2022-11-03 20:59:45+00:00,0,Juden
1588252965944500226,JuliaKopp13,"Früher hatte man den Menschen gesagt, sie sollten Juden hassen, also haben sie gehasst.\n\nHeute sagt man ihnen, sie sollen Ungeimpfte, Querdenker und Russen hassen, also hassen sie.\n\nSie würden auch Geflüchtete hassen, wenn man es ihnen sagte. Hassobjekte sind austauschbar. #Scham",2022-11-03 19:33:10+00:00,0,Juden
1588235268947058697,MalaPatch,"Guten Morgen.\n\nEs geschah vor 79 Jahren am 3.11.1943\n\nBei der „Aktion Erntefest“ ermorden die Nationalsozialisten mehr als 43.000 Juden in drei verbliebenen Lagern im Generalgouvernement Polen: Trawniki, Poniatowa und Majdanek.",2022-11-03 18:22:50+00:00,0,Juden
1588184859192729601,fraumerkek,"Früher hatte man den Menschen gesagt, sie sollten Juden hassen, also haben sie gehasst.\n\nHeute sagt man ihnen, sie sollen Ungeimpfte, Querdenker und Russen hassen, also hassen sie.\n\nSie würden auch Geflüchtete hassen, wenn man es ihnen sagte. Hassobjekte sind austauschbar. #Scham",2022-11-03 15:02:32+00:00,0,Juden
1588168850603900928,AlpertoLupo,"Früher hatte man den Menschen gesagt, sie sollten Juden hassen, also haben sie gehasst.\n\nHeute sagt man ihnen, sie sollen Ungeimpfte, Querdenker und Russen hassen, also hassen sie.\n\nSie würden auch Geflüchtete hassen, wenn man es ihnen sagte. Hassobjekte sind austauschbar. #Scham",2022-11-03 13:58:55+00:00,0,Juden
1587832937973616641,zwergpunto,Vorbeugend zur Info:\n10% Stimmenanteil für Rechtsextreme in sind gefährlich beschämend\nSie sind kein Grund dafür\n- Israel das Existenzrecht abzuerkennen \n- Israel als ultimatives Böses darzustellen \n- Jüdinnen Juden in für Politik verantwortlich zu machen,2022-11-02 15:44:07+00:00,0,Juden
1587772566344810496,maedchentraeume,"Jeder Mensch hat natürlich jederzeit die Möglichkeit, fundamentalistisch christlich zu werden und sich so zu “retten”. Deshalb (eigentlich wegen Kolonialisierung) missionieren die Evangelikalen ja so viel. \n\nUnd so planen sie, Juden eben auf die eine oder andere Art auszulöschen.",2022-11-02 11:44:13+00:00,0,Juden
1587739074433060865,steve_captn,"#IsraelElections2022 Das ausgerechnet Juden freiwillig ohne Not eine rechtsextreme Mehrheit mit einem völlig korrupten 'Führer' wählen, müsste man ja ja eigentlich als schlechten Treppenwitz der Geschichte bezeichnen.",2022-11-02 09:31:08+00:00,1,Juden
1587417816600305664,londonlizzi,"In Israel leben,lieben arbeiten über 20% Muslime,Araber,Christen,Drusen,Beduinen. \nIn den palästinensischen Autonomiegebieten hingegen 0,0% Juden.\nWer wirklich für Frieden zwischen Israel den Palästinensern ist,sollte palästinensischen Rassismus nicht unter den Tisch kehren.",2022-11-01 12:14:34+00:00,0,Juden
1585153099668549632,lilaEmma5,Durch die von Heinrich Himmler 1938 angeordnete sogenannte „Polenaktion“ werden 17.000 polnische Juden mit Wohnsitz in Deutschland über die deutsch-polnische Grenze nach Polen gewaltsam und ohne Ankündigung abgeschoben darunter auch Marcel Reich-Ranicki.,2022-10-26 06:15:24+00:00,0,Juden
1582312273543983109,SigridDittmar,Heute vor 80 Jahren begann die Deportation von Juden aus Berlin. Am 18. Oktober 1941 wurden die ersten 1013 Menschen vom Bahnhof Grunewald nach Lodz gebracht; am 27. März 1945 die letzten 42 Menschen deportiert. Insgesamt waren es mehr als 50.000 Juden aus Berlin.,2022-10-18 10:06:58+00:00,0,Juden
1582256585774010369,JosephusLudwig,Heute vor 80 Jahren begann die Deportation von Juden aus Berlin. Am 18. Oktober 1941 wurden die ersten 1013 Menschen vom Bahnhof Grunewald nach Lodz gebracht; am 27. März 1945 die letzten 42 Menschen deportiert. Insgesamt waren es mehr als 50.000 Juden aus Berlin.,2022-10-18 06:25:41+00:00,0,Juden
1581609518521143296,nikolaslelle,"keine Konsequenzen hatte oder haben wird. Für Jüdinnen*Juden und alle die sich in den letzten Wochen solidarisch einmischten, ein fatales Signal. Leider aber nicht überraschend. Just Deutschland beinhaltet deutsch.",2022-10-16 11:34:28+00:00,0,Juden
1579501952568020992,Lindner9Lindner,"Als wir gestern Nacht dieses Bild gesehen haben, haben wir uns viele Fragen gestellt. Wie man einerseits bewusst auf den Gräbern (im weitesten Sinne) der Juden Europas tanzen kann, oder posieren und dann noch etwas vom Zeitgeist faseln kann. #NoAfD #AfD",2022-10-10 15:59:45+00:00,0,Juden
1579083445497909248,judith_poppe,"Heute vor 3 Jahren am 9.10.19 versuchte ein Nazi bewaffnet in eine Synagoge in #Halle einzudringen, um Juden_Jüdin*nen zu ermorden. Als ihm das nicht gelang, erschoss er vor dem Gebäude die Passantin #JanaLange danach #KevinSchwarze in einem Dönerladen RIP\n#Rassismustötet",2022-10-09 12:16:46+00:00,0,Juden
1578403928928129026,Gudhjohnson,#Zelensky wird vom Bodensatz deutscher Gesellschaft durch den Schmutz gezogen für Worte die er so nie gesagt hat. Wieder einmal versuchen deutsche Arschlöcher einem Juden richtig und falsch aufzuzwingen,2022-10-07 15:16:36+00:00,0,Juden
1578098509319790592,nutz_name,"Der Vorfall reiht sich ein in die antisemitischen Vorfälle dieses Jahres und der letzten Jahre und stellt keine Ausnahme, sondern eine Kontinuität dar. Er verstärkt die bedrohliche Atmosphäre, der Jüdinnen und Juden in Deutschland ausgesetzt sind.",2022-10-06 19:02:58+00:00,0,Juden
1578062820981227522,JuedischeWitze,Sehe gerade einen Juden mit zwei Hüten übereinander. Hat das was zu bedeuten?,2022-10-06 16:41:10+00:00,0,Juden
1576252866062614529,Weird_27,"Unglaublich: jetzt wo die Menschen im Iran maximale Aufmerksamkeit und Unterstützung für ihren Kampf benötigen, fängt ein Berliner „Kollektiv“ an, jüdische Organisationen auszuschließen. Wenn ihr ein Problem mit Juden habt, seid ihr bei unseren Demos auf der falschen Seite!",2022-10-01 16:49:03+00:00,0,Juden
1575464099386908673,koschyk,"Die Babyn Jar Schlucht war 1941 der Schauplatz des größten einzelnen Massakers an jüdischen Männern,Frauen,Kindern im II. Weltkrieg. Die Einsatzgruppen der Sicherheitspolizei und des SD ermordeten mit Unterstützung der Wehrmacht am 29. und 30. September 1941 mehr als 33.000 Juden",2022-09-29 12:34:46+00:00,0,Juden
1575391561646579714,niklaslaemmel,Am diesem 29.9.1966 schlossen sich zum ersten Mal ukrainische Dissidenten den trauernden Juden an. Die illegale Versammlung – in der Sowjet-Union war es nicht erwünscht an die Ermordung der europäischen Juden zu erinnern – war wegweisend für das jüdisch-ukrainische Verhältnis. 2/,2022-09-29 07:46:32+00:00,0,Juden
1575126999357702146,MishaLamarcus,"Hinterm Schloss, weil Antisemitismus wieder kickt. Aber klar, wir Jüdinnen:Juden sind white supremacists.",2022-09-28 14:15:15+00:00,0,Juden
1574818930237079552,JanAlbrecht,Heute endet das jüdische Neujahrsfest Rosch ha-Schana. Ich wünsche allen Jüdinnen und Juden eine schöne Zeit mit der Familie und ihren Liebsten und ein gutes und gesundes Jahr 5783! #ShanahTovah,2022-09-27 17:51:06+00:00,0,Juden
1574739095699558400,Synapsen_Model,Was heiratet eigentlich besser schwarz oder weiß? \nIst das Deutsch nur noch ein Kampf des Islams schwarz gegen weiß oder umgekehrt? Also sprich gegen die Juden und deutschen Österreicher zu gleich? #dominazlostötet #zwangslangeweile #erlebnisskorruptionsleugner,2022-09-27 12:33:52+00:00,0,Juden
1574581770984505347,NathanTBlumel15,"Zu #RoshHashanah friedvolle und besinnliche Festtage allen Jüdinnen und Juden. Es ist unsere immerwährende Verantwortung, für eine lebendige jüdische Gemeinschaft in Deutschland zu sorgen. Dazu verpflichtet uns die Geschichte. Shana Tova!",2022-09-27 02:08:43+00:00,0,Juden
1574489690052476938,theNeo42,"6 Mio Juden \n7 Mio sowj. Zivilisten \n3 Mio sowj. Kriegsgefangene\n1,8 Mio poln. Zivilisten\n312000 serb. Zivilisten\n250000 Menschen mit Behinderung\n250000 Sinti und Roma\n1900 Zeugen Jehovas\n70000 „Kriminelle“ \nermordet -\n\nDas ist Faschismus,den dt. Medien als Normalität bezeichnen!",2022-09-26 20:02:49+00:00,0,Juden
1574164539888762880,SchwarzerHund40,#ShanaTova \n\nIch wünsche allen Jüdinnen und Juden ein schönes neues Jahr! Möge es ihnen viel Frieden und Liebe bringen!,2022-09-25 22:30:47+00:00,0,Juden
1574135355535769602,fester_thomas,Der AfD Abgeordnete Martin Sichert hält hier im Bundestag eine abstoßende Rede. „Ukrainer in der Nobelkarosse“ ließen sich beim Zahnarzt in Deutschland auf unsere Kosten die Zähne richten. „Deutsche frieren“. Genau so haben Nazis hier im Haus über Juden gesprochen.,2022-09-25 20:34:49+00:00,0,Juden
1574061211532275713,Bearlinner,"... das jüdische Leben im Orient und wie es von Muslimen in Allianz mit den Deutschen im 2. WK vernichtet wurde. Und Jugoslawien, in dem die Kroaten in einer Allianz mit den Deutschen und mithilfe der bosnischen Muslime Serben und Juden abschlachteten.",2022-09-25 15:40:12+00:00,0,Juden
1573933147670159364,GmxVlog,"Was ist das? Schaut aus wie hingeschissen. Der Redner hat recht, USA+JUDEN stecken hinter dem UKRAINE-PUTSCH, und dem Krieg.",2022-09-25 07:11:19+00:00,1,Juden
1573574215118323712,LebensprinzipP,Der AfD Abgeordnete Martin Sichert hält hier im Bundestag eine abstoßende Rede. „Ukrainer in der Nobelkarosse“ ließen sich beim Zahnarzt in Deutschland auf unsere Kosten die Zähne richten. „Deutsche frieren“. Genau so haben Nazis hier im Haus über Juden gesprochen.,2022-09-24 07:25:03+00:00,0,Juden
1573560154678771714,Mark__Whaleberg,Der AfD Abgeordnete Martin Sichert hält hier im Bundestag eine abstoßende Rede. „Ukrainer in der Nobelkarosse“ ließen sich beim Zahnarzt in Deutschland auf unsere Kosten die Zähne richten. „Deutsche frieren“. Genau so haben Nazis hier im Haus über Juden gesprochen.,2022-09-24 06:29:10+00:00,0,Juden
1573473810619289600,kraus_gabriele,"Früher waren Nazis Menschen, die Juden vergast und Europa in Schutt und Asche gelegt haben. Heute sind ""Nazis"" Menschen, die der Ansicht sind, dass es vielleicht keine so gute Idee ist, wenn die Regierung ihre Bürger dazu zwingt, Staubmasken zum Schutz vor Viren zu tragen.",2022-09-24 00:46:04+00:00,0,Juden
1573416653551202304,JankinsJeriko,Der AfD Abgeordnete Martin Sichert hält hier im Bundestag eine abstoßende Rede. „Ukrainer in der Nobelkarosse“ ließen sich beim Zahnarzt in Deutschland auf unsere Kosten die Zähne richten. „Deutsche frieren“. Genau so haben Nazis hier im Haus über Juden gesprochen.,2022-09-23 20:58:57+00:00,0,Juden
1573398773392441347,PaulinaKazanec2,Der AfD Abgeordnete Martin Sichert hält hier im Bundestag eine abstoßende Rede. „Ukrainer in der Nobelkarosse“ ließen sich beim Zahnarzt in Deutschland auf unsere Kosten die Zähne richten. „Deutsche frieren“. Genau so haben Nazis hier im Haus über Juden gesprochen.,2022-09-23 19:47:54+00:00,0,Juden
1573253752781672449,TheKlaus601,Der AfD Abgeordnete Martin Sichert hält hier im Bundestag eine abstoßende Rede. „Ukrainer in der Nobelkarosse“ ließen sich beim Zahnarzt in Deutschland auf unsere Kosten die Zähne richten. „Deutsche frieren“. Genau so haben Nazis hier im Haus über Juden gesprochen.,2022-09-23 10:11:38+00:00,0,Juden
1573249717089222658,AggiRoll,Der AfD Abgeordnete Martin Sichert hält hier im Bundestag eine abstoßende Rede. „Ukrainer in der Nobelkarosse“ ließen sich beim Zahnarzt in Deutschland auf unsere Kosten die Zähne richten. „Deutsche frieren“. Genau so haben Nazis hier im Haus über Juden gesprochen.,2022-09-23 09:55:36+00:00,0,Juden
1573246605377126400,_Max_Graef,Der AfD Abgeordnete Martin Sichert hält hier im Bundestag eine abstoßende Rede. „Ukrainer in der Nobelkarosse“ ließen sich beim Zahnarzt in Deutschland auf unsere Kosten die Zähne richten. „Deutsche frieren“. Genau so haben Nazis hier im Haus über Juden gesprochen.,2022-09-23 09:43:14+00:00,0,Juden
1573228069711941632,Jarcher78,Der AfD Abgeordnete Martin Sichert hält hier im Bundestag eine abstoßende Rede. „Ukrainer in der Nobelkarosse“ ließen sich beim Zahnarzt in Deutschland auf unsere Kosten die Zähne richten. „Deutsche frieren“. Genau so haben Nazis hier im Haus über Juden gesprochen.,2022-09-23 08:29:35+00:00,0,Juden
1573221534432387074,TongucTim,Der AfD Abgeordnete Martin Sichert hält hier im Bundestag eine abstoßende Rede. „Ukrainer in der Nobelkarosse“ ließen sich beim Zahnarzt in Deutschland auf unsere Kosten die Zähne richten. „Deutsche frieren“. Genau so haben Nazis hier im Haus über Juden gesprochen.,2022-09-23 08:03:37+00:00,0,Juden
1573217134343487488,Gurkinchen,Der AfD Abgeordnete Martin Sichert hält hier im Bundestag eine abstoßende Rede. „Ukrainer in der Nobelkarosse“ ließen sich beim Zahnarzt in Deutschland auf unsere Kosten die Zähne richten. „Deutsche frieren“. Genau so haben Nazis hier im Haus über Juden gesprochen.,2022-09-23 07:46:08+00:00,0,Juden
1572656778340335622,polirealm,"Diese AntiD-Nullnummern, die meinen, mich auf irgendwelche ‚Antisemiten-Listen‘ packen zu müssen: Ihr seid das Allerletzte und Ihr seid es, die dem Kampf gegen Antisemitismus schaden, indem Ihr Israels rechtsextreme Politik mit Jüdinnen und Juden gleichsetzt!",2022-09-21 18:39:29+00:00,0,Juden
1571729717840977920,NiMiTeDo,"Das Dirndl ist übrigens nicht bayerisch, sondern eine Erfindung der Brüder Wallach aus Bielefeld. Es kam ab 1910 bei sommerfrischelnden Städtern auf, bevor es 1930 zum Durchbruch mit der Operette „Zum weißen Rößl“ kam. Die Brüder Wallach mussten 1937 auswandern-sie waren Juden.",2022-09-19 05:15:40+00:00,0,Juden
1571703053958496256,pasquillo7777,"Heute, 1941:\n\nWährend deutsche Truppen Kiew einnehmen, tritt die Polizeiverordnung vom 1.9. in Kraft: Alle Juden im\nDeutschen Reich werden gezwungen, den Judenstern zu tragen. Fortan ist für sie auch ein Wechsel des Wohnsitzes genehmigungspflichtig.",2022-09-19 03:29:43+00:00,0,Juden
1571601160624115714,BergHonig,"Auf deutschen Straßen werden Nazisymbole präsentiert die Polizei schaut zu. Hier werden Juden regelmäßig vermöbelt niemanden interessiert es. Unschuldigen Menschen werden diskriminiert ausgegrenzt, abgestochen. Dieser Staat muss zerfallen. Anders geht‘s nicht.",2022-09-18 20:44:50+00:00,0,Juden
1571435411565875208,axel_porsche,"Das Dirndl ist übrigens nicht bayerisch, sondern eine Erfindung der Brüder Wallach aus Bielefeld. Es kam ab 1910 bei sommerfrischelnden Städtern auf, bevor es 1930 zum Durchbruch mit der Operette „Zum weißen Rößl“ kam. Die Brüder Wallach mussten 1937 auswandern-sie waren Juden.",2022-09-18 09:46:12+00:00,0,Juden
1571178835575545856,BacktoPaco,"Das Dirndl ist übrigens nicht bayerisch, sondern eine Erfindung der Brüder Wallach aus Bielefeld. Es kam ab 1910 bei sommerfrischelnden Städtern auf, bevor es 1930 zum Durchbruch mit der Operette „Zum weißen Rößl“ kam. Die Brüder Wallach mussten 1937 auswandern-sie waren Juden.",2022-09-17 16:46:40+00:00,0,Juden
1571160214933573638,50lilli,"Das Dirndl ist übrigens nicht bayerisch, sondern eine Erfindung der Brüder Wallach aus Bielefeld. Es kam ab 1910 bei sommerfrischelnden Städtern auf, bevor es 1930 zum Durchbruch mit der Operette „Zum weißen Rößl“ kam. Die Brüder Wallach mussten 1937 auswandern-sie waren Juden.",2022-09-17 15:32:40+00:00,0,Juden
1570873512335904770,ulrich_ibald,"Ich habe gestern ja den Holocaust gesehen, und viel.daruner nachgedacht was da passierte.... Es hat mich enorm beschäftigt. Ich Frage mich warum Juden so gehasst wurden, teilweise heute noch verfolgt werden. Ich kam zu einem Ergebnis, ich es weiss das Jesus Jude war.",2022-09-16 20:33:25+00:00,0,Juden
1570834396198076418,DGetwrekt,"Als Jüdin in Deutschland zu leben bedeutet, dass es binnen weniger Tage zwei antisemitische Angriffe auf Juden in Berlin gibt und ich meinen Mann bitte eine Taxi nach Hause zu nehmen, weil ich Angst habe, da er durch Neukölln laufen müsste. /1 #judenhass #antisemitismus",2022-09-16 17:57:59+00:00,0,Juden
1570700231813271553,ariesberlin,"Eine wichtige Durchsage: ich lasse mich nicht von Rechten instrumentalisieren. Ja, es gibt muslimischen Antisemitismus - aber es gibt auch unglaublich viele Muslime, die kein Problem mit Juden/Israel haben. An das Ganze rechts-rassistische Pack hier: ihr seid Teil des Problems.",2022-09-16 09:04:52+00:00,0,Juden
1567880563536560129,gosia_walkowiak,"…mit uns allen Polen -wie 25000 von 30000 polnischen Juden. \nWieder hat sie vom neuen angefangen,im Land der Täter,die im Krieg fast ganze ihre Familie ermordet haben. \nDas war schwer für sie,sie hat aber es hingekriegt. Ihr Spruch : „Alle deutschen sind Schweine, aber du nicht“",2022-09-08 14:20:30+00:00,0,Juden
1566887716050149377,haematopoetin,"Steinmeier bittet um Vergebung im Namen der deutschen Bevölkerung, in welcher laut Umfragen zum wiederholten Male zumindest jede*r Vierte*r glaubt Juden_Jüdinnen hätten zu viel Einfluss, nur 35% dass D eine besondere Verantwortung für habe, und 49% einen Schlussstrich wollen.",2022-09-05 20:35:17+00:00,0,Juden
1566870851345346560,Goetterspeise1,"Ein oft vergessener Anschlag der RAF ist der Anschlag auf einen Bus mit sowjetische Juden am 23. Dezember 1991 in Budapest. \n\nEs kam ""nur"" zu Verletzten, was wohl auch daran lag, dass die Bombe fehlzündete...",2022-09-05 19:28:16+00:00,0,Juden
1566757151606972416,dus_hwr,"#Wolffsohn im neuen Heft von TE:""Deutsche Behörden nennen meistens nur d Gefahr des altneuen Rechtsextremismus.Seit Jahren zeigen Umfragen unter den Juden Europas: Sie haben an erster Stelle islam. Judenfeindschaft erfahren,gefolgt von linker u.erst auf d dritten Platz rechter.""",2022-09-05 11:56:28+00:00,0,Juden
1566449457461346307,ach_ach_was_,Sie posieren als Freunde der queeren Community starten dann 1 Hasskampagne gegen trans Menschen.\nSie posieren als große Transatlantiker verbreiten dann russ. Fake News.\nSie posieren als Kämpfer gg. Antisemitismus stellen sich bei 1. Gelegenheit gegen pol. unliebsame Juden.,2022-09-04 15:33:48+00:00,0,Juden
1566192795756412930,ChrisGollasch,"Habt ihr schon mal von der Aktion der ""Söhne und Töchter der deportierten Juden Frankreichs"" gehört, die am 19. Oktober 1992 in Rostock stattfand? Dabei wurde zuerst eine Gedenktafel am Rostocker Rathaus angebracht. Dann verbrannten die Demonstrant*innen eine Hakenkreuzfahne /x",2022-09-03 22:33:55+00:00,0,Juden
1565190261881405440,steffens_gerd,"Ströbele nannte irakische Raketenangriffe auf Israel die „logische, fast zwingende Konsequenz der Politik Israels."" Er widmete sein Leben und seine Karriere den Terroristen, die bei Flugzeugentführungen Juden selektierten. Es ist furchterregend, wie er jetzt verherrlicht wird.",2022-09-01 04:10:12+00:00,0,Juden
1208103482269544453,CastrovilliGius,Meine Mutter und mein Vater waren Juden und meine Mutter und mein Vater waren Moslems und meine Mutter und mein Vater waren Christen und so weiter und so fort.,2019-12-20 19:14:50+00:00,0,Juden
1201845455686164480,CastrovilliGius,"Sehen Sie niemals das wahre Gesicht von Deutschen und Italienern, wie sie sie für Juden hassen.",2019-12-03 12:47:40+00:00,0,Juden
1201780346267865088,schneeridara,"Juden wollen niemanden zu ihrem Glauben bekehren.\n\nJuden haben keine Hassprediger in ihren Synagogen.\n\nSie sind einfach normale Bürger, die ein Recht auf ein friedliches Leben haben.\n\nUnd trotzdem steigt der Hass gegen sie. Warum?",2019-12-03 08:28:57+00:00,0,Juden
1200131673138049024,NickiiiiiZicki,Gerade mit nem boomer geredet.\n\nEr: Ha Holocaust war nicht so schlimm dir ganze scheiße haben sich diese Juden eh nur ausgedacht\n\nIch: das ist Shoa Leugnung dafür kann ich sie anzeigen und sie werden ins Gefängnis gesperrt\n\nEr: du? Ein drei Käsehoch?\n\nIch: OK Boomer,2019-11-28 19:17:42+00:00,0,Juden
1194385927155732485,HopeNadeshda,"Wenn Araber und Muslime überall in jedem Land der Welt siedeln, sagen sie: ""Kein Mensch ist illegal!""\n\nWenn Juden in der Jahrtausende alten Heimat Judäa Samaria, Jerusalem, #Israel leben, sagen sie: ""Illegale jüdische Siedlungen!""\n\nUnfassbarer #Antisemitismus.\n\n#EU #EuGH #Grüne",2019-11-12 22:46:10+00:00,0,Juden
1193533184870359042,MicheleAW_,"Doitsche feiern den Mauerfall weil das mit den Juden muss man ja auch mal ruhen lassen und überhaupt, sie haben ja nichts damit zu tun und ihre Großeltern von nichts gewusst. \n\nDas muss die von Höcke beschworene Erinnerungswende sein... Es kotzt mich so an.",2019-11-10 14:17:40+00:00,0,Juden
1186595906721845255,MPatron514,"Geschichte, 9. Klasse\n\n„Hitler hat Menschen aussortiert, weil sie Juden waren oder gegen ihn waren oder so.“\n\n„Jap“\n\n„Alter, der war verrückt. Wie die von der AfD. Als ob so Scheiße wichtig wäre, wo man her ist. Sowas glauben halt auch bloß Deppen.“\n\nDas, meine Lieben. Das.",2019-10-22 10:51:24+00:00,0,Juden
1186583906012815360,Baharna99980707,Einige Leute checken es nicht. In Mekka wird immer gegen Juden und Christen gehetzt das Allah sie mit Krankheiten bestrafen soll. Aber das westliche Geld nehmen sie gerne an. Es sind Heuchler und Täuscher und Lügen ein lächelnd ins Gesicht. Ist ja legitim im Islam (Welteroberung),2019-10-22 10:03:43+00:00,0,Juden
1186574431885373440,k3vk4,"""Er hat nichts gegen Juden in dem Sinne. Er hat was gegen die Leute, die hinter der finanziellen Macht stehen – wer hat das nicht?"". Wer hat das nicht? Juden als globale #Finanzelite, die mit schiefen Nasen, großen Augen langen spitzen Fingern Geldsäcke Huckepack tragen.\n\n6/26",2019-10-22 09:26:04+00:00,0,Juden
1184726752465166337,WGM99607495,Ich habe in meinen 60 Jahren noch nicht einen einzigen Menschen kennengelernt der etwas gegen Juden hat. \nNiemand spricht von dem Antisemitismus durch Islamismus. #maischberger,2019-10-17 07:04:03+00:00,0,Juden
1184045235120361472,___Gitana___,"„Bei Umfragen unter Juden in Deutschland, die Opfer von antisemitischen Taten wurden, wurden demnach bei 62 % der Beleidigungen und 81 % der körperlichen Angriffe muslimische Personen als mutmaßliche Täter angegeben.“ (Jüdische Allgemeine) - irrelevant, liebe ARD? #hartaberfair",2019-10-15 09:55:57+00:00,0,Juden
1183856022932340738,komet81,"Die Mutter des Attentäters von #Halle, Grundschullehrerin: ""Er hat nichts gegen Juden in dem Sinne, er hat was gegen die Leute, die hinter der finanziellen Macht stehen. Wer hat das nicht?"" (Quelle: SPIEGEL)\n\nUnfassbar.",2019-10-14 21:24:05+00:00,0,Juden
1183333001582858240,Bucketl35439449,"Was hat ""Auf der Seite von Juden stehen"" mit ""Auf der Seite von Israel stehen"" miteinander zu tun? Nichts! Woher hat der Kissler seinen Doktor? Von Netanjahu gekauft? #presseclub",2019-10-13 10:45:47+00:00,0,Juden
1182963146211901440,NBoudour,"Ich bin ein Jude. Und mich ekelt es an, als Juden und als Bürger, wie Teile der Springer Welt subtil und weniger subtil versuchen, ihren „Kampf gg. den Antisemitismus“ zu verbinden mit ihrer eigenen Islamophobie. Nee Leute, ich spiele nicht in Eurem Team. Ihr sprecht nicht in",2019-10-12 10:16:07+00:00,0,Juden
1182907109043789824,_really_not_me,"Ich bin ein Jude. Und mich ekelt es an, als Juden und als Bürger, wie Teile der Springer Welt subtil und weniger subtil versuchen, ihren „Kampf gg. den Antisemitismus“ zu verbinden mit ihrer eigenen Islamophobie. Nee Leute, ich spiele nicht in Eurem Team. Ihr sprecht nicht in",2019-10-12 06:33:26+00:00,0,Juden
1182801015793274880,MoChri,"Ich bin ein Jude. Und mich ekelt es an, als Juden und als Bürger, wie Teile der Springer Welt subtil und weniger subtil versuchen, ihren „Kampf gg. den Antisemitismus“ zu verbinden mit ihrer eigenen Islamophobie. Nee Leute, ich spiele nicht in Eurem Team. Ihr sprecht nicht in",2019-10-11 23:31:52+00:00,0,Juden
1182639171040694273,FrauBlaubaer,"Ich bin ein Jude. Und mich ekelt es an, als Juden und als Bürger, wie Teile der Springer Welt subtil und weniger subtil versuchen, ihren „Kampf gg. den Antisemitismus“ zu verbinden mit ihrer eigenen Islamophobie. Nee Leute, ich spiele nicht in Eurem Team. Ihr sprecht nicht in",2019-10-11 12:48:45+00:00,0,Juden
1182369637918498817,waldstoeckchen,"Wer konnte auch ahnen, dass deutsche Nazis keine Juden mögen? #Alarmzeichen",2019-10-10 18:57:43+00:00,0,Juden
1182301685185748999,ramzes9092,"Terrorist in #Halle redete über Juden UND ""Kanaken"", griff Synagoge UND türk. Imbiss an, tötete *gezielt* Imbissgast, ist zweifellos Rassist. Alle reden ZURECHT über Antisemitismus. Gleichzeitig wird (sein) antimuslischer Rassismus ignoriert.\nEs tut weh,wie egal unsere Leben sind",2019-10-10 14:27:42+00:00,0,Juden
1182258123140141057,StephanJBauer,"Der nächste, der mich fragt, ob „wir Juden“ jetzt in „die Heimat“ ziehen, bekommt ganz gepflegt was auf die Fresse! Wir sind Deutsche! So wie jd deutsche Christ, deutsche Muslim, deutsche Katholik auch, werden wir weiterhin in unserem Geburts– und Heimatland leben. #hal0910",2019-10-10 11:34:36+00:00,0,Juden
1182235581675397121,TRazyar,"Terrorist in #Halle redete über Juden UND ""Kanaken"", griff Synagoge UND türk. Imbiss an, tötete *gezielt* Imbissgast, ist zweifellos Rassist. Alle reden ZURECHT über Antisemitismus. Gleichzeitig wird (sein) antimuslischer Rassismus ignoriert.\nEs tut weh,wie egal unsere Leben sind",2019-10-10 10:05:02+00:00,0,Juden
1182190162421395456,SchustereitHM,"Nein, Frau Kramp-Karrenbauer, wenn jemand loszieht, um Juden zu töten, ist das kein ""Alarmsignal"" mehr.\n\nDas waren Alarmsignale:\n-Hate Speech, Morddrohungen, Todeslisten\n-rechte Straftäter sind immer häufiger bewaffnet\n-Revolution Chemnitz, Nordkreuz, NSU 2.0 bereiteten Tag X vor",2019-10-10 07:04:33+00:00,0,Juden
1182182232968122368,keinlemming,"Dann steht da ein Sprecher für die Juden, der es nicht\nversteht das es keinen Polizeischutz gibt !\nBei Religionsfreiheit und der Vielzahl von Gebetsorten,\nbrauchten wir in Deutschland 4x so viel Polizisten um das\nzu bewerkstelligen !\n",2019-10-10 06:33:02+00:00,0,Juden
1182003288977367041,_kieselstein,"Das Video der Helmkamera des deutschen Attentäters von #Halle zeigt, wie der Mann mehrfach über ""Juden"" und ""Kanaken"" schimpft und zwei Leute erschießt. Lets not be fooled. Die neualten Rassisten meinen auch Juden. Wer 1 Deutschland ohne Kanaken will, will auch eins ohne Juden.",2019-10-09 18:41:59+00:00,0,Juden
1182000331573600256,JacktheRibber,"Das Video der Helmkamera des deutschen Attentäters von #Halle zeigt, wie der Mann mehrfach über ""Juden"" und ""Kanaken"" schimpft und zwei Leute erschießt. Lets not be fooled. Die neualten Rassisten meinen auch Juden. Wer 1 Deutschland ohne Kanaken will, will auch eins ohne Juden.",2019-10-09 18:30:14+00:00,0,Juden
1181368373692813324,tamaruro1,"XR setzt den Kindern den Floh ins Ohr, wir würden vor der Auslöschung stehen.\nWir Juden standen kurz vor der Auslöschung und werden noch immer konkret damit bedroht. Dennoch werde ich meinen Kindern Zuversicht und Freude für ihr Leben mitgeben.\nOhne kann die Welt auch untergehen.",2019-10-08 00:39:03+00:00,0,Juden
1174355233167880193,MamaliebtPapa,Vor 80 jahren war halb Europa Deutschland und juden wurden gejagt \n\nDas klingt wie ein fantasyroman oder so aber einfach nur 80 jahre her wtf,2019-09-18 16:11:20+00:00,0,Juden
1168038519903678465,hansmichaelbuss,"4.000 Juden wurden durch deutsche Soldaten in #Lemberg getötet. Daran erinnert sich #AndreasKalbitz nicht in seinen Film über die 1.Gebirgsdivision, den er als Drehbuchautor produziert hat. Und diesen Mann wollen SIE wählen?#AfDgehoertnichtzuDeutschland #wehrhafteDemokratie",2019-09-01 05:50:58+00:00,0,Juden
1163216698536804354,EnnoFriedrich1,Muslim: Christen und Juden liegen falsch.\n\nChrist: Muslime und Juden liegen falsch.\n\nJude: Christen und Muslime liegen falsch.\n\nAtheist: Ihr habt alle recht!,2019-08-18 22:30:47+00:00,0,Juden
1162328757228711938,Hohenelber,"In arabische/muslimische Länder dürfen keine Juden.\n\nObwohl Juden dort lange vor dem Islam lebten, wurden alle vertrieben.\n\nIn der Demokratie #Israel dagegen leben alle. Alle besser als in den umgebenden Diktaturen.\n\nAber nur #Israel wird kritisiert.\n\nUnfassbarer #Antisemitismus.",2019-08-16 11:42:25+00:00,0,Juden
1162222538161709056,GMilsani,"In arabische/muslimische Länder dürfen keine Juden.\n\nObwohl Juden dort lange vor dem Islam lebten, wurden alle vertrieben.\n\nIn der Demokratie #Israel dagegen leben alle. Alle besser als in den umgebenden Diktaturen.\n\nAber nur #Israel wird kritisiert.\n\nUnfassbarer #Antisemitismus.",2019-08-16 04:40:20+00:00,0,Juden
1162121348904153088,akgraef,"Mich beschäftigt das Thema von gestern noch immer. Juden*jüdinnen sind überall auf der Welt eine marginalisierte Gruppe. Selbst in Israel. Antisemitismus ist nicht besiegt, nur weil in einigen Ländern jüdische Menschen relativ sorgenfrei leben konnten.",2019-08-15 21:58:15+00:00,0,Juden
1159970159181930497,LenardLang4,"Der #AfD-Schutzpatron, Graf v. Stauffenberg, äußerte sich abschätzig über Juden und sogenannte Mischvölker und sprach sich gegen das Prinzip der Egalität aus. Erst als er seine Pfründe davon schwimmen sah, stellte er sich gegen Hitler. Er war ein Opportunist und Anti-Demokrat.",2019-08-09 23:30:11+00:00,0,Juden
1154444725262475266,JiriHazekk,"Der Zentralrat der Juden hat soeben die etablierten Parteien vor den Wahlen in Ostdeutschland dazu aufgerufen, die AfD „politisch zu isolieren“: „Es geht darum, sich von Positionen der AfD ganz deutlich zu distanzieren und die AfD politisch zu isolieren.""",2019-07-25 17:34:05+00:00,0,Juden
1154365472223256576,immer_bereit,"Der Zentralrat der Juden hat soeben die etablierten Parteien vor den Wahlen in Ostdeutschland dazu aufgerufen, die AfD „politisch zu isolieren“: „Es geht darum, sich von Positionen der AfD ganz deutlich zu distanzieren und die AfD politisch zu isolieren.""",2019-07-25 12:19:10+00:00,0,Juden
1154013324734021632,GawainOf_Orkney,"Gegenüber Juden findet sich diese Art der Ausgrenzung schon im Mittelalter (""Judensau"").\n\nIch hab so die Schnauze voll. Schnitzelleitkultur. Es ist nur widerlicher Rassismus.",2019-07-24 12:59:51+00:00,0,Juden
1150478941100134402,MoritzMichelson,"2019.\n\nDass deutsche Politiker und Medien wie der #Spiegel wieder sagen, dass Juden die deutsche Politik steuern würden, stört kaum jemanden.\n\nNein, die Kritik an eben diesen Medien und Politikern sei ""rechtsextrem"".\n\nUnfassbare Begriffsumkehrung und Rückkehr des #Antisemitismus.",2019-07-14 18:55:29+00:00,0,Juden
1150003368871567360,HenningMarianna,1/ x Russlanddeutsche in der AfD und Juden in der AfD. \n\nGibt es eine Schnittmenge?\n\nDie eindeutige Antwort darauf lautet: Ja\n\nThread wird heute und morgen laufend ergänzt.\n\n#NoAfD #JAfD #AfDrus,2019-07-13 11:25:43+00:00,0,Juden
1149423577994846208,aciz_1_kul,Ich bin Türke\nIch bin studierter\nIch bin erfolgreich selbstständig\nIch hasse keine Kurden\nIch hasse keine Juden\nIch hasse keine Christen\nIch hasse keine Minderheiten\nIch hasse Populismus\nIch hasse die AfD\nIch hasse Terrorismus\nIch hasse Hetze und Spaltung\n\nIch bin Erdoganwähler,2019-07-11 21:01:50+00:00,0,Juden
1143275710209036293,Nettogeruecht,"Deutsche haben kein Problem mit 200000 Juden, sondern mit überengagierten Antisemitismusbeauftragten, die Antisemitismus konstruieren wo es gar keinen gibt wie z, B. beim Verwenden des Buchstabieralphabets.",2019-06-24 21:52:25+00:00,0,Juden
1135355561070006273,BajramTerziu,„In Deutschland darf man nicht ungestraft gegen Juden hetzen. Man darf aber ungestraft gegen Muslime hetzen.“\n#NichtOhneMeinKopftuch,2019-06-03 01:20:34+00:00,0,Juden
1135345157124104192,BajramTerziu,Ein Kopftuchverbot wird nicht bei den Muslimen halt machen: wo sind die Juden in diesem Land? Wo bleiben die Nonnen in diesem Land. #NichtOhneMeinKopftuch ist ein Aufstand gegen die Uniformierung der Gesellschaft,2019-06-03 00:39:13+00:00,0,Juden
1135312572389961729,AbuMoBenjamin,"„In Deutschland darf man nicht ungestraft gegen Juden hetzen. Man darf aber ungestraft gegen Muslime hetzen.“\n\n(Wolfgang Benz, Deutscher Historiker)\n#NichtohneMeinKopftuch",2019-06-02 22:29:45+00:00,0,Juden
1135304452079050753,Umyouss40198612,"#NichtOhneMeinKopftuch\n„In Deutschland darf man nicht ungestraft gegen Juden hetzen. Man darf aber ungestraft gegen Muslime hetzen.“\n\n(Wolfgang Benz, Deutscher Historiker)",2019-06-02 21:57:28+00:00,0,Juden
1135297472471937026,Betulates8,„In Deutschland darf man nicht ungestraft gegen Juden hetzen. Man darf aber ungestraft gegen Muslime hetzen.“\n#NichtOhneMeinKopftuch,2019-06-02 21:29:44+00:00,0,Juden
1135257609810993154,MehmetTaxici38,#NichtOhneMeinKopftuch früher waren's die Juden. Und heute wollen sie uns an ihre Stelle Rücken. Aber wir setzen ein Zeichen. Heute! Und Deutschland merkt wie stark der Löwe doch ist. Alhamdulillah. Keine Chance dem Assimilationsdruck.,2019-06-02 18:51:20+00:00,0,Juden
1135230533498286082,fulyaa____,„In Deutschland darf man nicht ungestraft gegen Juden hetzen. Man darf aber ungestraft gegen Muslime hetzen.“\n#NichtOhneMeinKopftuch,2019-06-02 17:03:45+00:00,0,Juden
1135229832189685762,AbbasKida,„In Deutschland darf man nicht ungestraft gegen Juden hetzen. Man darf aber ungestraft gegen Muslime hetzen.“\n#NichtOhneMeinKopftuch,2019-06-02 17:00:58+00:00,0,Juden
1135228954720243712,NaSoleiman,Bei den\nHindus nennen sie es: Tradition \nBei den\nJuden nennen sie es: Tradition \nBei den\nChristen nennen sie es: Tradition \nBei den\nMuslimen nennen sie es: \nUnterdrückung \nWenn wollt ihr für Dumm verkaufen?\n#NichtOhneMeinKopftuch,2019-06-02 16:57:28+00:00,0,Juden
1135228253483012096,Zibal15,"Heuchelei wie es im Buche steht. Deutliche Islamfeindlichkeit. Juden Kippa erlaubt. Kopftuch verboten. Wenn sie putzen ist es kein Problem, aber wenn sie Denken ist es gefährlich. #NichtOhneMeinKopftuch",2019-06-02 16:54:41+00:00,0,Juden
1135227805116116993,salih11406565,Erst die Juden und nun die Muslime. Armes Deutschland #NichtOhneMeinKopftuch,2019-06-02 16:52:54+00:00,0,Juden
1135225507467997185,Matn07680562,nen sie es: Tradition\nBei den\nJuden nennen sie es: Tradition\nBei den\nChristen nennen sie es: Tradition\nBei den\nMuslimen nennen sie es: Unterdrückung #NichtOhneMeinKopftuch,2019-06-02 16:43:47+00:00,0,Juden
1135218492104421376,SM52257298,"Gestern waren es die Juden, heute die Muslime!\n\nBricht etwa ein neues Zeitalter an? The next 1946 \n\n#NichtOhneMeinKopftuch NichtOhneMeinKopftuch",2019-06-02 16:15:54+00:00,0,Juden
1135218488723873793,MuhammadIbnOmar,Damals juden heute wir Muslime \n#NichOhneMeinKopftuch,2019-06-02 16:15:53+00:00,0,Juden
1134820419461140480,StefanSkibbe,"Tausende demonstrieren für die Vertreibung der Juden aus Jerusalem und Vernichtung Israels. Hisbollah u Nasrallah werden gefeiert. Weil Dtl. die Hisbollah nicht als Terrororganisation einstuft, darf sie weiter Spenden sammeln und Propaganda betreiben. Das muss ein Ende haben.",2019-06-01 13:54:06+00:00,0,Juden
1129859124072779776,GrablerSabine,"Wer laut FPÖ schuld am Ende der Regierung ist: Attraktive Frauen, Lügenpresse, die Juden.\n\nWer nicht schuld ist: Grenzkorrupte FPÖ-Politiker",2019-05-18 21:19:41+00:00,0,Juden
1129090771855052801,DrGrandt,Springer-Verlagschef Döpfner mit dem Preis des Zentralrats der Juden ausgezeichnet - na dann auf weitere UNABHÄNGIGE Berichterstattung aus dem Nahen Osten,2019-05-16 18:26:32+00:00,1,Juden
1118882943672422402,heuteshow,"Tätliche Angriffe auf Juden in Berlin haben sich 1933 mehr als verdoppelt im Vergleich zu 1932.\nAch, Entschuldigung! Wir meinten natürlich „2018“ und „2017“.",2019-04-18 14:24:16+00:00,0,Juden
1118218435224375296,Beasty_Boy_74,"Warum reden hier eigentlich immer alle über Muslime, Christen, Juden, Rechte, Linke, Grüne, Rote, Gelbe, Schwarze, Weiße, Benachteiligte, Minderheiten, Mehrheiten oder sonstige Gruppierungen?",2019-04-16 18:23:45+00:00,0,Juden
1115114129734414336,ChriSchoenherr,"„Solange nicht erwiesen hat, dass Waldheim eigenhändig sechs Juden erwürgt hat, gibt es kein Problem.“ ÖVP-Generalsekretär Graff 1986. „Wenn keine Gewalt dabei ist, dann ist das nicht rechtsextrem.“ ehem ÖVP-Präsidentschaftskandidat Andreas Khol 2019",2019-04-08 04:48:21+00:00,0,Juden
1112016018405289984,Mott_Mason,"Ich frage mich warum : 1.Polen für Polen 2.Ungarn für Ungarn , 3.Tschechen für Tschechen 4.Israel für Juden ------Warum Pkt 1,2 und 3 sind Rassismus und Nationalismus und Pkt4. ist es nicht und ist OK",2019-03-30 15:37:33+00:00,1,Juden
1106100677489672192,MoritzMichelson,"Muslimischer Rapper auf Konzert für #Vielfalt in Norwegen:\n\n""Sch*** Juden!""\n\nBehörden dazu: ""Kein Problem. Kein Hass. Ist nur Kritik an #Israel.""\n\nAls Araber in Wuppertal die jüdische Synagoge anzünden, urteilte die deutsche Justiz ebenso: ""Ist nur Israelkritik.""\n\n#Antisemitismus",2019-03-14 07:52:06+00:00,0,Juden
1098532442137350144,Schattenwege,"Hier noch paar Lagerfeld Zitate für eurer Insta\n\n„Runde Frauen will niemand sehen“ \n\n""Man kann nicht Millionen Juden töten und später dann Millionen ihrer schlimmsten Feinde holen""\n\n""Wenn das weitergeht, gebe ich die deutsche Staatsangehörigkeit auf""",2019-02-21 10:38:38+00:00,0,Juden
1098157950760353792,BalkanConnectio,"Hier noch paar Lagerfeld Zitate für eurer Insta\n\n„Runde Frauen will niemand sehen“ \n\n""Man kann nicht Millionen Juden töten und später dann Millionen ihrer schlimmsten Feinde holen""\n\n""Wenn das weitergeht, gebe ich die deutsche Staatsangehörigkeit auf""",2019-02-20 09:50:32+00:00,0,Juden
1098037039470202887,voll_thorsten,"""Man kann nicht, selbst wenn Jahrzehnte dazwischen liegen, Millionen Juden töten, um danach Millionen ihrer schlimmsten Feinde kommen zu lassen. ""\nKarl #Lagerfeld \nRIP",2019-02-20 01:50:05+00:00,0,Juden
1096481678900584448,Sami_Rsnbltt,"Wir leben in einem Land, in dem Christen und Juden eigentlich gar nichts zählen. \nMan ist nur darauf bedacht, dass Islamfeindlichkeit bekämpft wird. \n\nKannste dir eigentlich gar nicht vorstellen, was in Deutschland so vor sich geht. \n\nHab echt langsam die Schnauze voll!",2019-02-15 18:49:38+00:00,0,Juden
1091075365123043330,Mica4711,"Wir können kein Mitglied der AfD ins Kuratorium der ""Stiftung Denkmal für die ermordeten Juden Europas"" wählen, während Mitglieder Hitler und die Nazis als ""Vogelschiss"" der deutschen Geschichte und das Holocaust-Mahnmal als ""Denkmal der Schande"" bezeichnen.",2019-01-31 20:46:52+00:00,0,Juden
1091051629556715521,CorinnaSchoning,"31. Januar 1943 | 5239 polnische Juden aus dem Ghetto in Prużana kommen in #Auschwitz an. Nach der Selektion werden 562 Männer 212 Frauen im Lager registriert. 4537 Menschen, davon 1207 Kinder jünger als 10, werden in den Gaskammern ermordet.",2019-01-31 19:12:33+00:00,0,Juden
1090141980921905152,Tom_de_Belfore,"Damals hat man zugeschaut, wie Juden zum Ermorden abtransportiert wurden. Heute schaut man wie Menschen im Mittelmeer ertrinken und die wenigen, die man retten konnte, nicht an Land dürfen. Die größten Idioten dieser Welt freuen sich sogar darüber.",2019-01-29 06:57:56+00:00,0,Juden
1088175852007968771,LarsOkker,"Helmuth James Graf von Moltke ist ein Vorbild für größten Anstand. Er half Jüdinnen und Juden bei der Ausreise und gründete die Widerstandsgruppe Kreisauer Kreis. Sein Traum: ein ""europäischer Bundesstaat"" statt ""Drittem Reich"". Heute vor 74 Jahren ließen ihn die Nazis ermorden.",2019-01-23 20:45:15+00:00,0,Juden
1087627756719009792,JoergRMayer,"Nicht dass mich das begeistern würde, aber ich denke, die weisse Mehrheitsgesellschaft und die Juden in den USA bekommen gerade nachhaltig vorgeführt, was ihnen droht, wenn sie 2020 nicht Trump wählen.",2019-01-22 08:27:19+00:00,0,Juden
1084672674524286977,e62springer,"Wir werden uns nicht damit abfinden, dass Jüdinnen und Juden in #Berlin antisemitisch beleidigt oder angegriffen werden. Wir sind mehr, und wir werden solche Kräfte in ihre Schranken weisen. Jeder antisemitische Vorfall trifft uns alle. #Antisemitismus",2019-01-14 04:44:52+00:00,0,Juden
1084600444817756161,die_109er,Heute vor 210 Jahren - 1809 – Geschichte der Juden im Deutschen Bund: Im Großherzogtum Baden wird mit dem 9. Konstitutionsedikt der bürger- und kirchenrechtliche Status der Juden geregelt und ein Oberrat eingerichtet.,2019-01-13 23:57:51+00:00,0,Juden
1083029999366619139,ennopark,"14/15 sechs Millionen Juden und andere Minderheiten industriell zu töten, aber regen sich allenfalls geringfügig auf, wenn es heute tagtäglich Übergriffe auf Flüchtlinge usw. gibt. Diesen Mechanismus, diese Verdrängung, diese Angst schwach zu sein können wir in uns allen irgendwo",2019-01-09 15:57:28+00:00,0,Juden
1082189651983679488,Harun74977238,"Wer sich ein Deutschland ohne Muslime wünscht, wünscht sich langfristig auch ein Deutschland ohne Homosexuelle, Juden, Menschen mit geistigen und körperlichen Beeinträchtigungen, Transgender, stark Übergewichtige, Menschen mit unkonventionellen Lebenskonzepten. #AfD #NoAfD",2019-01-07 08:18:13+00:00,0,Juden
1099913220427575298,xMelloex,Ich gehe heute in eine Synagoge aber was soll das Ich dachte Juden sind damals alle ausgestorben,2019-02-25 06:05:21+00:00,0,Juden
1197260034092290048,lenzsy1,Ok bin raus mein vater vergleicht den boykott gegen true fruits mit „kauft nicht bei juden“ im 3. Reich help,2019-11-20 21:06:50+00:00,0,Juden
1476940006061219845,UwePompoes,"""Spital in Israel hat einen ersten Fall von «Flurona»Eine Frau infizierte sich gleichzeitig mit dem Corona- und dem Grippevirus. Die Frau hat einen milden Verlauf, obwohl sie gegen beide Erreger nicht geimpft ist."" So what? Müsste die nicht sofort intubiert werden und sterben?",2021-12-31 15:35:12+00:00,0,Israel
1476301607205842945,md_r70,"Israel:\n""Da die #Omikron-Variante mehreren Studien zufolge weit harmloser sein könnte als vorherige #Covid-Varianten, hat das Gesundheitsministerium Pläne der Regierung für eine vierte Impfdosis vorerst gestoppt.""\n\nQuelle: Cicero",2021-12-29 21:18:26+00:00,0,Israel
1476292750265966592,SchroederAsko,"Israel:\n""Da die #Omikron-Variante mehreren Studien zufolge weit harmloser sein könnte als vorherige #Covid-Varianten, hat das Gesundheitsministerium Pläne der Regierung für eine vierte Impfdosis vorerst gestoppt.""\n\nQuelle: Cicero",2021-12-29 20:43:14+00:00,0,Israel
1475883549173637127,klke1957,"Wir sprechen auch nicht über den Rassismus von Türken gegen Kurden, Jeziden, Armenier, Griechen, Aleviten nicht Muslimen in Deutschland.\n\nWir schweigen wenn in Moscheen gegen Israel/Juden gehetzt wird. Wir Akzeptieren das in vielen Stadtviertel Juden keine Kippa tragen. Warum?",2021-12-28 17:37:13+00:00,0,Israel
1473568638095564801,Chaosjana1980,"Israel steuert auf die nächste Welle zu: teilw. wieder Zoom-Schulunterricht, Green Pass in Malls u. Restaurants, Ein- u. Ausreisen kaum möglich; als erstes Land weltweit die vierte Impfung für über 60 j., high risk Patienten u. Krankenhaus Personal #israel #OmicronVariant #corona",2021-12-22 08:18:35+00:00,0,Israel
1473108582229069828,ClaudiusWeise,"Millionen doppelt #Geimpfte in #Israel verweigern jetzt die #Drittimpfung. Sie dachten, mit zwei Impfungen sei die Sache erledigt. Warnung vorweg: Wer diese Leute jetzt zu #Impfverweigerern macht, den erklären wir öffentlich zum #Antisemiten. Basta.",2021-12-21 01:50:29+00:00,0,Israel
1472846293169065986,taxiphilosoph,Israel verbietet seinen Bürgern wegen der #Corona -Lage in Deutschland das Reisen in die Bundesrepublik. Die Maßnahme zur Eindämmung der #Omikron -Variante soll in der Nacht zum Mittwoch um Mitternacht in Kraft treten.,2021-12-20 08:28:15+00:00,0,Israel
1467608093014040584,_hugin_,Gemessen an der Zahl der 5 Mio Geimpften liegt das Risiko in Daten aus Israel gerade mal bei 0.003 % wobei 70% der Fälle erst bei der 2. Impfung auftraten. Daten aus Kanada mit BioNTech zeigen in der am stärksten betroffenen Altersklasse (18-24 a) ein Risiko von 0.0037%.,2021-12-05 21:33:30+00:00,0,Israel
1467139340853821445,Rima20794231,"Es ist wirklich ein Drama: die Zulassungsstudie war super, USA und Israel liefern sehr gute, positive Daten … aber in den deutschen Medien und darüber hinaus findet sich nur Verunsicherung wegen U12-Impfung. Wann lernen wir? Gleicher Fehler immer wieder… #Impfung #U12 #Corona",2021-12-04 14:30:51+00:00,0,Israel
1467112489120849921,janosrek,"Es ist wirklich ein Drama: die Zulassungsstudie war super, USA und Israel liefern sehr gute, positive Daten … aber in den deutschen Medien und darüber hinaus findet sich nur Verunsicherung wegen U12-Impfung. Wann lernen wir? Gleicher Fehler immer wieder… #Impfung #U12 #Corona",2021-12-04 12:44:09+00:00,0,Israel
1466867111465299978,markuskoehler,"Einige Omicron-Daten aus Israel.\n- 34 bestätige Fälle und Verdachtsfälle\n- 2 geboostert, 6 2fach geimpft, 26 ungeimpft\n- bei den Ungeimpften haben 10 Personen Symptome, 16 sind asympt.\n- bei den Geimpften hat 1 Person Symptome, 7 sind asympt.\n- Impfschutz wohl teilweise vorhanden",2021-12-03 20:29:07+00:00,0,Israel
1465554779367788544,ConanMeriadoc,"Ja, Jerusalem ist die legitime Hauptstadt von Israel. \n#Nahostkonflikt",2021-11-30 05:34:22+00:00,0,Israel
1465017631451361286,AG110670,"Ich muss es immer wiederholen:\nder Deutsche Sonderweg ist gescheitert.\ngenauso wie Österreich Israel, Australien und Neuseeland.\n\nDas Impfnarrativ tötet jetzt schon mehr Menschen als am Virus gestorben sind und es werden immer mehr.\n\n#corona #covid #Impfung #Ivermectin #Freiheit",2021-11-28 17:59:56+00:00,0,Israel
1464598436985159683,Joanna45856454,"Portugal mit etwa 87% Impfquote: Neuer Lockdown.\nIsrael mit Pflicht zur Booster-Impfung, um als vollständig geimpft zu gelten: Fünfte Welle droht nun.\nIrland mit etwa 90% Impfquote: Wurde vom RKI als Hochrisikogebiet eingestuft.\nWas soll also eine Impfpflicht bringen?",2021-11-27 14:14:12+00:00,0,Israel
1464594773872975882,AfD_MYK,"Portugal mit etwa 87% Impfquote: Neuer Lockdown.\nIsrael mit Pflicht zur Booster-Impfung, um als vollständig geimpft zu gelten: Fünfte Welle droht nun.\nIrland mit etwa 90% Impfquote: Wurde vom RKI als Hochrisikogebiet eingestuft.\nWas soll also eine Impfpflicht bringen?",2021-11-27 13:59:39+00:00,0,Israel
1464265195417743363,mygmos,"Südafrika-Variante, steigende Impfdurchbrüche und ernüchternde Nachrichten aus Israel zum Boostern: dieser Corona-Winter könnte härter werden als viele befürchten. Und trotzdem sind Stadien, TV-Shows und Konzerte immer noch pickepackevoll. Warum?",2021-11-26 16:10:01+00:00,0,Israel
1464178102158962691,2578Juli,"Vieles zu der neuen Variante ist noch unklar.\nTrotzdem, aus gutem Grund haben anderen Länder wie UK und Israel entschieden, für diese Variante die Grenzen erstmal dicht zu machen. Das heisst: Quarantäne UND PCR Tests für einreisende aus einer Reihe Ländern.",2021-11-26 10:23:57+00:00,0,Israel
1464176053757300736,BellaEU_,"Südafrika-Variante, steigende Impfdurchbrüche und ernüchternde Nachrichten aus Israel zum Boostern: dieser Corona-Winter könnte härter werden als viele befürchten. Und trotzdem sind Stadien, TV-Shows und Konzerte immer noch pickepackevoll. Warum?",2021-11-26 10:15:48+00:00,0,Israel
1464156995142012945,heinzkollmann,"Da Israel – das sehr genaue Varianten Surveillance hat – bereits ersten Fall der neuen Variante bestätigt hat, können wir davon ausgehen, dass diese natürlich bereits am Kontinent ist. Tippe schwer auf UK, Frankreich, Schweiz Co. Man kann jetzt nur Zeit gewinnen diese nutzen",2021-11-26 09:00:05+00:00,0,Israel
1464103811572768768,VeroPfeiffer,Better be safe than sorry. UK und Israel haben aufgrund der neuen Variante Südafrika (nehm an auch Botswana und Hongkong) auf rote Liste genommen. Für Südafrika–Reisende gibt es Quarantäneregelung mit Freitesten nach 5 Tagen in Ö. Das gehört strikter und das in ganz Europa.,2021-11-26 05:28:45+00:00,0,Israel
1463958386995826699,HoschiMike,"Nachdem der #Booster die 4. #Covid-Welle gebrochen haben soll, steht #Israel laut ""Times of Israel"" nun am Anfang der 5. Welle. Gesundheitsminister spricht - weniger als 1 Jahr nach Beginn der Impfkampagne - bereits von 4. Dosis. 9% aller jüngst positiv Getesteten sind geboostert",2021-11-25 19:50:53+00:00,0,Israel
1463068500013064196,jasper3107,"Ab heute können in #Israel Kinder zwischen 5-11 gegen #Corona geimpft werden.\nMeine Glaskugel sagt, dass ähnlich wie beim Boostern, Deutschland die Kinderimpfung verschlafen wird.",2021-11-23 08:54:47+00:00,0,Israel
1462477550870052867,MatCMeier,"In Israel wird im Sommer 2021 geboostert, in der Schweiz werden derweil die Impfinfrastrukturen abgebaut. Die fehlen jetzt für das zügige Boostern. Man müsste dieses Szenario für nen schlechten Dystopiefilm erfinden, wäre es nicht bittere Realität.",2021-11-21 17:46:34+00:00,0,Israel
1461201602962935811,MSchmutzkind,"Weltärztebund rüffelt deutsche Stiko: Vorsitzender Montgomery warf der Impfkommission vor, Entscheidungen nicht schnell genug zu treffen. Dadurch sei Deutschland gegenüber Ländern wie Israel, den USA oder Großbritannien ständig im Hintertreffen.",2021-11-18 05:16:24+00:00,0,Israel
1460328685840572419,ChrisAtlm,Israel impft U12. Eindeutige Vorteile gegenüber Infektion. Bei uns schützt man Kinder nicht einmal bis zur Impfung und verweist auf leichte Verläufe. Dann nimmt man ihnen noch die Maske. Übrigens. Wir leben in Deutschland .,2021-11-15 19:27:44+00:00,0,Israel
1460123507875106816,Alfredo51748676,Corona: Da unsere Regierung auf Israel schaut: Israel lässt Biontech-Impfstoff für Kinder ab 5 Jahren zu. Nicht mehr lange und auch in Österreich können dann endlich unsere Kinder und Enkerl wirksam geschützt werden.,2021-11-15 05:52:26+00:00,0,Israel
1459791688562614272,HansJanus1,"Das dämlichste Phänomen dieser Pandemie - und der westlichen Erinnerungskultur - ist, dass querdenkende Israel-Boomer als Antisemiten gebrandmarkt werden, weil sie sich Judensterne anstecken. Das Narrativ und jeder, der dran teilnimmt, hat momentan doch Schnappatmung.",2021-11-14 07:53:54+00:00,0,Israel
1459434519782735872,CorneliaKunde,"Kernproblem: Der Schutz gegen Übertragung lässt nach. Nach der zweiten Impfung ist der Schutzfaktor 10 (90%), nach und 5 Monaten nur noch Faktor 2 bis 3 (50-70%), laut Studie in Israel. \nAlso: auch geimpfte tragen nun leider also immer mehr zur Übertragung bei.",2021-11-13 08:14:39+00:00,0,Israel
1458708032381149186,Weltspiegel_ARD,#BreakingNews\n#Israel lässt Covid-Impfungen von Kindern zwischen 5 und 11 Jahren zu.,2021-11-11 08:07:51+00:00,0,Israel
1458689873305653249,tobiasg82,"Wenn die CH Impfkommission EKIF den Booster für das Gesundheitspersonal nicht empfiehlt und damit den Empfehlungen internationaler Impfkommissionen (u.a. USA, EU, UK, Israel) und der eindeutigen Datenlage widerspricht, kommen Fragen nach der Professionalität der EKIF auf. (1/3)",2021-11-11 06:55:41+00:00,0,Israel
1456707549584056324,mikeemike85,"Gibt es einen Beleg dafür, dass Israel die letzte Corona-Welle dank der Booster-Impfungen gebrochen hat? Ich würde mich über Artikel, Hinweise und Informationen freuen.",2021-11-05 19:38:38+00:00,0,Israel
1456696266029731851,Philosophie74,"Eine möglichst flächendeckende 2G Regel, bundesweit und mit sehr strenger Kontrolle, wäre jetzt richtig. Die Boosterimpfung ist leider zu langsam, um wie in Israel die Welle zu brechen. Ohne Vollimpfung, Booster und Lockdown ist 2G jetzt einzige Möglichkeit.",2021-11-05 18:53:48+00:00,0,Israel
1456245945839071239,wenig_worte,"In #Israel, gilt man nach 6 Monaten nicht mehr als vollständig geimpft, wenn man keine dritte #Impfung hat.\n\nDen als Zugangsvoraussetzung für vieles benötigte Grünen Pass gibt es sonst nicht.\n\nDafür!",2021-11-04 13:04:23+00:00,0,Israel
1454632771905724417,phil_de_bot,"„Einsiedler und wandernde Denker in China, Asketen in Indien, Philosophen in Griechenland, Propheten in Israel gehören zusammen, ...“",2021-10-31 02:14:13+00:00,0,Israel
1452218156529946625,ThomeCampo,"""Verschwörungstheoretiker"" wurden in den sozialen Medien verboten, weil sie behaupteten, die Regierungen würden sich darauf vorbereiten, die Menschen zu mikrochippen.\n\nIsrael hat angekündigt, dass es seine Bürger mit Mikrochips ausstatten will, angefangen bei Kindern.",2021-10-24 10:19:24+00:00,0,Israel
1451112261775466496,LebenWunder,"Nur für den Fall, dass euch das entgangen sein sollte. Israel erlebte grad die größte Welle seit Beginn d. Pandemie mit bis zu 22.000 Neuinfektionen/Tag, trotz Boostern, BT usw. Hat man uns tunlichst vorenthalten. \nIn Spanien gibt es nur rund 600 Fälle pro Tag, Italien ca. 1200.",2021-10-21 09:04:58+00:00,0,Israel
1448539340804665346,RATZFATZ15,"Quasi als Abschiedsgeschenk ihrer unterirdischen Kanzlerschaft sieht sie vollkommen desinteressiert zu, wie in Deutschland die Sprit-u. Energiepreise explodieren und was macht die Irre aus der Uckermark?\nTingelt auf Abschiedstournee zum Papst und nach Israel.\nIch könnte kotzen!",2021-10-14 06:41:06+00:00,0,Israel
1447124721598963713,Dokter_MacKoi,"Okay, die merkel gab nun kein schlechtes Bild in #Israel ab bisher, die Worte waren schon sehr, sehr gut gewählt, allerdings, wenn ich mir vorstelle was die hier seit 2015 an Krachern importiert hat, wird mir wieder ganz, ganz anders!\n\nGleich PK via #phoenix.",2021-10-10 08:59:54+00:00,0,Israel
1446132575613845505,elliscity,"El-Hassan engagiert sich auch gegen Rechtsextremismus, und gegen Israel.",2021-10-07 15:17:28+00:00,0,Israel
1442486804515627010,BrautschekM,"Wenn Israel das Testlabor war, wo wir jetzt nicht mehr von berichten, dann ist Australien wohl das Testgelände, von wo wir gar nicht erst anfangen zu berichten!",2021-09-27 13:50:28+00:00,0,Israel
1439615291844173826,gedankenkritzel,"So, mehrfach angesprochen, auch von mir, von anderen auch mal gewünscht: die #RAF und der #Antisemitismus. Man könnte das auch weiter fassen: die RAF und Israel. Es ist kompliziert und ich versuche jetzt mal, das in einen sehr langen Thread zu bringen, was ich jetzt weiß. (1/x)",2021-09-19 15:40:06+00:00,0,Israel
1436543369728172034,Alfred89083239,"was wurde eigentlich aus\n- ketchup effekt\n- impstoffproduktion in Ö\n- zusammenarbeit Dänemark, Ö und Israel \n- Generalstaatsanwalt\n- Sputnik V\n- die Pandemie ist überstanden \n.....",2021-09-11 04:13:23+00:00,0,Israel
1435256958521577483,KvPloen,"Wenn ein gesundes (!) körpereigenes Immunsystem uns besser vor #COVID19 schützen kann als jede #Impfung, warum lassen wir es dann nicht einfach seine Arbeit tun? #Israel",2021-09-07 15:01:39+00:00,0,Israel
1434617979388547078,Rosine12717337,"In Israel wird mittlerweile über die diskutiert. \nWeil erst und dann nichts brachten, werden es definitiv sein, die nun endgültig helfen!\nNein, es sind keine Menschenversuche!",2021-09-05 20:42:34+00:00,0,Israel
1434585924504014851,peter_martini10,"erkannt wurde.Erst 1946 konnte Israel sich neu gründen,aber ist auch heute von Feinden umgeben.\nIch selber habe Banditen vertraut,in meine Wohnung gelassen und musste für meine Nächstenliebe bittere Erfahrungen machen.",2021-09-05 18:35:12+00:00,0,Israel
1434254934938161154,DavidNaujeck,"Israel will gar nicht mehr, nur noch Zeit von der Uhr nehmen. Und Österreich so: Ach komm, einer geht noch. #israut",2021-09-04 20:39:58+00:00,0,Israel
1210021042120544256,loquens35,"Für Juden mag der Messias als Mensch Jude sein, obwohl sein eigenes Volk ihn abgelehnt hat. Für Christen ist der Messias nicht nur Mensch, sondern auch Gott und damit kein Jude. Christus gehört allen Völker und Nationen und herrscht über sie alle.",2019-12-26 02:14:32+00:00,0,Juden
1207024238764462082,HartmannLiane,"/2\nDie Aussage, ""Jude sei keine Beleidigung"", schlägt d Fass d Boden aus.\nJuden werden dazu aufgerufen, MAL WIEDER d Kopf einzuziehen u die Kübel über sich gießen zu lassen.\nTÄTERANSPRACHE wäre d richtige Form, gg #Antisemitismus vorzugehen. Nicht Verhaltensempfehlungen an OPFER",2019-12-17 19:46:18+00:00,0,Juden
1202891221942882304,RigsbySiv,"Ich habe für Juden gearbeitet, für Moslems, für Christen. Und wir haben immer die Feierlichkeiten der anderen mitgefeiert, und die dazu gehörenden Wünsche gewünscht, und keinem ist je was dabei abgebrochen.",2019-12-06 10:03:10+00:00,0,Juden
1202884728564662274,kulturbolschewi,"Ich habe für Juden gearbeitet, für Moslems, für Christen. Und wir haben immer die Feierlichkeiten der anderen mitgefeiert, und die dazu gehörenden Wünsche gewünscht, und keinem ist je was dabei abgebrochen.",2019-12-06 09:37:22+00:00,0,Juden
1201765717768593408,nie_und_nimmer,"Juden wollen niemanden zu ihrem Glauben bekehren.\n\nJuden haben keine Hassprediger in ihren Synagogen.\n\nSie sind einfach normale Bürger, die ein Recht auf ein friedliches Leben haben.\n\nUnd trotzdem steigt der Hass gegen sie. Warum?",2019-12-03 07:30:49+00:00,0,Juden
1194642054816714752,Janet03382290,"Wenn Araber und Muslime überall in jedem Land der Welt siedeln, sagen sie: ""Kein Mensch ist illegal!""\n\nWenn Juden in der Jahrtausende alten Heimat Judäa Samaria, Jerusalem, #Israel leben, sagen sie: ""Illegale jüdische Siedlungen!""\n\nUnfassbarer #Antisemitismus.\n\n#EU #EuGH #Grüne",2019-11-13 15:43:55+00:00,0,Juden
1193149239817375750,Balelt41,#ard: Antisemitismus: Brandgefährliche Verschwörungslegenden.\n#ard: Zentralrat der Juden warnt vor Verschwörungslegenden.,2019-11-09 12:52:01+00:00,0,Juden
1192404174090178560,Aras_Nathan,"„Wenn Juden in Deutschland darüber nachdenken, auszuwandern, ist das für unser Land die größte Schande.“ - MD",2019-11-07 11:31:23+00:00,0,Juden
1188769014643855361,AlinamervMerv,Nach Thüringen-Wahl: Zentralrat der Juden appelliert an AfD-Wähler,2019-10-28 10:46:34+00:00,0,Juden
1186624509350162432,Fabi9911,"""Er hat nichts gegen Juden in dem Sinne. Er hat was gegen die Leute, die hinter der finanziellen Macht stehen – wer hat das nicht?"". Wer hat das nicht? Juden als globale #Finanzelite, die mit schiefen Nasen, großen Augen langen spitzen Fingern Geldsäcke Huckepack tragen.\n\n6/26",2019-10-22 12:45:04+00:00,0,Juden
1185254654717898753,mdenhoet,"Angriffe gegen Juden sind in erster Linie Angriffe gegen Juden, nicht gegen „die Gesellschaft“.",2019-10-18 18:01:45+00:00,0,Juden
1184496991453302795,Thomas8998,"Muslime gehören zu Deutschlandland.\nJuden gehören zu Deutschland.\nChristen, Atheisten, Evangelisten gehören zu Deutschland.\n\nRechtsextremisten gehören NICHT zu Deutschland.",2019-10-16 15:51:04+00:00,0,Juden
1182992772258848768,TheOnlyJulicorn,"Ich bin ein Jude. Und mich ekelt es an, als Juden und als Bürger, wie Teile der Springer Welt subtil und weniger subtil versuchen, ihren „Kampf gg. den Antisemitismus“ zu verbinden mit ihrer eigenen Islamophobie. Nee Leute, ich spiele nicht in Eurem Team. Ihr sprecht nicht in",2019-10-12 12:13:50+00:00,0,Juden
1182890835152687106,Damorelia,"Ich bin ein Jude. Und mich ekelt es an, als Juden und als Bürger, wie Teile der Springer Welt subtil und weniger subtil versuchen, ihren „Kampf gg. den Antisemitismus“ zu verbinden mit ihrer eigenen Islamophobie. Nee Leute, ich spiele nicht in Eurem Team. Ihr sprecht nicht in",2019-10-12 05:28:46+00:00,0,Juden
1182711165404745728,NekoMcEvil,"Lasst dieses eklige ""wir sind heute alle Juden"" sein. Das ist keine Solidarität. Das ist bullshit! Ihr seid es nicht, die ihren Glauben nicht ausüben können. Ihr seid es nicht, die tagtäglich mit den Konsequenzen von antisemitismus leben müssen, also maßt es euch nicht an!",2019-10-11 17:34:50+00:00,0,Juden
1182644089709314048,Q_A_14,"Ich bin ein Jude. Und mich ekelt es an, als Juden und als Bürger, wie Teile der Springer Welt subtil und weniger subtil versuchen, ihren „Kampf gg. den Antisemitismus“ zu verbinden mit ihrer eigenen Islamophobie. Nee Leute, ich spiele nicht in Eurem Team. Ihr sprecht nicht in",2019-10-11 13:08:18+00:00,0,Juden
1182516086492807168,Nicoles44180590,"Wenn ich heute noch einmal den Satz höre:\nWir haben die Gefahr unterschätzt, dann schreie ich. \n\nJetzt sollen Juden besser geschützt werden. \nWie wäre es wenn man die Ursachen bekämpft, nur so ne Idee!",2019-10-11 04:39:39+00:00,0,Juden
1182407077945380883,AaseeOwl,"Ein Mann zieht los, um aus Judenhass Juden zu töten und erschießt eine (mutmaßlich deutsche und nicht-jüdische) Passantin und einen Mann, nur weil der in einem Dönerladen war. \n\n-- Rechtsextremismus ist für jeden gefährlich, der nicht selbst ein Rechtsextremist ist. \n\n#Halle",2019-10-10 21:26:30+00:00,0,Juden
1182406026013937665,kruger_elke,"Ein Mann zieht los, um aus Judenhass Juden zu töten und erschießt eine (mutmaßlich deutsche und nicht-jüdische) Passantin und einen Mann, nur weil der in einem Dönerladen war. \n\n-- Rechtsextremismus ist für jeden gefährlich, der nicht selbst ein Rechtsextremist ist. \n\n#Halle",2019-10-10 21:22:19+00:00,0,Juden
1182363645113753605,RonnLeash,"Nein, Frau Kramp-Karrenbauer, wenn jemand loszieht, um Juden zu töten, ist das kein ""Alarmsignal"" mehr.\n\nDas waren Alarmsignale:\n-Hate Speech, Morddrohungen, Todeslisten\n-rechte Straftäter sind immer häufiger bewaffnet\n-Revolution Chemnitz, Nordkreuz, NSU 2.0 bereiteten Tag X vor",2019-10-10 18:33:54+00:00,0,Juden
1182248272808878080,exitStoneBridge,"Terrorist in #Halle redete über Juden UND ""Kanaken"", griff Synagoge UND türk. Imbiss an, tötete *gezielt* Imbissgast, ist zweifellos Rassist. Alle reden ZURECHT über Antisemitismus. Gleichzeitig wird (sein) antimuslischer Rassismus ignoriert.\nEs tut weh,wie egal unsere Leben sind",2019-10-10 10:55:28+00:00,0,Juden
1182172576115761152,LeopoldoMones,"Wenn die Vernichtung von Juden und vielen weiteren Menschengruppen ein Vogelschiss der deutschen Geschichte sein soll, sprich etwas das man in der Regel einfach wegwischt, dann wird Antisemitismus zur wegzuwischenden Normalität. Gauland ist geistiger Brandstifter. #hal0910 #Halle",2019-10-10 05:54:40+00:00,0,Juden
1182043106344099840,mrlnxf,"Das Video der Helmkamera des deutschen Attentäters von #Halle zeigt, wie der Mann mehrfach über ""Juden"" und ""Kanaken"" schimpft und zwei Leute erschießt. Lets not be fooled. Die neualten Rassisten meinen auch Juden. Wer 1 Deutschland ohne Kanaken will, will auch eins ohne Juden.",2019-10-09 21:20:12+00:00,0,Juden
1182038360476528651,tramalis,"Ein Rechter versucht viele Juden zu töten, schafft es nicht und tötet dann wahllos... Genau so ist es, war es und wird es auch sein. Das tun Rechte halt. In Gedanken und in echt. Überlegt, wen ihr wählt. #Halle #afdwirkt #hal0910 #noafd",2019-10-09 21:01:21+00:00,0,Juden
1181983955723198464,Resistance2019,Die Jüdinnen und Juden in der Synagoge in #Halle konnten diese nun verlassen und werden ärztlich betreut. #hal0910 #Antisemitismus,2019-10-09 17:25:09+00:00,0,Juden
1178711319291351042,issr5_issa,"Wenn jmd. sagte: „Wenn Hitler noch lebte, würden die Juden nicht wie Rockstars herumlaufen.“\nWelche Gesinnung würde man von diesem Menschen erwarten?\nUnd wenn es ein Politiker sagte? \nUnd wenn es der span. Außenminister sagt u damit Franco und die Katalanen meint? #StopBorrell",2019-09-30 16:40:52+00:00,0,Juden
1178300416053956608,padrealex,"Heute ist ein Tag des Neuanfangs. Ich wünsche allen Jüdinnen und Juden Shana Tova, ein süsses Neues Jahr! \n(prw)",2019-09-29 13:28:05+00:00,0,Juden
1175444663366508545,DrPhiloponus,"""Die Juden haben Angst in Wien\ndie haben sie immer gehabt\nund die werden sie immer haben"".\n- Thomas Bernhard",2019-09-21 16:20:21+00:00,0,Juden
1172010990080319488,Germanbsfan,"Merkel: ""Was wir täglich erleben: Angriffe auf Juden, auf Ausländer, verhasste Sprache - das müssen wir bekämpfen.""\n\nFraktion, die nicht klatscht: AfD.\n\nEkelhaft.",2019-09-12 04:56:09+00:00,0,Juden
1168801368561377280,chrissbaumann,"„Eine Partei, deren Vorsitzender (...) die Ermordung von 6 Mio. Juden durch die Nazis als Vogelschiss bezeichnet, ist definitiv nicht bürgerlich.“ \n\nBernhard Lorenz",2019-09-03 08:22:16+00:00,0,Juden
1168440343446130688,khStannies,"Immer dieses Gerede von den Protestwählern. 55 % der AfD-Wähler stimmen laut FAZ/Allensbach der Aussage zu, dass Juden zu viel Einfluss in der Politik haben. (Das ist das was-nicht gesag- werden- darf-Gemurmel)",2019-09-02 08:27:41+00:00,0,Juden
1165904189584826368,HellboyLeandro,"Die befreiende Wahrheit\n31 Da sprach nun Jesus zu den Juden, die an ihn glaubten: Wenn ihr bleiben werdet an meinem Wort, so seid ihr wahrhaftig meine Jünger\n32 und werdet die Wahrheit erkennen, und die Wahrheit wird euch frei machen.",2019-08-26 08:29:54+00:00,0,Juden
1165017664546332672,mschwarz87,"Die AfD vergleicht sich gern mal mit Jüdinnen und Juden, die im NS-Regiem verfolgt wurden und letztlich Opfer des Holocaust wurden, weil sie sich benachteiligt fühlt.\n\nNun wurde ein AfD-Politiker für einen entsprechenden Vergleich wegen Relativierung der Verbrechen durch die",2019-08-23 21:47:10+00:00,0,Juden
1163942959886295046,UecyuezBesyuez,Deutscher :*Kritisiert Türken mit belegbaren Fakten*\nTürke : Nazi!!!\n\nAuch Türken : *Hassen Juden genau wie Nazis*\n*Denken ihre Nation ist die Beste genau wie Nazis*\n*Loben Osmanisches Reich welches im 1. WK mit Deutschland verbündet war*,2019-08-20 22:36:41+00:00,0,Juden
1157388805365817346,QueenMandjago,"Heute vor 75 Jahren vergasten die Nazis in Auschwitz 4000 Sinti, Roma und Juden\n\nDenkt mal darüber nach ihr AfD-Spackos \n\nMassenmorde an einem Tag \nUnd das findet ihr toll???\n\n#noafd",2019-08-02 20:32:49+00:00,0,Juden
1152320457066070016,Raptor667,"0,1 Prozent der Deutschen leisteten in der #Nazi-Zeit Widerstand.\n\n99,9 Prozent schauten zu, wie Juden, Roma u. Sinti, Homosexuelle, Kranke, Behinderte, Aus-der-Reihe-Treter ermordet wurden.\n\nFolge deinem Gewissen und nicht dem der Mehrheit -\nMehrheit kann irren!\n\n#NieWieder",2019-07-19 20:53:00+00:00,0,Juden
1145616177542180865,HebreWriting,"oder die vielen israelischen Juden, wie mich, hierzulande.",2019-07-01 08:52:35+00:00,0,Juden
1135300174174150656,Gkhan43181188,"""2000 Jahre lang war man im 'Abendland' damit beschäftigt, möglichst viele Juden totzuschlagen, sie auszurauben, und zu verjagen. Und seit 10, 15 Jahren spricht man nun scheinhelig vom christlich- jüdischen Abendland, weil es nun gegen Muslime geht""\nBenz\n\n#NichtOhneMeinKopftuch",2019-06-02 21:40:29+00:00,0,Juden
1135296390790356992,Quais15,"„In Deutschland darf man nicht ungestraft gegen Juden hetzen. Man darf aber ungestraft gegen Muslime hetzen.“\n\n(Wolfgang Benz, Deutscher Historiker)\n\n#NichtOhneMeinKopftuch",2019-06-02 21:25:27+00:00,0,Juden
1135248994710503424,CeliniPrincipe1,Bei den\n\nHindus nennen sie es: Tradition \n\nBei den\n\nJuden nennen sie es: Tradition \n\nBei den\n\nChristen nennen sie es: Tradition \n\nBei den\n\nMuslimen nennen sie es: \n\nUnterdrückung \n\nWenn wollt ihr für Dumm verkaufen?\n\n#NichtOhneMeinKopftuch,2019-06-02 18:17:06+00:00,0,Juden
1135237849211637762,SezerTwwi,Gegen ein Kopftuchverbot in DE! Die Zeit der Spaltung ist vorbei! Zuerst waren es die Juden! Sollen es nun die Muslime sein??!!!\n#NichtOhneMeinKopftuch,2019-06-02 17:32:49+00:00,0,Juden
1135232105800224768,KhaledH97307021,"""2000Jahre lang war man im 'Abendland'damit beschäftigt, möglichst viele Juden totzuschlagen, sie auszurauben, und zu verjagen.Und seit10,15 Jahren spricht man nun scheinhelig vom christlich-jüdischen Abendland, weil es nun gegen Muslime geht"" Wolfgang Benz\n#NichtOhneMeinKopftuch",2019-06-02 17:10:00+00:00,0,Juden
1135231914506412032,atdhe80480704,"Auch juden wurden anfangs gezwungen sich Anzupassen zu Demütigung wurden ihnen öffentlichen Bart und Locken angeschnitten , Lasst euch nicht unterdrücken Muslimfeindlichkeit ist keine Meinung , sondern ein VERBRECHEN #NichtOhneMeinKopftuch",2019-06-02 17:09:14+00:00,0,Juden
1135229833032736768,HF12110789,"„In Deutschland darf man nicht ungestraft gegen Juden hetzen. Man darf aber ungestraft gegen Muslime hetzen.“\n\n(Wolfgang Benz, Deutscher Historiker)\n\n#NichtOhneMeinKopftuch",2019-06-02 17:00:58+00:00,0,Juden
1135223992695042048,FurqanMuhammed,"Es ist an Heuchelei nicht zu überbieten, dass man Tag und Nacht an die NS-Gräueltaten gegen Juden anspricht und ""Nie wieder"", sagt, aber gleichzeitig eine andere, viel größere religionsgemeinschaft wie damals die Juden, immer mehr ausgrenzt diskriminiert #NichtOhneMeinKopftuch",2019-06-02 16:37:45+00:00,0,Juden
1135215631962427397,EsmaaZaher,Bei den\n\nHindus nennen sie es: Tradition \n\nBei den\n\nJuden nennen sie es: Tradition \n\nBei den\n\nChristen nennen sie es: Tradition \n\nBei den\n\nMuslimen nennen sie es: \n\nUnterdrückung \n\nWenn wollt ihr für Dumm verkaufen?\n\n#NichtOhneMeinKoptuch,2019-06-02 16:04:32+00:00,0,Juden
1134995661693378560,Topfavorit,"Tausende demonstrieren für die Vertreibung der Juden aus Jerusalem und Vernichtung Israels. Hisbollah u Nasrallah werden gefeiert. Weil Dtl. die Hisbollah nicht als Terrororganisation einstuft, darf sie weiter Spenden sammeln und Propaganda betreiben. Das muss ein Ende haben.",2019-06-02 01:30:27+00:00,0,Juden
1132584443129016327,Aces_NRW,"3) Und womöglich sollte er nicht hilflos Juden dazu auffordern, sich unsichtbar zu machen, sondern Politik, Justiz und Zivilgesellschaft dazu auffordern dafür Sorge zu tragen,dass andere und auch ich nicht nervös werden müssen, wenn wir im falschen Viertel unterwegs sind.",2019-05-26 09:49:08+00:00,0,Juden
1132573992622149632,Argorak,"3) Und womöglich sollte er nicht hilflos Juden dazu auffordern, sich unsichtbar zu machen, sondern Politik, Justiz und Zivilgesellschaft dazu auffordern dafür Sorge zu tragen,dass andere und auch ich nicht nervös werden müssen, wenn wir im falschen Viertel unterwegs sind.",2019-05-26 09:07:36+00:00,0,Juden
1132255538002169858,Adele66661,"Wenn unsere Bundesregierung nichts dagegen unternimmt, dass Juden in Deutschland gewisse Flugzeuge nicht betreten dürfen, weil das der Airline „nicht zumutbar“ ist, wenn der Presserat klar antisemitische Karikaturen als Ausdruck von „Meinungsfreiheit“ wertet, wenn unsere...",2019-05-25 12:02:11+00:00,0,Juden
1130083089416429568,MichaelMazohl,"Wer laut FPÖ schuld am Ende der Regierung ist: Attraktive Frauen, Lügenpresse, die Juden.\n\nWer nicht schuld ist: Grenzkorrupte FPÖ-Politiker",2019-05-19 12:09:39+00:00,0,Juden
1129313950133309440,bipollol,"Die einzigen Nazis - also Menschen, die Hitler verehren, Juden und Schwule pauschal verachten, Frauen abwerten, Allmachtsfantasien frönen und sich über Andersdenkende bzw. -geborene erheben - die mir in meinem Leben in (West-)Deutschland persönlich begegnet sind, waren Muslime.",2019-05-17 09:13:22+00:00,0,Juden
1128941777354940416,LuetzowQ,"Es gibt über 20 arabische, über 50 islamische Staaten.\n\nIn fast keinem leben noch Juden und Christen, obwohl sie dort lange vor dem Islam lebten.\n\nIn keinem gibt es Menschenrechte, Demokratie, Freiheit.\n\nNur in #Israel.\n\nUnd Israel wird als ""rassistisch"" diffamiert. So unfassbar.",2019-05-16 08:34:29+00:00,0,Juden
1126153533689147392,Joffi_auf_,"Politik und Haltung von CDU, SPD Grünen führten zu rapide wachsendem Antisemitismus in Deutschland. Juden wandern wieder aus. Bei der UN stimmt DE gegen Israel und SPD-nahe Stiftung hofiert Holocaustleugner. Diese Figuren sollten zum #TagderBefreiung peinlich berührt schweigen.",2019-05-08 15:55:00+00:00,0,Juden
1126132741651738630,DeepRaspail,"Politik und Haltung von CDU, SPD Grünen führten zu rapide wachsendem Antisemitismus in Deutschland. Juden wandern wieder aus. Bei der UN stimmt DE gegen Israel und SPD-nahe Stiftung hofiert Holocaustleugner. Diese Figuren sollten zum #TagderBefreiung peinlich berührt schweigen.",2019-05-08 14:32:22+00:00,0,Juden
1122872167333617664,roman51110,"Weshalb sind #Linke oft so sehr vom #Judenhass zerfressen? Das hat mehrere Gründe: 1. Zum einen war der Gott der Juden, der Gott Abrahams und Moses dem Kaptialismus sehr zugetan, s. 9. und 10. Gebot: """"Du sollst nicht nach dem Haus deines Nächsten verlangen. Du sollst nicht nach",2019-04-29 14:36:01+00:00,1,Juden
1119676243983720449,Nightmare_Keks,"1945 haben die #Alliierten die #Nazis besiegt. Auf deren Konto gehen Millionen von Morden an Juden, Behinderten, Frauen, Männer, Kinder, Politiker, Sinti und Romas. Und 74 Jahre später feiern immer noch welche #HitlersBirthday... Einfach unfassbar. #NazisRaus #FCKAFD #FCKNZS",2019-04-20 18:56:33+00:00,0,Juden
1119266532830453761,SP_Wien,Im Namen unseres Parteivorsitzenden Bürgermeister Michael Ludwig wünschen wir allen Jüdinnen und Juden die in Wien leben ein frohes Pessach Fest,2019-04-19 15:48:31+00:00,0,Juden
1116301755724324864,simer122,"Wow. Wo soll ich anfangen? Z.B. dass Juden nicht Deutsche Wohnen besitzen? Oder, dass Juden keine besondere Rolle bei der Ausbeutung von Mieter*innen spielen? Oder dass die SPD nicht die Shoah als Vorwand nutzen soll für ihre verfehlte Wohnpolitik in Berlin? \n\n2/2",2019-04-11 11:27:33+00:00,0,Juden
1103853660814147584,dinka_rubeca,"Das Bild der Juden in der Karikatur auf dem Karneval bei #Brüssel ist antisemitisch. Wir sehen dies in der EU und der ganzen Welt. Aber die Empörung der Juden ist rätselhaft: Ist es nicht an der Zeit, die Ursache des ewigen Antisemitismus zu verstehen?#Antisemitismus #Rassismus",2019-03-08 03:03:16+00:00,0,Juden
1100585510714699777,gerhardschwar11,"Genügt eine Beschneidung, um bei\nden ""Juden in der AfD"" mitmachen\nzu dürfen?",2019-02-27 02:36:48+00:00,0,Juden
1100075524783857664,MoritzMichelson,"Jüdinnen und Juden verlassen Europa. In Berlin verbrennen Islamisten den Davidstern, rufen ""Juden ins Gas"".\n\nDoch ob jüdische Deutsche hier in ihrer #Heimat sicher sind—interessiert nicht.\n\nStattdessen dominieren islamische Organisationen den Diskurs über #vonhier.\n\n#hartaberfair",2019-02-25 16:50:18+00:00,0,Juden
1098184720486199296,m_blocksberg,"Hier noch paar Lagerfeld Zitate für eurer Insta\n\n„Runde Frauen will niemand sehen“ \n\n""Man kann nicht Millionen Juden töten und später dann Millionen ihrer schlimmsten Feinde holen""\n\n""Wenn das weitergeht, gebe ich die deutsche Staatsangehörigkeit auf""",2019-02-20 11:36:55+00:00,0,Juden
1095807063056400384,Eisvogel1715,"Es ist makaber, wie hier die erfolgreiche Flucht von wenigen Juden vor der Deportation zum Feiern der Bombenangriffe genutzt wird. Wieviele Juden sind denn wirklich entkommen? Die Deportationen wurden wohl deshalb beendet, weil die meisten Juden dann tot waren.\n#dd1302",2019-02-13 22:08:57+00:00,0,Juden
1093182886101114880,BruderConradLKH,Glaube btw Juden sind erfindung der cia oder habt ihr schonmal einen gesehen,2019-02-06 16:21:25+00:00,0,Juden
1091922950931079169,BoekeGrzimek,.... \nweil er darüber wohnte\nrankestr.1a leon schauder \n............ plus kudamm juden \n= etliche bestechliche richter \nauf der gehaltslist \nbis die amts aufsicht \nsie ihn nahm \n........... weil sie teil der aufsicht \ndie nazijäger von berlin,2019-02-03 04:54:53+00:00,1,Juden
1089507915462070272,VanGestern,"Der Holocaust Gedenktag zeigt auf, wozu „Menschen“ fähig sind. \n\nEs waren ja nicht nur die Juden, Roma oder Sinti, auch Andersdenkende wie Kommunisten oder „Unwertes Leben“, Behinderte und Schwule die massenhaft umgebracht wurden. \n\nUnd der Wind weht wieder gewaltig von Rechts...",2019-01-27 12:58:23+00:00,0,Juden
1089494235013890048,1Summertime2,"""Wenn sie jetzt ganz unverhohlen wieder Nazi-Lieder johlen,\nüber Juden Witze machen, über Menschenrechte lachen,\nDenn am Deutschen hinterm Tresen muss nun mal die Welt genesen,\ndann steh auf umd misch Dich ein:\n\nSAGE NEIN!""\n\nKonstantin Wecker\n\n#WeRemember",2019-01-27 12:04:02+00:00,0,Juden
1088819325266522117,ItsPyr13l,-Als AfD-Anhänger kostenlos den Fillm #SchindlersListe im Kino schauen dürfen - Mimimimi wir sind die neuen Juden\n-AfD wird von der Gerdenkstätte #buchenwald ausgeladen - Mimimimi wir sind die neuen Juden,2019-01-25 15:22:11+00:00,0,Juden
1087082956060016640,DieterSteffmann,"Vor 77 Jahren treffen sich Nazis, um zu besprechen, wie man noch effizienter Juden töten kann. Erschreckend, dass heute eine Partei im Bundestag sitzt, die offen gegen Juden, Muslime und andere Minderheiten hetzt und Nazis in ihren Reihen duldet. #Wannsee",2019-01-20 20:22:28+00:00,0,Juden
1086974529090535424,IjonTichy9,"Vor 77 Jahren treffen sich Nazis, um zu besprechen, wie man noch effizienter Juden töten kann. Erschreckend, dass heute eine Partei im Bundestag sitzt, die offen gegen Juden, Muslime und andere Minderheiten hetzt und Nazis in ihren Reihen duldet. #Wannsee",2019-01-20 13:11:37+00:00,0,Juden
1085879312853676032,RegenSally,"Die Menschheit hat immer schon alles getötet, was Ihnen nicht passte! Indianer, Schwarze, Eingeborene! Später Juden, Romas, Behinderte,jetzt Kurden! Aber Gottes Strafe wird der Zorn sein, den Ihr spürt, wenn Ihr Tod seid!",2019-01-17 12:39:37+00:00,0,Juden
1084521368367054848,SawsanChebli,"Wir werden uns nicht damit abfinden, dass Jüdinnen und Juden in #Berlin antisemitisch beleidigt oder angegriffen werden. Wir sind mehr, und wir werden solche Kräfte in ihre Schranken weisen. Jeder antisemitische Vorfall trifft uns alle. #Antisemitismus",2019-01-13 18:43:38+00:00,0,Juden
