ID,Username,CreateDate,Biased,Keyword,Text
1242382710561107969,SevenShepherd,2020-03-24 09:28:15+00:00,0,Israel,"""[Even] an heritage unto Israel his servant: for his mercy [endureth] for ever."" ~Psalms 136:22 #Bible #Poetry #God"
1221102213797498882,BPost222,2020-01-25 16:07:09+00:00,0,Israel,"Israel Gym \n\n Latias \n\nGym : Don Quixote \nCity : Ramat Gan \nTeam : \nTime : xx:31\n\n32.050971,34.776826\n#ExPassGym\n#PokemonGo"
1213188309155008513,LadyLiberty1791,2020-01-03 20:00:07+00:00,0,Israel,Iran lied to America and the west\n\nIran funds terror against America and Israel\n\nWhy did Obama and Biden send them $1 billion in CASH?\n\nDid they get anything in return?\n\nWhy is John Kerry allowed to secretly negotiate in defiance of the Logan Act?\n\nInvestigate these ties to Iran!
1216390039065780225,MikeReeseM,2020-01-12 16:02:39+00:00,0,Israel,From India to Hungary to the US . . . Israel finds comfort with the most repressive and totalitarian regimes in the world. Its what it is.
1233523876606468099,rockapepolitics,2020-02-28 22:46:24+00:00,0,Israel,The boycott movement (#BDS) against Israel is so obviously rooted in antisemitism. \n\nIt is telling that nations such as Germany and Austria - who know exactly what antisemitic boycotts look like - wont tolerate it at all. \n\nThey know what it is and where it leads.
1229064832747483137,TunjiGbadamosi,2020-02-16 15:27:45+00:00,0,Israel,"You don't get to label anyone critical of Israel and the weaponisation of antisemitism as ""a crank"" and label the evidenceless claims of former Guido employees as ""something to be taken seriously"" and then be angry RLB took the only stance that wouldn't lead to mass condemnation"
1240689090007158784,BRICBreaker,2020-03-19 17:18:24+00:00,0,Israel,"From Sheba hospital in Israel, which is handling #coronavirus patients....""national strategy was containment, mitigation, and increasing capacity for coronavirus patients. And develop a strategy to separate corona patients from other patients. Heavily dependent on DIAGNOSTICS."""
1230635175152799744,PINKItsJustMe,2020-02-20 23:27:44+00:00,0,Israel,God told me to eat like Israel
1254001483735019520,elizabeths_sis,2020-04-25 10:57:06+00:00,0,Israel,"41/ It was *after* that WASHINGTON POST report, of course, that we learned from ABC and THE TIMES OF ISRAEL that in fact Trump's team *did* recognize the growing pandemic threat—in November 2019—it's just that it did nothing about it (nor China's pandemic-oriented trade demands)."
1240738405803327489,MitzvahStream,2020-03-19 20:34:22+00:00,0,Israel,"ISRAEL: BREAKING: Netanyahu: People of Israel are ordered to stay at home for 7 days. ""It is now a command."" Police will enforce it."
1213668802334019584,Hy94577003,2020-01-05 03:49:26+00:00,0,Israel,There are more Arabs in Israel…\n…than there are Jews in Europe\n\nThere are more Jews in Borehamwood synagogue…\n…than there are Jews in the Arab world\n\nThink about that.
1230579486921515009,abiodunoluaye,2020-02-20 19:46:27+00:00,0,Israel,"How you know we are messed up in Africa. Egypt have memorials of enslaving the children of Israel, German have loads of 2nd world war memorials, mushroom cloud is a reminder of Hiroshima. Please where is the memorial of what our forefathers did that cannot be forgiven self. What?"
1249872231313952769,delfreydo,2020-04-14 01:28:56+00:00,1,Israel,Israel more like isfake
1221392238984351745,kimirasid,2020-01-26 11:19:36+00:00,0,Israel,BREAKING: Israel will permit its citizens to travel to Saudi Arabia for both religious and business purposes
1225396178767904770,MehdiRizvi123,2020-02-06 12:29:50+00:00,0,Israel,*_What Israel gains:_*\n\n_Settlers will no longer be subject to military management._\n_Settlement limitations will be removed in the future._\n_Israel will control 30% of the West Bank._\n\n*_What the U.S will give Israel:_*\n\n_Consent for Israel’s control over settlements._
1214890194547171328,MohsinTanveer10,2020-01-08 12:42:48+00:00,0,Israel,"Iran, today.\n\n- Fired missiles at US base in Iraq\n\n- Threatened to strike locations in Israel and the UAE\n\n- Qassem Soleimani buried\n\n- Ukrainian Boeing 737 with 180 passengers crashes near Tehran\n\n- 4.9 magnitude earthquake in country's southwestern region"
1246608969692377089,plivecalmest,2020-04-05 01:21:53+00:00,0,Israel,#MAGA The limit of Israel by and large might have been due to a bad A E S T H E T I C rawr xd FAKE ! 
1222265818026795008,TheIsraelink,2020-01-28 21:10:54+00:00,0,Israel,IDF believes a mortar was shot into Israel and landed in an open space a short time ago.
1231141483618668544,HenshawBlaZe,2020-02-22 08:59:37+00:00,0,Israel,Lool the only higher power that has a covenant with Israel is Britain and American. Considering they the God ma of the planet as we have it today. Yeah God got a covenant with Israel
1244075998049521664,Umesh2924,2020-03-29 01:36:46+00:00,0,Israel,"I learn from media that there have been no deaths due to COVID-19 in Israel. If so, some will take it as a Jewish conspiracy?"
1241224091958468608,ZikriaSalar,2020-03-21 04:44:19+00:00,0,Israel,JUST IN: Israel reports first coronavirus death
1238921841411887104,Ev1HasAnOpinion,2020-03-14 20:15:59+00:00,0,Israel,SPOT THE DIFFERENCE:\n\nBenjamin Netanyahu enforces a 14-day quarantine for all new arrivals to Israel; leftists shout “racist”.\n\nJacinda Ardern announces the exact same thing for New Zealand; leftists praise her as a “hero”.\n\nExcuse my confusion.
1251274412722012161,anne_tappe,2020-04-17 22:20:42+00:00,0,Israel,When the U.S. alerted Israel and NATO about the coronavirus IN NOVEMBER -- why did Trump not tell us so we could prepare? Why did he not tell the governors so they could prepare?
1218238236050558976,GhadaChadarevia,2020-01-17 18:26:43+00:00,0,Israel,"Michael Rubin of Labour Friends of Israel:\n\n“The [Israel] Embassy helps us quite a lot. When bad news stories come out about Israel, the embassy sends us information so we can counter it… it’s really helpful. We work very closely together. But a lot of it is behind the scenes.”"
1252615814475247621,MutilatedDreams,2020-04-21 15:10:57+00:00,0,Israel,"In last 7 days (Lockdown-2) India surpassed countries like South Korea, Japan, Israel, Saudi Arabia, Austria, Sweden, Ireland etc in total #Covid19 cases. Many of these countries were worst affected at one point of time.\n\nIn fact, our cases are almost double of South Korea now!"
1214797471060234241,GaelleRTW,2020-01-08 06:34:21+00:00,0,Israel,"Iran, past 24 hours.\n\n- Fired missiles at US base in Iraq\n\n- Threatened to strike UAE and Israel\n\n- Soleimani buried\n\n- 45 killed in stampede\n\n- Ukrainian Boeing 737 with 176 passengers crashes near Tehran, all die\n\n- 4.9 magnitude earthquake in country's southwestern region"
1228606235085287431,grobler_ellen,2020-02-15 09:05:27+00:00,0,Israel,"Next time you hear Erdogan supporting Palestine remember that:\n\n- Israel is one of Turkey’s top trading partners\n\n- Turkey is part of pro-Israel NATO and conducts military training with Israel\n\n- Turkey and Israel are occupying/fighting Syria, the last Arab pro-Palestine cradle"
1253628051042304000,sheabow123,2020-04-24 10:13:13+00:00,0,Israel,"While Israel remains in an unrepentant state God is blessing Jews Gentiles through Christ, Abrahams Seed, in spite of the failure of Abrahams multiple Seed/For the time being/after grace dispensation is done believing Israel will not fail/Study/Rightly Divide u will see this"
1213138726181715968,ARMYMOM062013,2020-01-03 16:43:06+00:00,0,Israel,Iran lied to America and the west\n\nIran funds terror against America and Israel\n\nWhy did Obama and Biden send them $1 billion in CASH?\n\nDid they get anything in return?\n\nWhy is John Kerry allowed to secretly negotiate in defiance of the Logan Act?\n\nInvestigate these ties to Iran!
1213443589436583936,ImtiazMadmood,2020-01-04 12:54:31+00:00,0,Israel,"Egypt, Jordan, Syria and Palestinians together attacked a very small democratic country Israel which excels in science.\n\nWe all know the result.\n\nNow a single country which is mullah captured and led threaten Israel.\n\nWe already know the result if mullahs try anything."
1213302108142878720,loves2giggle2,2020-01-04 03:32:19+00:00,0,Israel,Why was an IRANIAN General who epitomized Iran's call for “death to America” and “death to Israel” landing in Baghdad hours after an Iranian attack on the US Embassy? Taking out the terrorist Soleimani was an act of self-defense and stopped him from leading a second attack.
1236529341607092225,themarccolon,2020-03-08 05:49:03+00:00,0,Israel,ITS TIME FOR THE MAIN EVENTTTTTTTT ISRAEL VS ROMERO #UFC248
1257663476467732482,jcpueblita,2020-05-05 13:28:33+00:00,0,Israel,#BREAKING: Joint statement by the Israeli Ministery of Defense and the Israel Institute for Biological Research: A significant breakthrough has been achieved in finding an antidote to the Corona virus that attacks the virus and can neutralize it in the sick body
1258028906797568003,IsraelinGreece,2020-05-06 13:40:39+00:00,0,Israel,1) The Embassy of Israel welcomes the signing of an agreement between the Israeli MOD and the Hellenic Ministry of National Defense regarding the leasing of Heron UAVs.
1296868968901173248,VarunSi25194198,2020-08-21 17:57:11+00:00,0,Israel,Terrorists in Gaza launched 12 rockets at Israel from the Gaza Strip.\n\n Israel responded with three airstrikes on Hamas terror group.\n\nAnd so called International Media: Israel bombing Gaza again.\n\n#IStandWithIsrael.
1281211915591655426,Alzahrani7Turki,2020-07-09 13:01:39+00:00,0,Israel,"O Children of Israel, remember My favor which I have bestowed upon you and that I preferred you over the worlds.\n- Saheeh International"
1286663202592264192,_new__era,2020-07-24 14:03:07+00:00,0,Israel,"India Israel developing Covid rapid testing kit for results in less than 30 seconds.\n\nIsrael will transport mechanical ventilators to express its gratitude for India's authorisation to Israel for acquiring medicine, masks protective gear in initial stages of Covid-19 outbreak"
1289629467854266369,IMTIzionism,2020-08-01 18:29:59+00:00,0,Israel,"His love of Israel was strongly shaped by his grandfather who survived the Holocaust, and by his parents who actively encouraged him to be a strong member of their Jewish community."
1294056228386217986,InsuranceChomp,2020-08-13 23:40:21+00:00,0,Israel,Israel-UAE peace deal is truly historic and a tremendous diplomatic achievement. The president deserves enormous credit. More on radio this evening.
1277551468896235521,thetigerwhocame,2020-06-29 10:36:20+00:00,1,Israel,"As Israel moves forward with the annexation of the West Bank, and mainstream British politics is gagged of the right to critique Zionism, and Israel’s settler colonial pursuits, we loudly and clearly stand beside our Palestinian comrades. \n\nFREE PALESTINE."
1294265767853056000,ChrisWilliamsMS,2020-08-14 13:33:00+00:00,0,Israel,Trump gets a peace deal done between Israel and the United Arab Emirates and he didn’t even have to send $150 billion to the worlds leading sponsor of terror to make it happen. \n\nMakes you wonder what these other clowns in government have been doing for the past few decades.
1295228123215167488,cliffordharris1,2020-08-17 05:17:03+00:00,0,Israel,I regret having read the Torah now. The whole thing’s a shanda! I had no idea the whole thing was full of stuff about Israel that the biggest Zionist of the lot was God himself! As a woke rabbi I think my congregation may have to consider adding God to our BDS list. Oy!
1288865595560284161,JananLadeaux,2020-07-30 15:54:38+00:00,0,Israel,"To change. Oh and yes, I'm well aware of OT heathen kings that God used for the good of Israel. A great many of them had a change of heart."
1261011761496555523,zahrajuun,2020-05-14 19:13:27+00:00,1,Israel,Destroy every oppressor like Israel\n#Palestine\n#covid1948
1299330025414688772,AsadAnwarr,2020-08-28 12:56:33+00:00,0,Israel,Israel has turned Gaza into an open prison.\n#PakistanSupportsPalestine
1289377740341338118,_eugy01,2020-08-01 01:49:43+00:00,0,Israel,"Wake up Israel, your king is coming soon #pneumaticanight"
1279824719626285057,JayO46,2020-07-05 17:09:25+00:00,1,Israel,"What's a special relationship with Israel other than a relationship with war, racism, apartheid, surveillance, division, brutality, propaganda, lies, arrogance, disrespect, abuse, arms sales, drones, ultra right-wing politics, land theft, steel barriers and walls?"
1294377710039506945,coreyglenn4,2020-08-14 20:57:49+00:00,0,Israel,Trump gets a peace deal done between Israel and the United Arab Emirates and he didn’t even have to send $150 billion to the worlds leading sponsor of terror to make it happen. \n\nMakes you wonder what these other clowns in government have been doing for the past few decades.
1271801298334121984,bhindiboi,2020-06-13 13:47:13+00:00,0,Israel,israel is set to begin annexing over THIRTY PERCENT of the west bank in less than three weeks. i don’t wanna hear SHIT from liberal zionists pretending to care while actively supporting a state and ideology whose very core principle is land theft.
1266756935149334528,Bible180us,2020-05-30 15:42:43+00:00,0,Israel,"Joshua 10:11b-12a, ESV\n\n""... There were more who\ndied because of the hailstones\nthan the sons of Israel killed\nwith the sword. At that time\nJoshua spoke to the LORD\nin the day when the LORD\ngave the Amorites over to\nthe sons of Israel, and he\nsaid in the sight of Israel, ..."
1295367944969519104,mshamirtaloo,2020-08-17 14:32:39+00:00,0,Israel,Pakistan has strong Friendly / brotherly relations with Saudi Arabia \n\nWill be the next one after UAE to accept Israel and direct flights between and ?\n\n#Pakistan #SaudiArabia #UAE #Israel #Islam #IsraelUAE #IsraelUAEDeal #UAEIsrael #UAEStabsMuslims
1295051146646757376,cr100064,2020-08-16 17:33:48+00:00,0,Israel,"When david Ignatius of the Washington Post writes “\nTrump is right. The Israel-UAE agreement is a huge achievement.”he sets the stage for the Nobel Peace Prize to be awarded to a President who has actually achieved something,"
1293958222597029888,BTCYN,2020-08-13 17:10:55+00:00,0,Israel,"#BREAKING Israel and UAE announce normalization of ties, brokered by the Trump administration."
1294748884959236096,ZahirAbbasR,2020-08-15 21:32:44+00:00,0,Israel,The United States treats israel more like a state than it does Puerto Rico.
1259941839198707712,ChristineJameis,2020-05-11 20:21:57+00:00,1,Israel,"As a settler colony, Israel has criminalized Palestinian life- you can go to jail 4 crossing the wrong street, driving on the wrong road, having a political thought, living w ur fam, farming on your land, doing nothing at all under administrative detention. Your crime is to exist"
1257774969456594949,ThunderB,2020-05-05 20:51:35+00:00,0,Israel,"In the past two days, the Israel Institute for Biological Research (IIBR), has completed a groundbreaking scientific development, determining an antibody that neutralizes the corona virus (SARS-COV-2) 1/3"
1300193250955804672,prakashbhutoria,2020-08-30 22:06:42+00:00,0,Israel,"Inside info : Indian diplomacy is working very hard with US, Israel , Arab to establish good relation btw israel and arab world no wonder if India could be consider as OIC member in future."
1294102659159535617,tazy_mano,2020-08-14 02:44:51+00:00,0,Israel,U.A.E Accepted Israel \n#ShameOnUAE\nSaddest news for all Muslim Ummah
1293955551269986306,ameeer307,2020-08-13 17:00:18+00:00,0,Israel,FUCK ISRAEL AND UAE\nFUCK ISRAEL AND UAE\nFUCK ISRAEL AND UAE\nFUCK ISRAEL AND UAE\nFUCK ISRAEL AND UAE\nFUCK ISRAEL AND UAE\nFUCK ISRAEL AND UAE\nFUCK ISRAEL AND UAE\nFUCK ISRAEL AND UAE\nFUCK ISRAEL AND UAE\nFUCK ISRAEL AND UAE\nFUCK ISRAEL AND UAE\nFUCK ISRAEL AND UAE\nFUCK ISRAEL AND UAE
1264556874353061896,elderofziyon,2020-05-24 14:00:27+00:00,0,Israel,"What if Israel extending sovereignty over a fraction of Judea and Samaria, leaving the Trump plan available for Palestinians to accept, is the BEST possible chance for peace, and not the death knell the ""experts"" keep confidently predicting?"
1293379765303414786,escargotpro_,2020-08-12 02:52:20+00:00,0,Israel,"There will be some other crisis going on at the time where like water raises 3 meters and we lose most of the coast but all the mailers will be like ""are they a friend of Israel?"" and ""why don't they support destroying all public housing for the GrubHub Corp Headquarters?"""
1286593013028921344,nevervotedtory1,2020-07-24 09:24:12+00:00,0,Israel,"Since becoming leader, to deal with antisemitism,Starmer :\nMet with the B.o.D;\nMet with LFI,\nPromise to go to Israel ASAP with LFI,\nSettled with Ware and co.\n\nSince becoming leader,to deal with anti Black and Asian racism, Starmer:\nScheduled a 20min e-learning course.\n"
1293936908800872448,HouseG0ld,2020-08-13 15:46:13+00:00,0,Israel,"HUGE breakthrough today! Historic Peace Agreement between our two GREAT friends, Israel and the United Arab Emirates!"
1268538561403420678,Shrand1,2020-06-04 13:42:16+00:00,0,Israel,"In the US, Jewish stores have been looted and synagogues have been vandalised. Israel has even been blamed for the violence and racism of some US police. \n\nThese are the acts of anti-Jewish racists. No ifs, no excuses.\n\nIf you don't call this out - you're not fighting racism."
1283660532654972933,LorMingo,2020-07-16 07:11:34+00:00,0,Israel,I’m just here to say Fuck Israel
1295830257472278529,Leonard3Tina,2020-08-18 21:09:43+00:00,0,Israel,Israel has been bombing Gaza for seven consecutive nights. \n\nThe few news sources that are even reporting it are just reproducing IDF press releases almost word for word.
1290813355163291648,DYShor,2020-08-05 00:54:20+00:00,0,Israel,"One silver lining of the #Beirut_Explosion (if I’m allowed to look for one), is that starting a war with Israel is off the table now — even for lunatic Nasrallah."
1279121799972704256,VMadge,2020-07-03 18:36:16+00:00,0,Israel,"reward Saudi Arabia, Israel, Russia, Ukraine, Egypt and even Venezuela are well documented. \nFlynn and Kushner conducting foreign policy while Obama was still president. \nRussian backed loans, and Russian money laundering in his properties.\nGoing around Congress for arms sales"
1296099657639235584,abdoullaahi19,2020-08-19 15:00:13+00:00,0,Israel,This is now the 8th night in a row Israel is bombing Gaza. \n\nStill can't find one word of coverage by the BBC.
1279709361150058496,Dior_JH,2020-07-05 09:31:02+00:00,0,Israel,so ummm troye sivan supports israel it’s just bad news after bad news
1278694647855026176,bellaisntokay,2020-07-02 14:18:55+00:00,0,Israel,ayo FUCK Israel and FUCK America
1258023297436041217,etapiab,2020-05-06 13:18:21+00:00,0,Israel,"In the past two days, the Israel Institute for Biological Research (IIBR), has completed a groundbreaking scientific development, determining an antibody that neutralizes the corona virus (SARS-COV-2) 1/3"
1296365081572323328,HasnainR_,2020-08-20 08:34:55+00:00,0,Israel,"#Karachi: Protests by 'PFP' against the UAE-Israel relations agreement will be held on August 21, after Friday prayers at 1:15 pm outside the New Memon Masjid, #BoltonMarket. Traffic disruption is expected. #KHIAlerts"
1296902389115637760,eik_go,2020-08-21 20:09:59+00:00,0,Israel,"BREAKING: #GazaUnderAttack Israel Renewed It’s Attacks On Gaza, East Of Beit Lahia (Northern Gaza), for the 10th night in a row.\n\nGaza armed groups have just fired rockets into Sderot, successfully overcoming Israeli air defences and hitting a home, 4 injured (most panic attacks)"
1284099222191640577,SG_RN_1,2020-07-17 12:14:46+00:00,1,Israel,shame on you Israel.. Israel is a terrorist sate. we have end israel for the peace of world.\n#werejectworldmap
1261011012100198404,z_fazeli3,2020-05-14 19:10:28+00:00,1,Israel,"سنقيم صلاة الجماعة قريباً في القدس مع إخواننا الفلسطينيين واللبنانيين. مشيئة الله\nIsrael does not see the next 25 years. God willing Really, how many years are left !!!\n#covid1948\n#Palestine"
1262549028178444288,LadybugKae,2020-05-19 01:02:00+00:00,0,Israel,"A pro-Trump, Israel-dwelling cybersecurity CEO is being prosecuted by the feds, and Trump lawyer Alan Dershowitz has joined the defense and the far right is up in arms about the case—all the elements for it to be connected to Trump-Israeli collusion in 2016 but we'll have to see."
1294064159391350785,chiIIum,2020-08-14 00:11:52+00:00,0,Israel,"Hooray for the Peace deal between Israel and UAE! Wait...what? Trump negotiated it? I meant Boooo! I hate peace, peace is bad! Us dems have always been against peace deals right? Yeah that’s the ticket."
1293958365186580482,_notdead_,2020-08-13 17:11:29+00:00,0,Israel,"In historic breakthrough for world peace, Donald Trump announces groundbreaking peace between Israel and .\n.\n.\n.\n.\n.\n.\nUnited Arab Emirates."
1243937071770800128,ElveonFin,2020-03-28 16:24:43+00:00,0,Israel,5th - ISRAEL \nEden Alene - Feker Libi\n\nI love the how many elements this song has! Doesn't get boring!\n\n9.5/10
1291273899481604096,SevenShepherd,2020-08-06 07:24:23+00:00,0,Israel,"""Yea, thou shalt see thy children's children, [and] peace upon Israel. Psalm 129 A Song of degrees."" ~Psalms 128:6 #Poetry #God #Bible"
1341538128687935493,BikBickmore,2020-12-23 00:16:29+00:00,1,Israel,"Dear Israel, \nNo matter how many elections you hold — 4 in 2 years — you won’t be a democracy. You’re an apartheid state. \nSincerely,\nThe world"
1296436445557805057,JamesVa08063380,2020-08-20 13:18:29+00:00,0,Israel,"2. Remember when Obama slobbered all over dictators like Castro, Medvedev, Morsi, Abbas, among others, trashed Israel and the U.K., undermined the Iranian freedom movement, financed the Iranian nuclear program and terrorism, and did nothing about ISIS?"
1294109505685348353,Krish_BJP,2020-08-14 03:12:04+00:00,0,Israel,"The agreement between Israel and UAE is historic. UAE, being one of the most influential Islamic power centre not only now recognizes the State of Israel but also is formally engaging in an agreement. \n\nIndia, at the same time, maintains strong relations with both!"
1224412400880881669,jimmy_wonda,2020-02-03 19:20:39+00:00,0,Israel,Israel vibrations
1294130270011088897,Mjaez1978,2020-08-14 04:34:34+00:00,0,Israel,"Today the Trump administration announced the successful brokering of an historic peace deal between UAE and Israel. Not to be outdone, Brain-dead Biden reworded Trump’s current mask policy into angry-talk and labeled it leadership."
1318801503029727234,ernestadiq,2020-10-21 06:29:15+00:00,0,Israel,"THE LORD SAYS...\nI will feed your enemies with their own flesh.\nThey will be drunk with rivers of their own blood. \nAll the world will know that I, the LORD, \nam your Savior and your Redeemer, \nthe Mighty One of Israel."" \n(Isaiah 49:26)"
1226910315683700736,deb02847032,2020-02-10 16:46:28+00:00,0,Israel,Ilhan Omar is OPPOSED to sanctions on Iran and SUPPORTS sanctions on Israel.\n\nIran is a state sponsor of terror.\n\nIsrael is our greatest ally in the Middle East.\n\nThis radical stance is a threat to our national security!
1324286717671706632,peterupojo,2020-11-05 09:45:32+00:00,0,Israel,"I support Israel's right to exist and am generally well informed on issues in Israel - but I'm yet to come in contact with a single Israeli with any passion for Nigeria or Nigeria's challenges.\n\nShould I be in the business of ""loving others more than I love myself""?"
1232328418450165760,AUThackeray,2020-02-25 15:36:05+00:00,0,Israel,"The partnership of India with Israel is a bond that is growing stronger each day, and so are relations of Maharashtra with Israel. Look forward to strengthen this bond to deliver the best practices from Israel to the people of Maharashtra"
1232496603467923458,notreallysajid,2020-02-26 02:44:23+00:00,0,Israel,"Bernie is the only one who acknowledges the racist, right wing government in power in Israel #DemDebate #DemDebate2020"
1328012257855381505,SevenShepherd,2020-11-15 16:29:30+00:00,0,Israel,"""The word which [God] sent unto the children of Israel, preaching peace by Jesus Christ: (he is Lord of all:)"" ~Acts 10:36 #Hope #Bible #God"
1304960876043264001,real_Stephanie,2020-09-13 01:51:32+00:00,0,Israel,"On a 1 to 10 scale, how important is the Israel UAE agreement to normalize relations? (A 10 being HUGE)"
1263731981646475264,HSM919,2020-05-22 07:22:38+00:00,1,Israel,"Israel;s continuous targeting of Palestinian structures, particularly water and hygiene-related structures, is of growing concern in vulnerable communities, especially in time of the spread of the fatal coronavirus. #Palestine #QudsDay"
1341197729016520705,CarolineLandis,2020-12-22 01:43:51+00:00,0,Israel,"$600 for me and $500,000,000 for Israel? Got it. Talk about goniffs"
1294015537773674497,mickachef26,2020-08-13 20:58:40+00:00,0,Israel,The UAE and Israel today write history
1285710552438800385,EastHillRoad,2020-07-21 22:57:37+00:00,0,Israel,"NYTimes’ opeds calling for the end of Israel, the tiny sliver of land where Jews exercise sovereignty in their ancestral home:\n\n-Muammar Qaddafi, 1/21/09\n-Peter Beinart, 7/8/20\n\nCan anyone recall the NYTimes publishing opeds urging the end of any other nation ( UN member)?\n\nHmm."
1314586903967039488,JefJC,2020-10-09 15:21:56+00:00,0,Israel,"To discuss the Trade Union movement, Peston invited a former PR staffer from Sodexo, a former Israel Lobbyist, a former PR staffer from Nestle and someone described as a US informant in leaked US embassy cable. And that's only talking about Ruth Smeeth!"
1231522414296735745,frendmi,2020-02-23 10:13:18+00:00,0,Israel,"I can name Nigerians/people of Nigerian descent who have excelled in their fields; Anthony Joshua, Israel Adesanya etc., but you'll be hard pressed to find anything of world standard created by Nigerians in a group.\n\nAnd that is one of our biggest problems."
1341767491253628929,junaidbinarshad,2020-12-23 15:27:53+00:00,1,Israel,Jihad is mandatory in now a days against people who are terrorists(Israel). \n#StopEuropeanTerrorism
1314605266202243072,Obodobuigwe,2020-10-09 16:34:54+00:00,0,Israel,"People are clamouring for #ENDSARS and some silly people are opening fake accounts for Rinu, Israel Adesanya, Kamaru Usman, Genevieve, Jim Iyke and more to impersonate them. How silly."
1298698651410354176,nightingale_Yan,2020-08-26 19:07:41+00:00,0,Israel,"As Israel bombs Gaza yet again, and Gaza's lone power plant shuts amidst Israel's fuel ban, I'm calling for the UK government to introduce a two-way arms embargo on Israel now\n#StopArmingIsrael #GazaUnderAttack\n#Group4Palestine"
1306084061165883393,cbass_stolpa,2020-09-16 04:14:40+00:00,0,Israel,"I want to congratulate Israel, U.A.E., and Bahrain on signing the Abraham Accords. This is a monumental step for peace in the Middle East. The Trump Administration worked hard to get this win. Let’s continue these great steps forward!"
1328866739099234307,rjeanroberts,2020-11-18 01:04:54+00:00,0,Israel,"Inbox: President-elect Joe Biden took part in separate congratulatory calls today with leaders in Chile, India, Israel, and South Africa."
1274378672984686592,BlueGreenberg,2020-06-20 16:28:47+00:00,0,Israel,"I could keep going because there are more examples, but I think the point is made. The idea Israel is some European colony is a lie spread by haters seeking to delegitimise the Jewish state\n\nSo now *YOU* know not to believe the lies\n\nShabbat shalom everyone -have a great weekend!"
1263548393701494784,m_pch_313_,2020-05-21 19:13:07+00:00,1,Israel,Israel is a cancerous tumor that must be eradicated\n\nتوییت ها تون با هشتگ های #QudsDay و #Palestine بفرستید تا جایی که بتونم ریت میزنم\nاگه خواستید ریت بزنید بقیه هم ببینن
1296613891460534273,HamidDada3,2020-08-21 01:03:36+00:00,0,Israel,Israel has been bombing Gaza for 8 consecutive nights! The silence from the media and international community is shameful #GazaUnderAttack
1237098298105888768,kenwah,2020-03-09 19:29:53+00:00,0,Israel,BREAKING: Netanyahu: Everyone who enters Israel from abroad will have to be in self quarantine for 14 days
1341154768459157505,cindyceemerson,2020-12-21 22:53:08+00:00,0,Israel,"$500,000,000 for Israel\n$2 billion for Air Force missile procurement and related expenses\n$4 billion for Navy weapons procurement\n$2 billion for Space Force\n135 million to Burma\n85.5 million to Cambodia\n1.4 billion for the Asia Reassurance Initiative Act (what ever that is)"
1280900663023751168,CaptainMorgans5,2020-07-08 16:24:50+00:00,0,Israel,"BREAKING: Keep the constitutional crisis in Israel coming! AG just asked High Court to OVERTURN immunity from indictment for top Likud MK Haim Katz which Knesset gave him in February. This, just as Likud is accusing AG of overstepping+judges accuse Likud of breaking rule of law."
1322228646908710912,NGheewan,2020-10-30 17:27:29+00:00,0,Israel,"Western sources:\nIRAN sent a message to US, through a 3rd party, offering PEACE negotiations with ISRAEL, that could include Iraq and Lebanon\n\nIran's suggestion: Lifting of sanctions in exchange of recognition of pre-1967 Israel\n\nNo response from US to Iran yet, as per sources"
1335077458907807744,ReplicantX6,2020-12-05 04:24:05+00:00,0,Israel,And what's with all those meetings in the middle east between Pompeo and Israel and Saudi Arabia? Probably discussing which country he's going to flee to because he knows he's going downnnnnnnn
1332637438502645760,csnunes1,2020-11-28 10:48:19+00:00,0,Israel,"1. Yet now hear, O Jacob my servant; and Israel, whom I have chosen:\n2. Thus saith the LORD that made thee, and formed thee from the womb, which will help thee; Fear not, O Jacob, my servant; and thou, Jesurun, whom I have chosen.\nIsa 44:1-2 KJV"
1330500817271595009,ArbEvMo,2020-11-22 13:18:09+00:00,0,Israel,"Isa 63:7 I will recount the gracious deeds of the LORD, the praiseworthy acts of the LORD, according to all the LORD has done for us— yes, the great goodness to the house of Israel that He has granted them according to His mercy, according to the abundance of His gracious love."
1319961223803203586,Hebrews12_2,2020-10-24 11:17:34+00:00,0,Israel,"And he said, It is a light thing that thou shouldest be my servant to raise up the tribes of Jacob, and to restore the preserved of Israel: I will also give thee for a light to the Gentiles, that thou mayest be my salvation unto the end of the earth.\nIsaiah 49:6 KJV"
1297586994328080386,murphie4success,2020-08-23 17:30:22+00:00,0,Israel,Israel has been bombing Gaza for 8 consecutive nights! The silence from the media and international community is shameful #GazaUnderAttack
1334010085295620096,ABerman333,2020-12-02 05:42:43+00:00,0,Israel,3/ The UAE's recognition of Israel is a big deal. I fully support the Abraham Accords. But there was no invisible ink in that deal that obligated the United States to compromise our own security by selling wildly lethal weapons in the Middle East.
1310946982937100288,TerryPo05604212,2020-09-29 14:18:11+00:00,0,Israel,Newsreal is a app of Israel news it is a good app and has many inspirational quotes and verses from the Bible and tells you all about the state of Israel God bless my friends++++
1294363964055453697,antigoneflower,2020-08-14 20:03:11+00:00,0,Israel,"Next time you hear Erdogan supporting Palestine remember that:\n\n- Israel is one of Turkey’s top trading partners\n\n- Turkey is part of pro-Israel NATO and conducts military training with Israel\n\n- Turkey and Israel are occupying/fighting Syria, the last Arab pro-Palestine cradle"
1237236429564100608,Every1namedJose,2020-03-10 04:38:46+00:00,0,Israel,Arabs in Israel:\n\nHave the same rights as Jews\n\nRide the same buses\n\nGo to the same schools\n\nGo to the same hospitals\n\nAre elected to parliament\n\nServe as judges\n\nFight in the military\n\nIsrael isn't an apartheid state.\n\nIt's a beacon of democracy in the Middle East.
1320006547863461890,Kh9syl,2020-10-24 14:17:40+00:00,1,Israel,over 80% of #ConservativeMP's #BlairiteMP's Are Friends of Israel .Many are Paid agents for Israel ! \n\nAsk.... Who are the friends if #UK #Britain ???????
1331524192630697985,corpomeow,2020-11-25 09:04:40+00:00,0,Israel,"Belarusian people are very disappointed with the decision of Israel to present diplomatic credentials to A. Lukashenka, which was already shown by Lukashenka’s propaganda as a victory and a sign of legitimization of Lukashenka’s regime, and all horrible atrocities it commits"
1245807154256179200,VEDPRAKASHMEENA,2020-04-02 20:15:46+00:00,0,Israel,"NEW: Israel reports 689 new cases of coronavirus, 6,857 cases in total.\n\nIncluding the health minister and his wife."
1339212013822746625,RedArmy_DLS_79,2020-12-16 14:13:20+00:00,1,Israel,"Israel is comparable to Nazi Germany, it’s similar to the confederacy, it’s similar to apartheid South Africa. Israel must be destroyed and Palestinians have the right to destroy it by any means necessary."
1241411247666536450,sadikac,2020-03-21 17:08:00+00:00,0,Israel,"Nigerians shouldn't let overzealous religion hamper public safety from Coronavirus. Saudi Arabia, Israel, the Vatican, others have restricted religious congregation. Science is part of God's creation. Let's take medical precautions, and observe social distance while we pray!"
1295341527107907584,tango_captain,2020-08-17 12:47:41+00:00,0,Israel,"Obama/Biden gave pallets of cash to the largest state sponsor of terror, abandoned Israel, and allowed Chinese aggression to go unchecked.\n\nPresident Trump is standing up to our adversaries while securing peace deals and putting AMERICA FIRST."
1239355871349608448,SiegelJules,2020-03-16 01:00:40+00:00,0,Israel,SPOT THE DIFFERENCE:\n\nBenjamin Netanyahu enforces a 14-day quarantine for all new arrivals to Israel; leftists shout “racist”.\n\nJacinda Ardern announces the exact same thing for New Zealand; leftists praise her as a “hero”.\n\nExcuse my confusion.
1343452038953365506,Hrehman22,2020-12-28 07:01:40+00:00,0,Israel,"-- facilitating, training, and equipping anti-Pakistan elements with ammunition. Christine Fair of RAND Cooperation has validated India-Israel ties against destabilizing Pakistan.\nIndia-Israel have also established pseudo-Madrasas in India which are run by RAW and Mossad agents--"
1236903509179523072,sheenakye,2020-03-09 06:35:51+00:00,0,Israel,"Psalms 68:35 "" You are awesome, O God, in your sanctuary; the God of Israel gives power and strength to his people. Praise be to God!"""
1310065707238002688,sports_withmo,2020-09-27 03:56:19+00:00,0,Israel,Almost time for the main fight Israel VS Costa....Naijaaaaaa all the way#ufc253
1294809464156098561,BlackSheep9510,2020-08-16 01:33:27+00:00,0,Israel,"Earlier tonight, rockets were fired from Gaza into Israel. \n\nIn response, our Air Force just struck Hamas terror targets in Gaza, including a military compound used to store rocket ammunition.\n\nWe will continue to operate against any attempts to harm Israeli civilians."
1237111189722640385,Kambearoz_rocky,2020-03-09 20:21:06+00:00,0,Israel,BREAKING: Israel is now introducing quarantine FOR ALL PEOPLE entering the country.\n\nThe quarantine is for 14 days and even Israeli citizens must be quarantined when entering the country.\n\nWhy didn't we do this a month ago?
1296691923978264576,Ibro2g,2020-08-21 06:13:40+00:00,0,Israel,Israel has been bombing Gaza for 8 consecutive nights! The silence from the media and international community is shameful #GazaUnderAttack
1304467117950070785,SMBhat6,2020-09-11 17:09:31+00:00,0,Israel,"#BREAKING: #Bahrain will normalize ties with Israel, Bahrain Crown prince will be in DC Monday, officials confirm to me"
1303779972272644096,NickAco51791573,2020-09-09 19:39:03+00:00,0,Israel,BREAKING:\n\nPresident Trump is nominated for the Nobel Peace Prize following the peace deal he brokered between Israel and The UAE\n\nRT if he deserves the Peace Prize more than Obama ever did!
1298690526196256768,SarahGhanem5,2020-08-26 18:35:24+00:00,0,Israel,The West Bank and the Gaza Strip are abysmally different from the U.S. or Italy. There is a stark difference in their ability to face the coronavirus. The Palestinians are oppressed by the Israel occupation. #SaveGazaFromCorona #EndGazaSiege #Act4Palestine
1295985661904850944,real_Stephanie,2020-08-19 07:27:14+00:00,0,Israel,John Kerry lecturing us about foreign policy on the day Sudan announced it is making peace with Israel ... Trump's foreign policy has been a triumph and saved the Middle East from Obama-Biden's horrific Iran deal #DNC
1302304488242450432,Hendo968,2020-09-05 17:56:00+00:00,0,Israel,"He went rogue and left the CIA. Before his death, he talked about the US’s aggression towards Muslim countries and their solidarity with Israel killing Palestinians. And then they killed him and invaded the Middle East, killed a bunch of people and kind of proved him right..."
1341432688490799105,mlmauch,2020-12-22 17:17:30+00:00,0,Israel,Why is Israel getting 500 million in our covid bill?
1218916035149078530,ThaisVyA,2020-01-19 15:20:03+00:00,0,Israel,"Thus says the LORD,the redeemer,the Holy One of Israel,\nTo the one despised, abhorred by the nations,the slave of rulers:\nWhen kings see you, they shall stand up,and princes shall bow down Because of the LORD who is faithful,the Holy One of Israel who has chosen you.\n\nIsaiah 49:7"
1278039751740833792,manickth,2020-06-30 18:56:36+00:00,0,Israel,pls hard block me if you’re pro israel or refuse to have an opinion on this bc u “dont wanna take sides” and also fuck off
1309946182974701585,DollyPalestine,2020-09-26 20:01:22+00:00,1,Israel,"""Israel"" detains Palestinian journalists to prevent them from doing their work and covering the crime of IOF against Palestinian people. #PalestinianJournalist #IsraelSuppressesTruth"
1293311672317288451,monitoringdaily,2020-08-11 22:21:45+00:00,0,Israel,"The Republican Jewish Coalition's Matt Brooks says in a statement that Harris — who has a strong pro-Israel record and is married to a Jew — ""does not stand with Israel and the Jewish community."""
1309571708282712065,IyohaJenniferA,2020-09-25 19:13:20+00:00,0,Israel,10 Who was the king of Israel when David slew Goliath?\nA Saul\nB Jonathan\nC Cyrus\nD Darius
1345058876954210306,ombima_ben,2021-01-01 17:26:40+00:00,0,Israel,"Ephesians 2:12 that at that time you were without Christ, being aliens from the commonwealth of Israel and strangers from the covenants of promise, having no hope and without God in the world."
1345737862529093633,badgaIsabs,2021-01-03 14:24:43+00:00,0,Israel,how u vegan but pro-israel????
1345387569454825472,Ashutos05194354,2021-01-02 15:12:47+00:00,0,Israel,WORLD: Israel becomes first country to vaccinate 10% of population for COVID-19
1346096572501790722,bstevewhite,2021-01-04 14:10:06+00:00,0,Israel,Modern day America is no different than the apostate Israel in the Old Testament when God sent them into slavery.
1346137346849329152,ofirgendelman,2021-01-04 16:52:08+00:00,0,Israel,"There is no other explanation for that except the continued realization of Iran's intention to manufacture nuclear weapons. I reiterate: Israel will not allow Iran to manufacture nuclear weapons."""
1345856400346542080,BeeSue64687496,2021-01-03 22:15:45+00:00,0,Israel,"Lord, Please continue to use thy servant, President Trump to protect the Unborn. Continue to use him to Bless Israel.\nUse him to lead America Righteously for the next 4yrs.\nGrant President Trump a Red Sea Deliverance.\nMay the whole world stand in awe.\nIn Jesus name, Amen."
1345883395826577410,aidanmelody54,2021-01-04 00:03:01+00:00,0,Israel,"Then Israel/Jacob Said To His Sons,I Am Now Convinced That My Son Joseph Is Still Alive And I Will Go Down To Egypt To See Him Before I Die."
1346091316774633472,ShMMor,2021-01-04 13:49:13+00:00,0,Israel,There is absolutely nothing to indicate that Israel will fall short of its obligations once covid vaccines start arriving. Nothing. Not a hint.\n\n19/
1345014468078669825,orchidlady303,2021-01-01 14:30:13+00:00,0,Israel,Israel has now vaccinated more than a million people.\nMore than 10% of the country’s population. \n\nOther countries take holidays and keep the vaccines waiting in the freezers while their populations are stuck in lockdowns and their people die by the thousands.
1345674483487678465,PaulConroy,2021-01-03 10:12:52+00:00,0,Israel,More Muslims have been vaccinated by Israel than any other country in the Middle East. Just wanted to share.
1345094840866902017,SevenShepherd,2021-01-01 19:49:35+00:00,0,Israel,"""Hear, O my people, and I will testify unto thee: O Israel, if thou wilt hearken unto me;"" ~Psalms 81:8 #Poetry #Bible #God"
1345036240266153986,OJIOGUOJIOGU2,2021-01-01 15:56:43+00:00,0,Israel,Israel has now vaccinated more than a million people.\nMore than 10% of the country’s population. \n\nOther countries take holidays and keep the vaccines waiting in the freezers while their populations are stuck in lockdowns and their people die by the thousands.
1345503479037652999,PascaleMontel2,2021-01-02 22:53:22+00:00,0,Israel,"BREAKING: Israel Officially Announces The Approval OF 8,300 Illegal Settler Units In East Jerusalem.\n\nThis was supposed to be a ""red-line"" for the Intl. Community, making a two-State solution even more impossible, but ofc they don't actually even want that.\n\n#FreePalestine"
1345850261995192320,cerotto,2021-01-03 21:51:21+00:00,0,Israel,Israel Palestinians COVID vaccine:\n-No Palestinian official has yet asked Israel to supply it w vaccines\n-PA has approached COVAX WHO initiative for supply\n-Israel set to run out of vaccines in ~10 days\n-Unclear if PA/Gaza have logistical infrastructure to handle Pfizer vax
1345491331905429504,challahdread,2021-01-02 22:05:06+00:00,0,Israel,"hi Israel is doing a lot of very messed up things but just because you disagree with the actions of a government doesn’t mean you can pretend that there is genocide, apartheid, etc going on when there is not. Words mean things."
1345528552578551809,MakeupStorePRO,2021-01-03 00:33:00+00:00,0,Israel,"Israel has vaccinated about as many people in the last two weeks as the UK has in the last four weeks. UK currently vaccinating around 250,000 a week, Israel did 150,000 in one day on Thursday. Shows it can be done."
1345317128119984128,ya_fatemeh80,2021-01-02 10:32:52+00:00,1,Israel,The first and greatest extraordinary work of the Axis of Resistance in the region was appeared in the 33-day war that was under martyrs Soleimani and Mughniyehs' command and ended with the defeat of Israel and the victory of Hezbollah.\n#مرد_میدان
1345495353819217920,Monsneaks,2021-01-02 22:21:05+00:00,0,Israel,Jimmy melts Johnny fairly spectacularly. The thought he might fight Israel is so strange to me
1345000703186579458,7TonyStark7,2021-01-01 13:35:31+00:00,0,Israel,Israel has now vaccinated more than a million people.\nMore than 10% of the country’s population. \n\nOther countries take holidays and keep the vaccines waiting in the freezers while their populations are stuck in lockdowns and their people die by the thousands.
1345115483268403200,TheRealTundraa,2021-01-01 21:11:36+00:00,0,Israel,call me jewish cuz my drip israel
1345347591031185409,DD1958,2021-01-02 12:33:55+00:00,0,Israel,"Israel Has Announced It Will Confiscate A Further 700 Dunums Of Palestinian Land In Northern Jerusalem!\n\nIn 2020, 400 Jerusalmites Were Made Homeless, Due To Israeli Home Demolitions. Thousands of Illegal settler units also announced.\n\nWhere is the intl. community?\n#FreePalestine"
1345115564595961856,DrEricDing,2021-01-01 21:11:56+00:00,0,Israel,"2) US, UK, Turkey, Australia, Belgium, Brazil, Canada, Chile, China, Denmark, Finland, France, Germany, Iceland, India, Ireland, Israel, Italy, Japan, Jordan, Lebanon, Malta, Netherlands, Norway, Pakistan, Portugal, Singapore, S Korea, Spain, Sweden, Switzerland, Taiwan, UAE."
1345604476212690944,KohNagao,2021-01-03 05:34:41+00:00,0,Israel,".. Israel defeated the combined forces of Egypt, Syria, and Jordan and also overran large tracts of territory, including East Jerusalem, the West Bank (known to Israelis by the biblical names Judaea and Samaria), and the Gaza Strip. (35"
1346098784288321541,PalBint,2021-01-04 14:18:54+00:00,0,Israel,Now that Trump's criminality has been exposed I am guessing Kushner's days of running back forth 2 Israel are over. \n\nWhen all is said and done just four countries were strong armed into normalising relations w/Israel. \n\nAll 4 countries that BTW are serial human rights abusers
1346091301347983361,ShMMor,2021-01-04 13:49:10+00:00,0,Israel,"In terms of both infections and fatalities, the situation is significantly worse in Israel, and much worse in the UK (also slightly worse in Lebanon Jordan). Many reasons for this, but one is that the Palestinians have one of the better health systems in the region.\n\n15/"
1345041037706858496,RaimundLoew,2021-01-01 16:15:47+00:00,0,Israel,Israel has now vaccinated more than a million people.\nMore than 10% of the country’s population. \n\nOther countries take holidays and keep the vaccines waiting in the freezers while their populations are stuck in lockdowns and their people die by the thousands.
1344977996357148673,gatsbyboii,2021-01-01 12:05:17+00:00,0,Israel,call me jewish cuz my drip israel
1345633761095004160,savage__diamond,2021-01-03 07:31:03+00:00,0,Israel,"For african christians Israel is their source of God's words. China is their source of products, France/UK is for their education, Canada is their refugee camp, USA is their source of income, Dubai is their look alike paradise. Heaven is their home."
1345634164301848579,_mac_nelson,2021-01-03 07:32:40+00:00,0,Israel,"For african christians Israel is their source of God's words. China is their source of products, France/UK is for their education, Canada is their refugee camp, USA is their source of income, Dubai is their look alike paradise. Heaven is their home."
1345009681517977600,GoldenRuleHR,2021-01-01 14:11:11+00:00,0,Israel,Israel has now vaccinated more than a million people.\nMore than 10% of the country’s population. \n\nOther countries take holidays and keep the vaccines waiting in the freezers while their populations are stuck in lockdowns and their people die by the thousands.
1346146486397014016,RajKuma00731583,2021-01-04 17:28:27+00:00,0,Israel,"Despite the pandemic, relations between India and Israel continue to flourish. Follow us to learn more about the growing partnership."
1345071381009080321,sahebzaman_313,2021-01-01 18:16:22+00:00,1,Israel,The US and Israel created the ISIS terrorist group to hide the truth of Islam and make Muslim beliefs ugly. Sardar did not allow the United States to achieve this goal.\n#HERO
1344814799054643202,SethAMandel,2021-01-01 01:16:48+00:00,0,Israel,"Israel\nPopulation: 9 million\nCOVID vaccinations: 643,600\n\nNew Jersey\nPopulation: 9 million\nCOVID vaccinations: 27,730"
1345103017369075716,fnlnMxSdBrO1NLG,2021-01-01 20:22:04+00:00,0,Israel,"We say to America and Israel and all the global arrogance, as long as the world is the world, General Soleimani will not let you.\n#HERO \n#مرد_میدان \n#سرباز"
1345406205150130177,brajTheSinger,2021-01-02 16:26:50+00:00,0,Israel,WORLD: Israel becomes first country to vaccinate 10% of population for COVID-19
1345737859672764416,SandraDunn1955,2021-01-03 14:24:43+00:00,0,Israel,"Israel has vaccinated about as many people in the last two weeks as the UK has in the last four weeks. UK currently vaccinating around 250,000 a week, Israel did 150,000 in one day on Thursday. Shows it can be done."
1344968145350635522,ed_lamon,2021-01-01 11:26:08+00:00,0,Israel,"21. And all the men of his city shall stone him with stones, that he die: so shalt thou put evil away from among you; and all Israel shall hear, and fear.\nDeu 21:21 KJV"
1345169919021867014,danschwa,2021-01-02 00:47:55+00:00,0,Israel,Israel has now vaccinated more than a million people.\nMore than 10% of the country’s population. \n\nOther countries take holidays and keep the vaccines waiting in the freezers while their populations are stuck in lockdowns and their people die by the thousands.
1345778143446097923,WagsterC,2021-01-03 17:04:47+00:00,1,Israel,there will not be a time when israel isn’t genocidal and doesn’t sustain itself through the systematic annihilation of palestinians and it’s absolutely sickening to see their vaccination record celebrated
1346224388128051200,Ecomemory1,2021-01-04 22:38:00+00:00,0,Israel,"1 Samuel 2:30\n“Wherefore the LORD God of Israel saith, I said indeed that thy house, and the house of thy father, should walk before me for ever: but now the LORD saith, Be it far from me; for them that honour me I will honour, and they that despise me shall be lightly esteemed.”"
1345586088807686145,Prince0fPoweR,2021-01-03 04:21:38+00:00,0,Israel,"Matthew 15:23-24\n[23]But he answered her not a word. And his disciples came and besought him, saying, Send her away; for she crieth after us.\n[24]But he answered and said, I am not sent but unto the lost sheep of the house of Israel."
1346124523742121985,wadhou,2021-01-04 16:01:10+00:00,1,Israel,United States of Israel...
1345561166253355009,tweetter_s,2021-01-03 02:42:36+00:00,0,Israel,Coronavirus vaccination doses given per 100 people.\n\nIsrael: 11.5\nBahrain: 3.53\nUK: 1.47\nUS: 1.28\nDenmark: 0.56\nChina: 0.31\nCanada: 0.29\nGermany: 0.23\nCroatia: 0.19\nPortugal: 0.16\nPoland: 0.13\nOman: 0.13\nItaly: 0.09\n\n(Source: Official data collated by Our World in Data)
1346091243416203264,ShMMor,2021-01-04 13:48:56+00:00,0,Israel,"Previous examples include 2009 ""Israel admits harvesting Palestinian organs"" (for which they ran a very dodgy partial correction), 2013 lies on ""forced contraception"" of Ethiopian women by Israeli doctors, 2014 on ""confirmed targeting"" of hospitals in Gaza...\n\n4/"
1345144011225509888,harms_heike,2021-01-01 23:04:58+00:00,0,Israel,Israel has now vaccinated more than a million people.\nMore than 10% of the country’s population. \n\nOther countries take holidays and keep the vaccines waiting in the freezers while their populations are stuck in lockdowns and their people die by the thousands.
1345031235626741760,mocha_locs,2021-01-01 15:36:50+00:00,0,Israel,Just because they wear fringes don’t mean they Israel and don’t mean their spirit is right inwardly
1345283303709024263,dror_etkes,2021-01-02 08:18:28+00:00,0,Israel,"The 19-20 years old soldier who shot him grew up and was indoctrinated in a society who's most of its members think that the West Bank is part of Israel and area C of the West Bank is the heart of the heart of their and only their, country."
1345878627972509697,ShugoWah,2021-01-03 23:44:04+00:00,0,Israel,"regardless of what you think about bean guy, his coworker showing up unannounced on twitter and chiming in with ""uh I know he's a good person because he loves Israel"" is some REAL funny shit"
1345891012510531584,Rosendo2Sarabia,2021-01-04 00:33:17+00:00,0,Israel,"“Did you know what happened to Israel when they turned back from God? God left them. Is God, then, everywhere?” – Bro. Eli Soriano #TheUnheardTruth #TUTLivePodcast"
1345895089894113281,IdiotReadsNews,2021-01-04 00:49:29+00:00,1,Israel,the little goblins that run this website love shit like 'beans' or 'Israel.'
1344829247605665792,shahidhanif77,2021-01-01 02:14:13+00:00,0,Israel,"Israel has launched 2 airstrikes on Gaza Strip in the last 2 days. Israel has approved thousands of new illegal Jewish settlement units in West Bank, including East Jerusalem. Yet we are being told that Israel is ‘not a war-monger’ and is only looking for ‘peace’. Lies upon lies!"
1345790498183630848,2DieorLive,2021-01-03 17:53:53+00:00,0,Israel,"Jabez called on the God of Israel saying, “Oh, that You would bless me indeed, and enlarge my territory, that Your hand would be with me, and that You would keep me from evil, that I may not cause pain!” So God granted him what he requested. \n1 Chronicles 4:10"
1346073267669495809,MaryJGarciaKin2,2021-01-04 12:37:30+00:00,0,Israel,"Father, God of Abraham, Isaac Jacob, you Bless those who Bless Israel curse those who curse Israel.\nThy servant President Trump has Blessed Israel.\nBless President Trump with another 4 yrs in office.\nGrant him a Red Sea Deliverance.\nBe exalted glorified in Jesus name Amen."
1345354815300399105,IGNATIU39131458,2021-01-02 13:02:38+00:00,0,Israel,"Vaccination began on December 20 in Israel. 4 people died shortly after vaccination. The Health Ministry said 3 were unrelated to the vaccine, with the 4th an 88-year-old man with preexisting conditions\n\nOne would expect these to be labelled ""vaccine-related"" like ""Covid-related"""
1345835525303726082,pharnzwurth,2021-01-03 20:52:48+00:00,0,Israel,could really use an Israel Folau shit take right now to cool things down a bit
1345576027926499329,__meraj,2021-01-03 03:41:39+00:00,0,Israel,Refuse to watch anything with Gal Godot in it. Fuck her and israel
1345237022856806400,shakthigj,2021-01-02 05:14:34+00:00,0,Israel,In first 10 days of starting the vaccination itself Israel has vaccinated 12% of its population. Amazing speed.
1345032877692608512,FOSSpatents,2021-01-01 15:43:22+00:00,0,Israel,"China is back to normalcy, basically. The US, the UK and Israel are outvaccinating the EU, which will have to impose more lockdowns next fall and winter, attaining herd immunity in mid 2022, maybe, and worsening the sovereign debt crisis it hasn’t solved and never will."
1346173319184326656,jimmykdoyle,2021-01-04 19:15:04+00:00,0,Israel,"Christian Zionism is dangerous. Israel walks a narrow line of accepting the financial support it brings (whether in military, economic, or tourism) and the reality that most Christian Zionists know no Jews and believe merely that Israel's existence is a means to Armageddon."
1345171371387719680,falasteen47,2021-01-02 00:53:41+00:00,0,Israel,"Israel Has Announced It Will Confiscate A Further 700 Dunums Of Palestinian Land In Northern Jerusalem!\n\nIn 2020, 400 Jerusalmites Were Made Homeless, Due To Israeli Home Demolitions. Thousands of Illegal settler units also announced.\n\nWhere is the intl. community?\n#FreePalestine"
1345935968411545600,robertcaruso,2021-01-04 03:31:55+00:00,0,Israel,I heard both sexes lounge naked on the beach eating grapes and dates in Israel so that is something to explore
1345924660538576898,charlie31469780,2021-01-04 02:46:59+00:00,0,Israel,"Father, God of Abraham, Isaac Jacob, you Bless those who Bless Israel curse those who curse Israel.\nThy servant President Trump has Blessed Israel.\nBless President Trump with another 4 yrs in office.\nGrant him a Red Sea Deliverance.\nBe exalted glorified in Jesus name Amen."
1164635639553200128,B52Malmet,2019-08-22 20:29:09+00:00,0,Jews,“The President's daughter and son-in-law -- who are Modern Orthodox Jews -- stayed silent publicly as Trump caused a firestorm by questioning the loyalty of some Jewish Americans to Israel.” Modern Orthodox Jews that I know renounce these two pretenders.
1092607702524743680,1HollandSupport,2019-02-05 02:15:50+00:00,0,Jews,The Holocaust was legal. Slavery was legal. Segregation was legal.\n\nPeople who hid Jews in their homes were criminalized. People who freed slaves were criminalized. People who stood up for equality justice were vilified and criminalized. \n\nLegality is not a guide for morality!
1193698756266467329,oneandonlydebs,2019-11-11 01:15:36+00:00,0,Jews,"Word of warning to those who have seen statistics saying 87% of British Jews think Corbyn is an antisemite, and 47% would consider emigrating if he became PM... the questions were put to just 0.28% of the Jewish community. In other words, it's bollox! #JC4PM"
1088281354687664128,FairishGodmum,2019-01-24 03:44:28+00:00,0,Jews,PSA to Jews: The only correct response when someone tells you “You don’t look Jewish” is “You don’t look antisemitic”.
1093188617806196737,Simplymarvlous,2019-02-06 16:44:11+00:00,0,Jews,The Holocaust was legal. Slavery was legal. Segregation was legal.\n\nPeople who hid Jews in their homes were criminalized. People who freed slaves were criminalized. People who stood up for equality justice were vilified and criminalized. \n\nLegality is not a guide for morality!
1211281849475055617,FemProg,2019-12-29 13:44:32+00:00,0,Jews,"Jews are being stabbed, shot, beaten, and harassed in New York virtually everyday and y’all are seriously entertaining the thought that maybe it’s the Jews’ fault. \n\nAntisemitism is not just the physical act of harming Jews, but the philosophy that enables it."
1204841860600078337,SmileDarling2,2019-12-11 19:14:19+00:00,0,Jews,"He's trying to demoralise, not just Jews such as myself but all of our many well-wishers at the expense of the Left for the pettiest of political advantages given he's a LibDem. Whichever percent votes Labour will not contain the most antisemitic elements of the population."
1094992949098749952,repub9989,2019-02-11 16:13:57+00:00,0,Jews,"The progressive left and alt-right are Tweeting almost the exact same things to me about DASTARDLY JEWS today, so I guess we can finally say we know where the ""common ground"" is in politics."
1105189072694202368,AtreiyaN7,2019-03-11 19:29:43+00:00,0,Jews,"Asked repeatedly if Trump really thinks Democrats hate Jews, Sarah Sanders refuses to answer -- and when asked again, she says you need to ask Democrats if Trump actually believes that Democrats hate the Jews."
1137531821003026432,GREENESJ333,2019-06-09 01:28:15+00:00,0,Jews,So what has kept the Jewish People Jewish and distinct? #Torah. Pride. Understanding that Jews have a social role in history positivism hope for the future-- are not just another way of praying w/their own rituals no different than any Christian or Muslim congregation. 13)
1164189937257734144,chilz2011,2019-08-21 14:58:05+00:00,0,Jews,Very Angry! Just spoke to Govenor Netenyahoo of Israel. I told him that I think of Myself as the King of the Jews! King of Israel! But he said thats not possible! So I hung up on him! Why are his people so mean DISLOYAL to Me! I'm their KING! #WednesdayThoughts #DisloyaltoTrump
1210668171084124160,purplechrain,2019-12-27 21:05:59+00:00,0,Jews,"if increasing police presence doesn’t actually prevent/reduce hate crimes or increase the safety of Jews targeted, but it *does* place Black people at increased risk of police violence, racialized overpolicing, etc., the only people who benefit from this response are politicians"
1119308023133016064,desertsofcacti,2019-04-19 18:33:23+00:00,0,Jews,"Of course, for Jews who are not believers in Jesus, the day is a date like any other. But for Jewish believers, Yeshua’s resurrection is traced back to the Hebrew Bible. David writes in Psalm 16:10: “For you will not abandon my soul to Sheol, or let your holy one see corruption.”"
1195776257960501248,mdkhalidakhter,2019-11-16 18:50:51+00:00,1,Jews,"The Jews say, ""Ezra is the son of Allah"" and the Christians say, ""The Messiah is the son of Allah."" That is their statement from their mouths; they imitate the saying of those who disbelieved (before them). May Allah destroy them; how are they deluded? [Qur'an 9:30]"
1164146033410084864,cool_v,2019-08-21 12:03:37+00:00,0,Jews,Trump supporters: Trump isn’t antisemitic.\n\nJews: Trump is antisemitic.\n\nTrump: No I’m not you stupid disloyal Jews. \n\nTrump supporters: See?
1130148713928712192,SueObieone,2019-05-19 16:30:25+00:00,0,Jews,Muslim Imam in Tennessee preaches “Jews and Christians are filthy. Their lives and property can be taken in jihad by Muslims” in America. This is not going to end well.
1151018314014982144,bubblegenius,2019-07-16 06:38:45+00:00,0,Jews,"I have been pretty polite about this and so have other American Jews. But you really have to leave us out of your racist talking points. You are not helping us, you are not helping society, you are not helping Israel. Your racism is your thing and we are not your shield."
1187360061502492674,puppylove8188,2019-10-24 13:27:53+00:00,0,Jews,"20th Century Europe:\n“Jews are racially impure and must leave aryan lands”\n\n…\n\n 21st Century Europe:\n“Jews are racist for re-establishing a state in their ancestral land”\n\n…\n\nDear Europe,\n\nMurdering 6 million Jews is racist. Returning to our home is not.\n\nSincerely,\nJews"
1164423024390660096,gifa1gino,2019-08-22 06:24:17+00:00,0,Jews,Trump isn't the chosen one. He is not the King of the Jews. He is a crazy asshole.\n\n#25thAmendmentNow
1164180680844173312,smarkhenry23,2019-08-21 14:21:18+00:00,0,Jews,"Regarding the “disloyal Jews” comment...\n\nJew here.\n\nDonnie, it appears you want my vote.\n\nJust a FYI, most of us will never vote for someone who puts people of ethnicity in camps, draws serial numbers on arms for ID and separates families.\n\nBeen there. Done that.\n\nFuckouttahere."
1162922039008616448,kc749,2019-08-18 02:59:54+00:00,0,Jews,"Most Jews are Democrats. It was Jewish protestors who just got driven into by an ICE guard. It was Trump who inspired a synagogue shooting and keeps taking the side of fascists.\n\nWith all due respect, GOP, get your fake ass concern about anti-Semitism the fuck out of here."
1148250116169568258,Moh_amyn,2019-07-08 15:18:55+00:00,1,Jews,Messenger of Allah (ﷺ) said:\n\n Let there be curse of Allah upon the Jews and the Christians for they have taken the graves of their apostles as places of worship.\n\nSahih Muslim 530
1123967160022437888,PamCope5,2019-05-02 15:07:07+00:00,0,Jews,"On Yom Hashoa, #WeRemember the 6 million Jews and millions of others who were murdered in the Holocaust. We honor their memories by speaking out and confronting anti-Semitism, bigotry, and hate – wherever we find it."
1205115123276406784,FarseekerF,2019-12-12 13:20:10+00:00,0,Jews,STOP ATTACKING BLACK JEWS.\n\nBlack Jews are a part of our Jewish community.\n\nBlack Jews are not responsible for what happened in Jersey City.\n\nBlack Jews are not Black Hebrew Israelites.\n\nBlack Jews are in mourning too.\n\nOur Jewish community is only safe when Black Jews are too.
1122469503646887936,SevenShepherd,2019-04-28 11:55:58+00:00,0,Jews,"""But after two years Porcius Festus came into Felix' room: and Felix, willing to shew the Jews a pleasure, left Paul bound."" ~Acts 24:27 #Hope #Bible #God"
1182715328406704133,johnmilbank3,2019-10-11 17:51:22+00:00,0,Jews,"Is there any chance that the liberal media could stop referring to orthodox Muslims, Jews and Christians as ‘fundamentalists’? It represents the grossest ignorance. Only a certain kind of actually very modern evangelical Christian can be properly described as ‘fundamentalist’."
1186410034441400321,Corrie_Mooney,2019-10-21 22:32:49+00:00,0,Jews,"Stuttgart Courier condemns ""unsuitable compassion for Jews""- German newspaper reports that ""some passengers on trams will give elderly Jewesses their seats""."
1095344336147894272,book_of_markov,2019-02-12 15:30:14+00:00,0,Jews,Wo unto the Jews were a free people.
1089549643871150080,samwilbur,2019-01-27 15:44:12+00:00,0,Jews,"Sunday is Holocaust Remembrance Day, a day for us to remember the six million Jews that were murdered, and commit to eliminating bigotry, hate, and anti-Semitism across the globe."
1120095534721585152,RMurphy24,2019-04-21 22:42:40+00:00,0,Jews,- Christians killed in Church (Sri Lanka)\n- Jews killed in Synagogue (Pittsburgh)\n- Muslims killed in Mosque (Christchurch)\n\nMaybe the problem isn't religion.\n\nIt's just hate.\n\n#SriLanka #SriLankaTerrorAttack
1089708586173792256,ChristophLoewen,2019-01-28 02:15:47+00:00,0,Jews,"On #HolocaustMemorialDay, #WeRemember the millions of Jews killed during the holocaust. We also bring attention to the many CA survivors who are still waiting for justice for the theft of their property 70+ yrs ago urge EU nations to provide survivors w/ a measure of justice."
1119942011052806144,whynot_1362,2019-04-21 12:32:37+00:00,0,Jews,"Jews are waiting for the Messiah, Christians are waiting for Jesus, and Muslims are waiting for both the Mahdi and Jesus. All religions describe them as men coming to save the world. (Kabbani, p. 229)\n#MahdiSonOfHussain"
1089550176929439745,Lauriemac916,2019-01-27 15:46:19+00:00,0,Jews,Six million Jews died through hatred and fear mongering of the Nazis.\n\nNever forget.\n\nNever again.\n\n#HolocaustMemorialDay⁠ ⁠
1161296343547166721,tabletmag,2019-08-13 15:19:58+00:00,0,Jews,"On this day in 1952, the Soviet Union executed 13 Soviet Jews for espionage, treason, and 'nationalist activity.' \n\nAmong the murdered were 5 of the greatest living Yiddish writers of the Soviet Union, all 5 of whom were members of the Jewish Anti-Fascist Committee."
1118897706083201024,TerraWverynK,2019-04-18 15:22:55+00:00,0,Jews,"Happy Passover to everyone except JVP, INN, and JFREJ because they would have preferred that we Jews stayed enslaved in Egypt and never became a nation with a homeland."
1104468991618228229,Nickthe99740409,2019-03-09 19:48:22+00:00,0,Jews,Democrats hate:\n\nBabies\nAirplanes\nCows\nJews\n\nJust want to make sure I’m accurately following their 2020 platform.
1106506068413370368,tahirali90,2019-03-15 10:42:59+00:00,1,Jews,I am a MUSLIM \n\nISIS Kill me in Syria Iraq \nTerrorists kill me in Pakistan \nJews Kill me in Palestine \nHindus Kill me in Kashmir \nBudhists Kill me in Burma \nChristians Kill me in Afghan Africa \nAnd still\nI Am The “TERRORIST” \n#christchurchshooting
1082671021361123328,iandavidmorris,2019-01-08 16:11:01+00:00,0,Jews,"A Jewish convert to Islam, Samaw’al al-Maghribī (d. ca 1175), complains that the Jews accept the premises of the argument, but not the conclusion; meanwhile the rabbi Maimonides (wr. ca 1173) makes an acerbic argument against the Muslim reading of Paran."
1205556756232974336,MikeJoh84415777,2019-12-13 18:35:03+00:00,0,Jews,"Heartening to see British, American, and Israeli Jews joining Iranians of all faiths to celebrate the defeat of Corbyn, an anti-Semite and friend to the brutal regime in Iran and its terrorist proxies. \n\n#IranProtests #CorbynOut"
1211897682786058240,satirist_indian,2019-12-31 06:31:38+00:00,1,Jews,"""Jews must stop bringing religion into this fight because don't want religious extremism in our resistance. Why can't they come out as normal Germans and not Jews? Unless our movement is secular and committed to Germany, it won't win against Nazi fascism."""
1145625623563575296,Abby6691,2019-07-01 09:30:08+00:00,0,Jews,"Muslims, Christians, Jews and Hindus want you to have a doctorate in their religion before you criticize it. They all reject each other without this standard. Don't play their game. You don't need to know the details of Harry Potter's universe to know witchcraft is bullshit."
1164169299193450496,DespradoProfnd,2019-08-21 13:36:04+00:00,0,Jews,"""American Jews"" has been trending for the last few hours and folks, that's never a good sign."
1122620323696971776,kropotkinder,2019-04-28 21:55:17+00:00,0,Jews,"Republicans: “The people shouting Jews Will Not Replace Us were very fine people who only meant that they liked Robert E. Lee, who was also a great guy”\n\nAlso Republicans: “We truly have no idea why racists feel comfortable shooting up synagogues”"
1094582475198730240,lesliedeslie,2019-02-10 13:02:53+00:00,0,Jews,"10 February 1944 | A transport of 1,015 Jews deported by the Germans from #Westerbork in occupied Netherlands arrived at #Auschwitz. SS doctors sent 142 men 73 women to be registered in the camp. 800 people were murdered in gas chambers."
1211648771811135494,ShemmThePenMan,2019-12-30 14:02:33+00:00,0,Jews,Gotta tell ya. Antisemitism is really sickening.\n\nWanna know what else is sickening?\n\nSeeing the same people who baited Jews for 4 years and tried to get Corbyn into power - hijacking an attack on British Jews just to make political capital out of it and pretend they care.
1124066033193627649,DawnMMorrison,2019-05-02 21:40:01+00:00,0,Jews,"This Holocaust Remembrance Day, we honor the six million Jews who were killed during the Holocaust we remind ourselves of our continuing responsibility to fight back against those who try to divide us. #YomHaShoah"
1193472138864451584,Decdently_sweet,2019-11-10 10:15:06+00:00,0,Jews,"Word of warning to those who have seen statistics saying 87% of British Jews think Corbyn is an antisemite, and 47% would consider emigrating if he became PM... the questions were put to just 0.28% of the Jewish community. In other words, it's bollox! #JC4PM"
1204684726595981312,LahavHarkov,2019-12-11 08:49:55+00:00,0,Jews,"If you’re saying that calling Jews a nation makes you literally Hitler, then you’re calling Judaism literally Hitler. The Torah and other texts say it over and over and over again. You don’t have to believe in the Torah! But denying Jewish peoplehood just makes you look ignorant."
1164142901942784000,Decker62S,2019-08-21 11:51:11+00:00,0,Jews,Trump’s outrageous accusation that most American Jews show “a total lack of knowledge or great disloyalty” is the most anti-Semitic thing he’s ever said. He owes an apology to the more than 6 million Jews in America—over 75% of whom voted Democrat in 2016.
1106877920528793601,AbdulKabir_88,2019-03-16 11:20:35+00:00,1,Jews,I am MUSLIM.\nChristians kill me in Iraq.\nBuddhist kill me in Burma.\nJews kill me in Palestine.\nHindus kill me in Kashmir.\nAthesit kill me in New Zealand.\nBut still I am a #Terrorist.\n#Stop_Terrorism
1211249595453300741,OzraeliAvi,2019-12-29 11:36:22+00:00,0,Jews,"New York: Black guy stabs multiple Jews in the latest antisemitic attack by black perpetrators, and leftists respond by demanding an investigation into “white supremacy”.\n\nClown world."
1180271416391847936,MarkovOfGP,2019-10-05 00:00:08+00:00,0,Jews,"And thus we will rest on the Jews, and upon the earth."
1106758804161605632,JalalMuhammad7,2019-03-16 03:27:16+00:00,1,Jews,"I am MUSLIM.\nChristians kill me in Iraq.\nBuddhists kill me in Burma.\nJews kill me in Palestine.\nHindus kill me in Kashmir.\nAtheists kill me in New Zealand.\nBut still, I am the terrorist \n#NewZealandShooting #ChristchurchMosque"
1105121922709446657,Noetic_Karma,2019-03-11 15:02:53+00:00,0,Jews,Warning : Pakistan's state media have started frothing venom against Hindus and Jews. Govt of India should immediately call for population exchange between India and Pakistan. India has a moral right to demand safe passage for percecuted minorities in South Asia.
1105220918782115841,PissedOffinNH,2019-03-11 21:36:15+00:00,0,Jews,"Why are we fucking talking about whether or not democrats hate Jews?\n\nThis is the problem with the media. Trump pulls some comment out of his ass the media talks about it to death. He's the one who hates Jews. He's deflecting, AGAIN! Knock this crap off"
1137416842560118784,TinklerStephen,2019-06-08 17:51:22+00:00,0,Jews,"3). In October 1936, Jeremy Corbyn’s mother participated in the battle of Cable Street indefence of British Jews after British fascists had staged an assault on the area. Corbyn was raised in a household passionately opposed to antisemitism in all its forms."
1164338423181848576,staceyk1968,2019-08-22 00:48:07+00:00,0,Jews,"Donald Trump is so dumb, he claimed to be the ""second coming"" for Jews without realizing that Jews don't believe in the first coming."
1164912960193490944,RamGupt82783087,2019-08-23 14:51:07+00:00,0,Jews,"""The great Sage has spoken; Democratic Party Jews are disloyal to Israel"". What Trump meant was that after he had done so much for Israel, he expected the Jewish population in US to be completely loyal to him in supporting him, instead of openly criticizing him and his policies."
1123249327969845248,Matzly,2019-04-30 15:34:43+00:00,0,Jews,"Jews are shot dead in synagogues, media outlets run antisemitic cartoons, Jewish centres are seen as places to 'march on', Jewish businesses are targetted newspapers run polls about boycotting a music festival just because it is in the Jewish state.\n\nWhat a wonderful world."
1164566330751819776,DanielShawNYC,2019-08-22 15:53:44+00:00,0,Jews,"Let's be crystal clear. When Pres. Trump says that Jews who vote for Democrats show ""either a total lack of knowledge or great disloyalty,"" he is summoning the forces of bigotry and anti-Semitism with all of its blood-stained history."
1089912687713083392,doctor_snyder,2019-01-28 15:46:49+00:00,0,Jews,"Today #WeRemember the millions of Jews other victims who were targeted killed during the Holocaust. Let us stand in solidarity to say #NeverAgain recommit ourselves to the fight to root out anti-Semitism, hate, bigotry intolerance in our society. #HolocaustMemorialDay"
1106375339314278401,RobertS30289919,2019-03-15 02:03:31+00:00,0,Jews,Media Matters \n\n- Their CEO is a Nazi who hates Jews and their “Jew bags of gold.” \n\nSPLC \n\n- Their founder is suspected sexual predator. \n\nNot a good week for the far left!
1123276905082388480,pollsstar,2019-04-30 17:24:18+00:00,0,Jews,"""Given that last weekend Jews in the US were murdered in an attack on a synagogue, we have to wonder what it will take before this is taken seriously.”\n3/4"
1087038566981648384,KazeemJaleel,2019-01-20 17:26:05+00:00,1,Jews,"The Messiah comes to end the civilization of the Jews, the wicked ones. There are plenty of good Jews.-#NOISundays"
1204752985391280128,Antimony1954,2019-12-11 13:21:09+00:00,0,Jews,"Here's the thing, progressives: if you want to vote Labour, do so. But don't tell Jews that you're doing it *despite* the anti-Semitism thing; that you know that's very shameful, but in the grand scheme of things etc etc. Because all we hear is: Jews don't count."
1161651776858103809,RealBB7,2019-08-14 14:52:20+00:00,0,Jews,"14 August 1942 | A day at the German #Auschwitz camp: 712 Jews deported from #Drancy were gassed at Birkenau, 60 Poles were shot at the execution wall of Block 11 at Auschwitz I 58 prisoners selected at the camp infirmary were killed with phenol injection into their hearts."
1106562886778998785,Ex__Scorpion,2019-03-15 14:28:45+00:00,1,Jews,I am a Muslim. \nISIS kill me in Syria and Iraq.\nJews kill me in Palestine.\nHindus kill me in Kashmir.\nBhuddists kill me in Burma.\nChristians kill me in Afghanistan and Africa.\nAn Australian kill 50 muslims in New Zealand. \nBut still i am the TERRORIST. #NewZealandMosqueAttacks
1104671900737908737,Telboywestgate,2019-03-10 09:14:39+00:00,0,Jews,Ilhan Omar says that for Jews “it’s all about the Benjamins.” This requires a fairly sophisticated knowledge of culture and the English language. “Benjamins” refers to Franklin who’s on the $100 bill. Ilhan’s anti-Semitism is deliberate not due to poor comprehension of English
1154126425420718080,spiderzjay,2019-07-24 20:29:17+00:00,1,Jews,"There’s a more factual historic claim that Jews originated in Mesopotamia Egypt. Let’s stop the nonsense about Jews being the owners of Canaan (Palestine). That’s not where Judaism was born. All religions know this fact. Also, vast majority of Zionist invaders came from Europe."
1107156797687775232,librariecheryl,2019-03-17 05:48:45+00:00,0,Jews,"Hey, you know who benefits from blaming Islamophobia on Jews and antisemitism on Muslims?\n\nThe white supremacists who keep killing us, that's who."
1114201210960085002,donahueangel,2019-04-05 16:20:44+00:00,0,Jews,"Anti-Semite Al Sharpton called Jews “diamond merchants” and organized a march where protesters shouted “kill the Jews!” But Democrats running for president will make time to speak at his convention today, after boycotting AIPAC and siding with Ilhan Omar. Not good!"
1134453573490827266,MacDougall93,2019-05-31 13:36:23+00:00,0,Jews,"MAGA- I hate Muslims, Jews, Gays, Black and Latinos. Women should stay home and cook. Hitler had great ideas. Can’t stand Hillary!\n\nMe- Wow! You are a jerk! \n\nMAGA- ʷʰʸ ᶦˢ ᵗʰᵉ ˡᵉᶠᵗ ˢᵒ ʰᵃᵗᵉᶠᵘˡˀ"
1160115561537265665,SevenShepherd,2019-08-10 09:07:58+00:00,0,Jews,"""Then came the Jews round about him, and said unto him, How long dost thou make us to doubt? If thou be the Christ, tell us plainly."" ~John 10:24 #Bible #God #Hope"
1164668176002617346,Teresa_LS,2019-08-22 22:38:26+00:00,0,Jews,And WTH is the #GOP? If they think any Jews or people of color (or Danes) will EVER trust them again after their silence on all this - they are sorely mistaken.
1204837217941803008,kalisah,2019-12-11 18:55:52+00:00,0,Jews,"Today is my father's yahrzeit. We are ex-Soviet Jews. ""Nationaility"" was the ""fifth column."" Look it up. Both of us lived through some horrifying antisemitism that included physical violence. Your Jewish ""nationality"" was stated in all your documents."
1105675318763929602,Penumbr06005137,2019-03-13 03:41:53+00:00,0,Jews,Netanyahu first said that Israel is the nation-state of the Jews only and now he says that Palestinians in Israel have 22 countries to go to. This is exactly what Apartheid leaders in South Africa said in relation to non- whites. It was abhorrent then and abhorrent now.
1095070226222333958,DubJ,2019-02-11 21:21:02+00:00,0,Jews,Equating support for Israel with support for Jews is anti-Semitic.
1117449688498749441,GodLovesUgly22,2019-04-14 15:29:01+00:00,0,Jews,"Wait, do some ppl seriously not get why ""Omar = 9/11"" is bigoted?\n\nChange it around: ""Jews killed Jesus."" That phrase has been used to subjugate Jewish ppl for 2000ish years.\n\nI'm not for that for anyone. (And come on, white ppl. We really wanna do this?)\n\n#IStandWithIlhanOmar"
1107436008075862017,AntisemitismEye,2019-03-18 00:18:14+00:00,0,Jews,Israel released the videos of Islamist terrorists murdering Jews to show their evilness - now we are being told we could be arrested for watching this ?
1164352611673239552,KittyKatInHeels,2019-08-22 01:44:29+00:00,0,Jews,okay so today the president said jews are stupid and got mad when he couldn't buy greenland
1204358735143063552,80_mcswan,2019-12-10 11:14:33+00:00,0,Jews,"BORIS JOHNSON HAS BEEN CAUGHT UP IN ANTI SEMETIC SCANDAL.\n\nBoris Johnson depicted Jews as controlling the media and being able to “fiddle” elections in 2004 novel written while he was a Tory MP, it has emerged.\nThe book was full of racial slurs against many people."
1095149714209554437,VKhaykin,2019-02-12 02:36:53+00:00,0,Jews,"As a community, Jews have not even begun the conversation of recognizing, understanding, let alone healing, the devastating effects of internalized oppression and colonization."
1151473911902724096,fatfei_,2019-07-17 12:49:08+00:00,0,Jews,"The Labour party is so full of hate now.\n\nHate for Tories, Jews, Israel, Blairites, Brownites, America, the West in general\n\nWhilst a love for Venezuela, Russia, Iran Palestine"
1183345742640889861,RUDRA1514,2019-10-13 11:36:25+00:00,0,Jews,"Nazis: Massacred 6 Million Jews.\n\nToday: Denying holocaust, sympathizing with Nazis is punishable in many countries.\n\nJ!hadi Invasion: \nMassacred 40 Million Hindus\n\nToday: Concealing this genocide glorifying J!hadists like Akbar, Tipu Aurangzeb is called secularism in India."
1191082518486892545,1when,2019-11-03 19:59:36+00:00,0,Jews,"So few Jews so much on radio four about them ,Time Protestants were thanked for making our country so nice every body wants to be here."
1183192012591288320,CGordon42534727,2019-10-13 01:25:33+00:00,0,Jews,"Patrilineal Jews are Jews\nSecular or Atheist Jews are Jews\nJews who were not born Jewish are Jews\nAnti-Zionist Jews are Jews\nJews of color are Jews\nOrthodox, Conservative, Reform, Reconstructionist and Renewal Jews are all Jews.\nChristians are not Jews."
1164011582231326720,DobieWanKenobi,2019-08-21 03:09:22+00:00,0,Jews,80% of American Jews vote Democratic. We're literally the second most reliable Democratic voters after black folks. Trump saying we don't know our history or are traitors is both anti-Semitic AND echoes the gibberish from 1936 that is WHY we've voted Democratic since the 1960's.
1199941545371295744,Galadima_Samaru,2019-11-28 06:42:12+00:00,1,Jews,"Had the Jews slew any cow, it would have sufficed them. But no! They proved to be difficult people and so Allah made it difficult for them.\n\nWe need to be careful and mindful of our utterances.\nThis indeed is great lesson for us."
1164584917402914816,dmfeil60,2019-08-22 17:07:35+00:00,0,Jews,"""The Jews are not loyal to the state."" — Adolf Hitler\n\n""Any Jew that votes Democrat is disloyal."" — Donald Trump"
1169972715194867712,bragborn,2019-09-06 13:56:47+00:00,0,Jews,"To address this discrepancy, there is one of two ways American Jews can go: Becoming immigrant and minority-hating Trumpers or opposing Israel's human rights abuses. Our institutions have opted for the former while our youth have opted for the latter."
1194757436629864449,sefardsogood,2019-11-13 23:22:25+00:00,0,Jews,Can someone explain to me why Chabad is more chill w fucking messianics than they are w sefardic jews lol
1117368474597318661,JanieEL,2019-04-14 10:06:18+00:00,0,Jews,You know how the Nazis began? By dehumanising Jews. Calling them animals. Seeing them as other. We can't tolerate this in our country . Not for one second. They have gone over the line. This is sociopathy. I'm outraged frightened. We are a country of immigrants
1109176445258133504,Janetlawlor2,2019-03-22 19:34:06+00:00,0,Jews,"Why do Trump and the GOP keep pushing the notion that the Democrats hate Jews? Conservative evangelical voters love to cite the GOP’s “pro Israel” stance as a reason they vote Republican.\n\nMeanwhile back in the real world, the data shows that around 75% of Jews vote Democrat."
1226735179558985729,GaGaforIsrael,2020-02-10 05:10:33+00:00,0,Jews,"According to statistics released by the FBI last November, Jews were again the victims of the majority of hate crimes based on religion in the United States in 2019."
1247631294386896897,bjgunts,2020-04-07 21:04:15+00:00,0,Jews,“Fauci or the Jews” is trending because the Washington Post doesn’t use the Oxford comma gosh Fred there’s a good illustration of why you should use the Oxford comma
1239389908076126209,JustSayXtian,2020-03-16 03:15:55+00:00,0,Jews,"y'all, sobbing: please, think about what you're doing, you can't just ferment *everything*\n\njews: [putting a whole brisket in pickle brine] oh yeah? Watch us."
1236040185554653188,thatqueerbird,2020-03-06 21:25:19+00:00,0,Jews,Imagine if there were even half of the attention paid to the huge rise in hate crimes against Jews and the massive anti-semitic response to the Sanders campaign as to the fact that random accounts with 8 followers on twitter are mean.
1255128414819741696,MalcolmFord10,2020-04-28 13:35:07+00:00,0,Jews,"You never hear of Hindus or Sikhs being trouble makers, do you? Nor Jews. Hmm... not Buddhists either. Have I missed anybody out?"
1213275546882232320,FaineBlackadder,2020-01-04 01:46:46+00:00,0,Jews,The Gerard Henderson/News Corp book of perspective:\n1. There were worse bushfires.\n2. Many Jews survived the Holocaust.\n3. Not everyone got the Spanish Flu.\n4. The rebuilt luxury hotels after the tsunami.\n5. Hiroshima is very pretty these days. \n6.Pol Pot did a lot for farming.
1233042517731479553,SpruceYelverton,2020-02-27 14:53:39+00:00,1,Jews,"Jews were the major cotton traders had nearly monopolized that industry, so they needed to re-establish plantation slavery to assure that that Jewish revenue stream would be secure long into the future. With cotton being nearly 90% of the American economy...."
1217107152243843072,J3st_3r,2020-01-14 15:32:12+00:00,0,Jews,CHRISTIANS: this verse in the old testament says X\nJEWS: It doesn't say that\nCHRISTIAN: maybe. Who knows?\nJEWS: we do. That's not in the Hebrew\nCHRISTIAN: no one knows what the original language means\nJEWS: Yes we do. We can read it.\nCHRISTIAN: It's lost forever
1216433098650316800,Christo76267756,2020-01-12 18:53:45+00:00,0,Jews,"Why are so many american jews ,anti semitic them selves? Whats up with that ,Every Jew should be pro Israel.I converted to Judaism 30 years ago in Israel,and Im Pro Israel ."
1221954604985978886,thehitman29,2020-01-28 00:34:15+00:00,0,Jews,"On #HolocaustMemorialDay and the 75th anniversary of Auschwitz's liberation, we honor the millions of Jews and other victims whose lives were extinguished by the Nazi regime. Today and every day, we must give hate no safe harbor to ensure such atrocities never again occur."
1229162762565308417,RWPUSA,2020-02-16 21:56:53+00:00,0,Jews,Christians got what they wanted (“religious freedom”) in exchange for loyalty to the regime.\nJews got exterminated.\nThat was the deal.
1220766613693259776,DrLBErdile,2020-01-24 17:53:36+00:00,0,Jews,"Dear world leaders,\n\nThank you for respecting the memory of the millions of Jews murdered in the Holocaust.\n\nPlease also remember the living. \n\nEradicate Antisemitism from your countries support the only reason another Holocaust cannot take place: the Jewish homeland, Israel."
1246827427625607173,EyeAlt,2020-04-05 15:49:58+00:00,0,Jews,"(4/5)\nRepeatedly talking about all thieves being ""N*gg*rs"" naming ""The Jews,"" before remember to use his code words. Only to go back to naming ""them.""\n\nNobody tells him what to do!\n\nNow he's defaming, with obscene vulgarity, other #dLive creators, just like he did YT."
1241223004245438464,halaljew,2020-03-21 04:39:59+00:00,0,Jews,"i’m in favor of prohibition but only because my mom’s side were all crime jews (distinct from book jews, the other type they had in the 30s) and they made money off of it"
1214643795955838976,trishc1,2020-01-07 20:23:42+00:00,0,Jews,"7 January 1943 | A transport of 2,000 Jews deported by the Germans from the ghetto in Augustów arrived at #Auschwitz. SS doctors sent 296 men 125 women to the camp. 1,489 people were murdered immediately in gas chambers."
1254811679856168960,nataliewhomst,2020-04-27 16:36:32+00:00,0,Jews,have you ever noticed how when Christians are religious they’re considered devout and righteous but when Jews and Muslims are religious they’re all extremists and part of a brainwashed cult or is it just me
1243003335415869442,DiceyPrince_,2020-03-26 02:34:23+00:00,0,Jews,"Adolf is remembered for his rabid antisemitic sentiment and brutal murder of 6 million Jews.\nThe truth is up until WW2, Europe had been brutally antisemitic and nobody really cared what he did with the Jews. As far back as 1219, through the edict of expulsion Edward 1 expelled.."
1221941026786627586,CollectiveDEI,2020-01-27 23:40:18+00:00,0,Jews,"On International Holocaust Remembrance Day, we mourn the lives of 6 million Jews who were systematically murdered.\n\nToday and every day, we must redouble our efforts to confront anti-Semitism and all forms of religious discrimination and say #NeverAgain."
1221974757345779715,BBlackstone1,2020-01-28 01:54:20+00:00,0,Jews,"Today marks Holocaust Remembrance Day and 75 years since the liberation of Auschwitz. As we remember the six million Jews that were murdered in the Holocaust, let us recommit to the promise of ‘never again’ by working to eliminate anti-Semitism and bigotry wherever we see it."
1217037889583964167,NeilMBornstein,2020-01-14 10:56:59+00:00,0,Jews,CHRISTIANS: this verse in the old testament says X\nJEWS: It doesn't say that\nCHRISTIAN: maybe. Who knows?\nJEWS: we do. That's not in the Hebrew\nCHRISTIAN: no one knows what the original language means\nJEWS: Yes we do. We can read it.\nCHRISTIAN: It's lost forever
1221529198138986496,bgtrpi,2020-01-26 20:23:50+00:00,0,Jews,"26 January 1943 | A transport of 2,300 Jews deported by the Germans from ghettos in Sokółka and Jasionówka arrived at #Auschwitz. SS doctors sent 161 men 32 women to the camp. 2,107 people were murdered in gas chambers."
1231924126698418178,SusannaKearsley,2020-02-24 12:49:34+00:00,0,Jews,"I am so proud to be President of the RNA. Although we are 60, I am only the third. 1st helped Jews escape from Nazi Germany, 2nd, Diane Pearson was a wonderful writer and brilliant editor. Discovered Terry Pratchett and Kate Atkinson among others. I'm hanging in there!"
1255363441356914691,tarah_dactyl_,2020-04-29 05:09:02+00:00,0,Jews,Mike Pence didn’t wear a mask at the Mayo Clinic and Bill DeBlasio told Jews he might arrest them if they don’t shape up. Only one of these will get coverage. Y’all I might just actually be most angry at our crisis of information and accountability and how journalism has failed
1244517149919625216,kishkafka,2020-03-30 06:49:45+00:00,0,Jews,"30 March 1942 | 1st mass transport of Jews from occupied #France arrived at #Auschwitz from the #Compiègne camp with 1,112 people. Part of them were also interned in #Drancy. The transport did not undergo a selection process - all people were registered. 23 of them survived."
1217984491135827969,dougal62,2020-01-17 01:38:26+00:00,0,Jews,"There seems to be some misunderstanding out there re the BoD.\n\nYes, it's an org that represents some UK Jews. \n\nBut also yes, it's an org that is constitutionally committed to advancing Israel's security, welfare and standing.\n\nAs such, it plays a role within the UK Israel Lobby."
1216341924099035136,HappyFerrret,2020-01-12 12:51:27+00:00,0,Jews,"I just heard Trump doing the antisemitism thing against the US Democrats. Casually switching between 'Israel' and 'Jews', misquoting, misrepresenting, falsifying.\nWitch hunters: you are indistinguishable from the racist liar in the Whitehouse. \nNice company you're keeping."
1221899093385129986,SkidTRhoades,2020-01-27 20:53:40+00:00,0,Jews,"On International Holocaust Remembrance Day, we mourn the lives of 6 million Jews who were systematically murdered.\n\nToday and every day, we must redouble our efforts to confront anti-Semitism and all forms of religious discrimination and say #NeverAgain."
1217617537375977473,SevenShepherd,2020-01-16 01:20:17+00:00,0,Jews,"""Ye worship ye know not what: we know what we worship: for salvation is of the Jews."" ~John 4:22 #Jesus #Hope #Bible"
1216724878319067137,delorose,2020-01-13 14:13:11+00:00,0,Jews,"The Nazis murdered millions of Jews because they were ""unwanted.""\n\nWe murder millions of unborn babies because they are ""unwanted.""\n\nPeople are valuable not because they are ""wanted"" but because they are people.\n\n#prolife #AbortionIsMurder"
1254769545102782465,RootlessDov,2020-04-27 13:49:06+00:00,0,Jews,"Thinking about how, throughout history, Jews faced enormous pressure to become Christians/Muslims, and now face the same pressure to become anti-Zionists. Moral of the story? There is yet to be a point in history where a Jew is not maligned for holding beliefs held by most Jews"
1213229824787005441,PatriarchTree,2020-01-03 22:45:05+00:00,0,Jews,"The Left 2003: ""NO WAR FOR OIL!""\n\n( Fracking makes U.S. energy independent )\n\nThe Left 2020: ""NO WAR FOR JEWS!"""
1252673763839225857,lakie3510,2020-04-21 19:01:13+00:00,0,Jews,"This Holocaust Remembrance Day, as we remember the millions of Jews who lost their lives at the hands of the Nazi regime, we recommit to ensuring such atrocities never again occur. With anti-Semitism on the rise, all of us must root out intolerance and give hate no safe harbor."
1213877380848275457,AnsielJeff,2020-01-05 17:38:15+00:00,0,Jews,"My definition of the Church in a nutshell: ""The Church is the messianic/New covenant community of Jews and Gentiles in this age between Acts 2 and the Rapture who have explicitly believed in Jesus the Messiah and have received the New Covenant ministry of the Holy Spirit."""
1255475773231763459,KairaFloresss,2020-04-29 12:35:24+00:00,0,Jews,"And this is the record of John, when the Jews sent priests and Levites from Jerusalem to ask him, Who art thou?\n\nJohn 1:19\nKing James Version (KJV)\n\n#TOPBiblicalTopics"
1230136143137689601,BearingTruth,2020-02-19 14:24:46+00:00,0,Jews,"Trump came through my neighborhood this evening. \n\nMany Los Angelenos screamed protests. \n\nOrthodox Jews thronged the sidewalks, holding up their children, waving and cheering the motorcade."
1218663452518092812,ReasonPrevail,2020-01-18 22:36:23+00:00,0,Jews,"Communism, Zionism, and the Jews: A Brief Romance.\n\nCommunist parties worldwide, including in the U.S. and Palestine, took their orders from Moscow, which meant that, with one consequential exception, they opposed Zionism."
1225399994607292417,tomburke999,2020-02-06 12:45:00+00:00,0,Jews,"did not apply equally to all new Americans. Russians, Poles, Italians, Irish and, particularly Catholics and Jews, felt the stigma of being treated as aliens, as foreigners who would never become “real Americans.” (5 of several)"
1255530838135103488,psykojoe67,2020-04-29 16:14:13+00:00,0,Jews,"“De Blasio didn’t threaten Jews. He only threatened Jews who practice their religion publicly.”\n\nThis is the defense I’m reading today, and it’s... something."
1221901287421177857,maxsingerinidy,2020-01-27 21:02:23+00:00,0,Jews,It is #HolocaustMemorialDay. \n\nThe Nazis targeted \n\nJews\nRomani people \nDisabled people \nQueer and trans people\nPeople with the “wrong” political beliefs \nSlavs\nand others. \n\nNever again means we all have to stand together when any of us is under attack. \n\nNever again is now.
1221805597298814977,KathleenMarrio4,2020-01-27 14:42:09+00:00,0,Jews,"On International Holocaust Remembrance Day, we mourn the lives of 6 million Jews who were systematically murdered.\n\nToday and every day, we must redouble our efforts to confront anti-Semitism and all forms of religious discrimination and say #NeverAgain."
1232495987626627072,EmmasBugsBunny,2020-02-26 02:41:56+00:00,0,Jews,"Oh no, they just brought up Israel and the Jews...this is gonna get messy"
1241908011787898883,surinderTalking,2020-03-23 02:01:58+00:00,0,Jews,"Sikhs have the spirit to make world peaceful. Dear christians, muslims, jews and bodhis lets be together to kill the evils."
1246464469087256576,endoftimeupdate,2020-04-04 15:47:42+00:00,1,Jews,"They have started targeting Religions using media ... Specialy muslims and then christians and non zionist jews ,by claiming that religious people are responsible for the spreading of virus .. and they also have agenda for those governments which are not in their controll ,"
1248468907364511746,PJMG71636355,2020-04-10 04:32:37+00:00,0,Jews,"This month, Jews, Christians and Muslims will be acknowledging and celebrating #Passover2020, #Easter and #Ramadan, respectively, during a coronavirus pandemic. \n\nWe are encouraged to do the most good and the least amount of harm. Please encourage people to #StayHomeStayHoly"
1240284523407069186,fried_grits,2020-03-18 14:30:48+00:00,0,Jews,Y’all the Jews in my neighborhood having big ole gatherings still what is we gone do now?!
1223554911062740994,tulasiram67,2020-02-01 10:33:18+00:00,0,Jews,Y r jews sucessful? We dont believe in trying to convert others or world domination. We believe everyone goes to heaven as long as they dont rape steal kill. just the 7 laws of Noah. that's it. We dont teach our kids to take over anything or to hurt any1.That's the whole secret.
1247468823705518086,mariusz_jaskot,2020-04-07 10:18:39+00:00,0,Jews,"1 Cor 1:22-24\n\nThe Jews demand miracles and the Greeks look for wisdom, but we are preaching a crucified Christ; to the Jews an obstacle that they cannot get over, to the pagans madness, 1/2"
1247515744654458881,nhmeems,2020-04-07 13:25:05+00:00,0,Jews,“Fauci or the Jews” is trending because the Washington Post doesn’t use the Oxford comma gosh Fred there’s a good illustration of why you should use the Oxford comma
1231812246579212288,Miriam_Bless,2020-02-24 05:25:00+00:00,1,Jews,"Revelation 3:9 \nBehold, I will make those of the synagogue of Satan who say that they are Jews and are not, but lie—behold, I will make them come and bow down before your feet and they will learn that I have loved you. #MiracleMonday"
1226154244148998144,The5Bomars,2020-02-08 14:42:07+00:00,0,Jews,"8 February 1943 | A transport of 2,000 Jews deported by the Germans from the ghetto in. Białystok arrived at #Auschwitz. SS doctors selected 75 men 95 women to be registered in the camp. 1,830 people were immediately murdered in gas chambers. #Holocaust #OnThisDay #history"
1221839896219807753,notsofiacoppola,2020-01-27 16:58:26+00:00,0,Jews,"On International Holocaust Remembrance Day, we mourn the lives of 6 million Jews who were systematically murdered.\n\nToday and every day, we must redouble our efforts to confront anti-Semitism and all forms of religious discrimination and say #NeverAgain."
1220223844717355011,ChicagoSoyBoy,2020-01-23 05:56:49+00:00,0,Jews,"23 January 1943 | A transport of 2,000 Jews deported by the Germans from the ghetto in Grodno arrived at #Auschwitz. SS doctors sent 235 men 191 women to the camp. 1,574 people were murdered in gas chambers."
1230530032436752385,VascoVick,2020-02-20 16:29:56+00:00,0,Jews,"Now the Berean Jews were of more noble character than those in Thessalonica, for they received the message with great eagerness and examined the Scriptures every day to see if what Paul said was true.\nActs 17:11 NIV\n#ThursdayMotivation"
1233643568620883968,QasimLoveIK,2020-02-29 06:42:01+00:00,0,Jews,"As I have stating repeatedly, Modi's Hindu Supremacist agenda is akin to the Nazi pogrom of Jews in the 1930s while the major powers appeased Hitler. Modi conducted pogrom against Muslims in Gujarat as CM now we are seeing the same in New Delhi."
1227849069676109826,hishamkhan46,2020-02-13 06:56:45+00:00,0,Jews,"Hitler began the census shortly after seizing power on April 12, 1933. By the end of 1939, all orthodox Jews had been identified, pinpointed to their abodes, twice over.The purpose of the Census was to first locate the Jews and then “cleanse” them."
1221966396009021440,ginarcameron,2020-01-28 01:21:06+00:00,0,Jews,"On Holocaust Remembrance Day, we remember the six million Jews and other victims of Nazism.\n\nWe honor their memories by speaking out against anti-Semitism, injustice, and hatred in all forms. Never Again."
1255598850859040771,Odd__opinions,2020-04-29 20:44:28+00:00,0,Jews,"When orthodox Jews in NYC were enduring a measles epidemic, they were met with attacks not empathy.\n\nWhen they were enduring a wave of anti-semitic attacks they were ignored.\n\nNow in the midst of a pandemic they are being scapegoated based on actions of a few.\n\nEnough."
1246578237599371265,no_jew_hate,2020-04-04 23:19:46+00:00,0,Jews,"The group also accuses ALL Jews of corruption, greed, blood libel and murder.\n\nPlease stay tuned for further information. I have a vast array of evidence collected from their website and social media accounts. I have blocked them, but ask that you do not report their account yet."
1237552194779398145,smadajleahcim,2020-03-11 01:33:30+00:00,0,Jews,"#OTD in 1943, when Jews were being rounded up across Nazi-occupied Europe, Bulgaria did what no other nation in Europe did – defied the Nazis to save its Jewish population of nearly 50,000. Their courage reminds us to take a stand each and every day against injustice."
1212572788680093698,Mottel,2020-01-02 03:14:15+00:00,0,Jews,"As I look at the rhetoric in the Jewish community around the violence visible Jews are experiencing, I feel like well meaning (and I'm giving the honest good faith here) people on the right and left are polarizing this issue for their existing view of what Jews need"
1216436898241007616,elbh,2020-01-12 19:08:51+00:00,0,Jews,"The Nazis murdered millions of Jews because they were ""unwanted.""\n\nWe murder millions of unborn babies because they are ""unwanted.""\n\nPeople are valuable not because they are ""wanted"" but because they are people."
1220130357892304896,ericpalmr,2020-01-22 23:45:20+00:00,0,Jews,People think that Hollywood is run by Jews but it’s actually run by pedophiles and serial rapiats of all ethnicities and religions
1221844207561666562,stoopidsoph,2020-01-27 17:15:34+00:00,0,Jews,It is #HolocaustMemorialDay. \n\nThe Nazis targeted \n\nJews\nRomani people \nDisabled people \nQueer and trans people\nPeople with the “wrong” political beliefs \nSlavs\nand others. \n\nNever again means we all have to stand together when any of us is under attack. \n\nNever again is now.
1213939841177718784,InTheBroth,2020-01-05 21:46:26+00:00,0,Jews,"It was powerful to march with thousands of Jews today, in the face of antisemitism. I am so proud of the vibrant Jewish Left that showed up. We won’t be pushed out of our community, we won’t silence our voices, we won’t check our values at the door. We are #JewishAndProud."
1221847225753464834,vectorRide,2020-01-27 17:27:34+00:00,0,Jews,"On International Holocaust Remembrance Day, we mourn the lives of 6 million Jews who were systematically murdered.\n\nToday and every day, we must redouble our efforts to confront anti-Semitism and all forms of religious discrimination and say #NeverAgain."
1222523635845541889,ADL,2020-01-29 14:15:22+00:00,0,Jews,Longstanding stereotypes about “Jewish power” in business and the “dual loyalty” canard – the notion that Jews are more loyal to Israel than to their home country – remain deeply entrenched and are especially widespread.
1235661646598676482,BluehairCoffee,2020-03-05 20:21:08+00:00,0,Jews,"Socially progressive Jews once every 7 1/2 years get to celebrate Berakhot 62a day, where we remember that one sage crawled under the bed of another to listen to him have sex with his wife as if he were a feral beast and then declared, ""It is Torah, and I must learn"""
1216424470547783680,TheStuffOfMemes,2020-01-12 18:19:28+00:00,0,Jews,"The only people who tell Jews “if you don’t like [country that isn’t Israel] then leave” are fascists, and Netanyahu."
1214638656264142848,GammaBolt,2020-01-07 20:03:17+00:00,0,Jews,"U.S. soldier killed in Kenya, Trump says nothing.\n\nJews attacked in New York, Trump stays quiet.\n\nEarthquakes affect millions of U.S. citizens in Puerto Rico, zero from Trump.\n\nIt’s not that he’s not our President, it’s that we’re not his constituents.\n\nHe doesn’t care about us."
1248241876005724161,cjm427,2020-04-09 13:30:29+00:00,0,Jews,"Really something just profoundly moving to consider all of the awful, dangerous conditions under which Jews have had seders throughout the millenia and how a seder in a pandemic over Zoom is a kind of a link in a chain back through that history."
1242094591622426624,raspa_gh,2020-03-23 14:23:22+00:00,0,Jews,#FeaturingApocalypse\nThe antichrist has forerunners \n1 Adolf Hitler who slaughtered over 6million Jews \n2 ISIS Albaghdad killed many Christians openly \n3 Alshaabab which is separating Christians from Muslims and killing them \n\nThe antichrist is a combination of all these.
1248296799128956929,BarbaraKornblau,2020-04-09 17:08:43+00:00,0,Jews,"Really something just profoundly moving to consider all of the awful, dangerous conditions under which Jews have had seders throughout the millenia and how a seder in a pandemic over Zoom is a kind of a link in a chain back through that history."
1218427980516614145,alimasarwah,2020-01-18 07:00:42+00:00,0,Jews,"18 January 1943 | 18th and 19th transport of Jews deported from Malines / Mechelen in occupied Belgium arrived at #Auschwitz with 1,555 people. SS doctors sent 387 men 81 women to the camp. 1,087 people were murdered in gas chambers."
1214600153803509762,StayHopeful16,2020-01-07 17:30:17+00:00,0,Jews,"U.S. soldier killed in Kenya, Trump says nothing.\n\nJews attacked in New York, Trump stays quiet.\n\nEarthquakes affect millions of U.S. citizens in Puerto Rico, zero from Trump.\n\nIt’s not that he’s not our President, it’s that we’re not his constituents.\n\nHe doesn’t care about us."
1233436669904330752,NikhilP72108560,2020-02-28 16:59:52+00:00,0,Jews,"As I have stating repeatedly, Modi's Hindu Supremacist agenda is akin to the Nazi pogrom of Jews in the 1930s while the major powers appeased Hitler. Modi conducted pogrom against Muslims in Gujarat as CM now we are seeing the same in New Delhi."
1246067473184518149,10blended,2020-04-03 13:30:11+00:00,1,Jews,what did the jews do to Hitler to make him that mad...
1240994730214858753,mikeyw2k,2020-03-20 13:32:54+00:00,0,Jews,"Why so? Because soon Passover, Pesach, will be upon us.\n\nAbout 3500 years ago we Jews became what we now call preppers, probably the first ones. Upon leaving Egypt we had to figure out how to make bread, quickly, in the wilderness, this we know as Matzo."
1245503747083710466,colson_alicia,2020-04-02 00:10:08+00:00,0,Jews,"Then they came for the Jews, and I did not speak out - because I was not a Jew. Then they came for me – and there was no left to speak for me #COVID19 #coronavirus 4/n"
1217430162301706240,DemkaEBelikov,2020-01-15 12:55:44+00:00,0,Jews,CHRISTIANS: this verse in the old testament says X\nJEWS: It doesn't say that\nCHRISTIAN: maybe. Who knows?\nJEWS: we do. That's not in the Hebrew\nCHRISTIAN: no one knows what the original language means\nJEWS: Yes we do. We can read it.\nCHRISTIAN: It's lost forever
1250157404358148101,keyliebug,2020-04-14 20:22:06+00:00,0,Jews,Can Jews have left over Easter candy or nah? B/c egg shaped Reese’s do hit different
1222478671941947392,rizwanktk,2020-01-29 11:16:42+00:00,0,Jews,"When Palestine was partitioned by the UN in 1947 without the consent of Palestinians, the Jews, who owned less than six per cent of the total land area of Palestine and constituted no more than one third of the population at the time of partition,\n(1/N)\n\n#DealOfTheCentury"
1217366423959412736,RobEllor,2020-01-15 08:42:27+00:00,0,Jews,"15 January 1943 | A transport of 2,000 Jews deported by the Germans from the ghetto in Zambrów arrived at #Auschwitz. SS doctors selected 217 men 21 women to be registered as prisoners. 1,762 people were murdered immediately in gas chambers."
1253490611660951554,JordanAGlass,2020-04-24 01:07:05+00:00,0,Jews,"American Jews are overwhelmingly left-wing. \n\nBut Jewish institutions cater to the whim of far-right members of our community, who throw temper tantrums every time they don’t get exactly want they want.\n\nYou don't like snowflakes? Then stop make us handle you with kid gloves."
1252713489333981186,CursedIdeology,2020-04-21 21:39:04+00:00,0,Jews,"Jews nowadays believe that with the power of transhumanism they can achieve anything, become robotically trans even, which they strongly advocate for, a theocratic leader chooses those who can transition"
1221837796123533313,Kaprika6,2020-01-27 16:50:05+00:00,0,Jews,It is #HolocaustMemorialDay. \n\nThe Nazis targeted \n\nJews\nRomani people \nDisabled people \nQueer and trans people\nPeople with the “wrong” political beliefs \nSlavs\nand others. \n\nNever again means we all have to stand together when any of us is under attack. \n\nNever again is now.
1255522957054574592,scaredboii,2020-04-29 15:42:54+00:00,0,Jews,Why were jews trending at like 6am
1249780715799162880,Bassaces1,2020-04-13 19:25:17+00:00,0,Jews,"""Visible, but not too visible"" might just be the key. Jews are distinct enough from the majority to be labelled alien, but resemble the majority just enough to simultaneously be accused of infiltration. Antisemitism gets them coming and going."
1234632541031796738,kampeas,2020-03-03 00:11:50+00:00,0,Jews,My feed is American Jews saying glowing things about Israel at AIPAC and Israelis having a meltdown over changes to the exit poll results.\n\n Solid illustration of modern Zionism.
1221255652737200130,verticalstance,2020-01-26 02:16:52+00:00,0,Jews,So it's ok to joke about Jews being put in ovens but God forbid we joke about black people picking cotton? FOH
1250920885319581698,earthygirl011,2020-04-16 22:55:54+00:00,0,Jews,"The Labour report shows that a senior Labour officer choose not to suspend a member who called Jews ""cockroaches"" and said “never trust anything a jew says.” (p549)\n\n#LabourLeaks #LabourReport"
1222528852163006465,clantro,2020-01-29 14:36:06+00:00,0,Jews,"When someone says “I’m against settlements,” what they’re really saying is “I’m for ethnic cleansing of Jews in areas I don’t want them.” Jews cannot live outside of settlements in those areas w/o possibly fatal consequences. The PA regards sale of land to a Jew as a cap crime."
1221939446792089600,RuggeriLynnette,2020-01-27 23:34:01+00:00,0,Jews,"Today marks Holocaust Remembrance Day and 75 years since the liberation of Auschwitz. As we remember the six million Jews that were murdered in the Holocaust, let us recommit to the promise of ‘never again’ by working to eliminate anti-Semitism and bigotry wherever we see it."
1231521352299032576,mksharma4269,2020-02-23 10:09:05+00:00,0,Jews,"Those who’ve read or watched on media the history stories of World War II about the atrocities of Germans over Jews, watch Hunters on Amazon Prime, an amazing show. You’d hate German Nazis more. I think every German should wake up with ‘tut mir leid’ instead of ‘guten morgen’"
1224125579667992576,JoAnneAguirre20,2020-02-03 00:20:56+00:00,0,Jews,Antichrist will not be a Muslim Jews would never accept a Muslim Christ
1230011446492266497,rujel1123,2020-02-19 06:09:16+00:00,0,Jews,"Dr. Ibrahim Najm has worked to debunk misconceptions between young Muslims and Jews. He expanded on the false dichotomy which presupposes national identity and religious identity are incongruent, when they can and should support each other."
1213677982407155712,TheLordReigns2,2020-01-05 04:25:54+00:00,0,Jews,"“Now Jesus stood before the governor. And the governor asked Him, saying, “Are You the King of the Jews?” Jesus said to him, “ It is as you say.””\nMatthew 27:11 NKJV"
1217342652338855936,sexyrain73,2020-01-15 07:08:00+00:00,0,Jews,"15 January 1943 | A transport of 2,000 Jews deported by the Germans from the ghetto in Zambrów arrived at #Auschwitz. SS doctors selected 217 men 21 women to be registered as prisoners. 1,762 people were murdered immediately in gas chambers."
1231868462001270785,ultafulta840,2020-02-24 09:08:23+00:00,0,Jews,"All Indians --Hindus, Muslims, Christians and Jews, rich and poor -- must take pride in glories of past, bright future: Trump"
1255127133032079360,elcermarcel,2020-04-28 13:30:02+00:00,0,Jews,I think you're always going to have tension in the Middle East when there's people who want to kill the Jews and Jews who don't want to be killed and neither side is willing to compromise.
1213993791239213056,BrownDeerRepub,2020-01-06 01:20:49+00:00,0,Jews,The #NoHateNoFear rally against anti-Semitism had everything... except for a presence of Orthodox Jews.\n\nIs anybody asking why the same Jews who are being beaten in the streets are now made to feel marginalized at a rally that's supposedly in recognition of their suffering??
1213096386335559680,jakeyshap,2020-01-03 13:54:51+00:00,0,Jews,So far in 2020 “woke” people have complained about TOO protection given to Jews being beaten and stabs and about the most evil man in the world being killed...
1219071419876880387,edrormba,2020-01-20 01:37:30+00:00,0,Jews,Now do the same to all Russian Jews and let people live in peace and respect.
1233319744037629952,roemmermann,2020-02-28 09:15:15+00:00,0,Jews,"100 years ago.\n\nMarch 1 1920 Arabs attack Tel Hai\n(8 Jews killed, Jews leave village).\n\nMarch 3 1920 Arabs attack Kfar Giladi\n(Jews leave village).\n\nApril 1920 - Arabs attack Jews in Jerusalem.\n\nThis violence led to the creation of the Haganah. The seeds of the IDF were planted."
1249737294677827586,Rexene1,2020-04-13 16:32:44+00:00,0,Jews,"13 April 1943 | A transport of 2,800 Greek Jews deported by Germans from ghetto in #Thesaloniki arrived at the #Auschwitz camp. During the selection SS doctors sent 1,936 people to be murdered in gas chambers. 500 men 364 women were registered in the camp as prisoners."
1221898898752647170,TheGoofus21,2020-01-27 20:52:53+00:00,0,Jews,It is #HolocaustMemorialDay. \n\nThe Nazis targeted \n\nJews\nRomani people \nDisabled people \nQueer and trans people\nPeople with the “wrong” political beliefs \nSlavs\nand others. \n\nNever again means we all have to stand together when any of us is under attack. \n\nNever again is now.
1252574252273991686,ritamyway,2020-04-21 12:25:48+00:00,0,Jews,Tonight marks Yom HaShoah – the commemoration of the 6 million Jews murdered during the Holocaust. We must continue to say #NeverAgain to antisemitism and all forms of hate. May their memories be for a blessing. #WeRemember #HolocaustRemembrance
1247933746881462273,Monika42010658,2020-04-08 17:06:05+00:00,0,Jews,"How does it matter that whether the Muslims are right, Christians, Jews or other religions believing in savior? We shall all accept the savior, whether be ours or yours. During this harsh section of humanity life, we should pray god to send him the sooner #ThePromisedSaviour"
1212814182246240263,bettypge69,2020-01-02 19:13:28+00:00,0,Jews,"If “gentrification” and not antisemitism is driving the attacks on Orthodox Jews in Brooklyn, why aren’t we seeing any hipsters with smashed kombucha and black eyes?"
1238043306661117952,PornPanic,2020-03-12 10:05:00+00:00,0,Jews,"Things that aren't actually to blame for coronavirus:\n\n1) The Rothschilds (aka Jews)\n2) The New World Order (aka Jews)\n3) The Illuminati (aka Jews)\n4) The Chinese (aka the Chinese)\n\nThings that are to blame:\n\n1) Evolution (and no, Charles Darwin wasn't Jewish, despite the beard)"
1221845300601483264,joeltena,2020-01-27 17:19:55+00:00,0,Jews,It is #HolocaustMemorialDay. \n\nThe Nazis targeted \n\nJews\nRomani people \nDisabled people \nQueer and trans people\nPeople with the “wrong” political beliefs \nSlavs\nand others. \n\nNever again means we all have to stand together when any of us is under attack. \n\nNever again is now.
1249067230295281665,alyscarnesi,2020-04-11 20:10:08+00:00,0,Jews,"11 April 1944 | A transport of 2,500 Greek Jews deported by arrested in #Athens arrived at the #Auschwitz camp. During the selection SS doctors sent 1,852 people to be murdered in gas chambers. 320 men 328 women were registered in the camp as prisoners."
1237662119551795201,bOrgCastAMO,2020-03-11 08:50:18+00:00,0,Jews,"Let’s talk about plagues and scapegoating, shall we?\n\nSpecifically, let’s look at treatment of Jews during the Black Death, see if there’s anything to be learned there. \n\n1/x"
1229022514753523718,BabyT93229046,2020-02-16 12:39:36+00:00,1,Jews,osama bin laden is against all evil jews!!!!!!!!!!!!!!!!!!!!!!!!!!!!! in my country we call those evil jews for illuminati. but illuminati got killed and the new illuminati i have no problem with. sooooo
1237043948742475785,freddycsatx,2020-03-09 15:53:55+00:00,0,Jews,"“Who delivered up Jesus to die? Not Judas, for money; not Pilate for fear; not the Jews, for envy; but the father, for love!” Octavius Winslow, No Condemnation in Christ Jesus"
1221685096610193410,wigman57,2020-01-27 06:43:19+00:00,0,Jews,"75 years after the liberation of Auschwitz, we remember the 6 million Jews murdered by the Nazis and all Nazi victims, including Roma, gay and disabled people. On this special #HolocaustMemorialDay we recommit to fight hatred and prejudice everywhere. #Auschwitz75 #StandTogether"
1239787205612187648,Dharmen05798318,2020-03-17 05:34:38+00:00,0,Jews,"Peacefuls are extremely angry that infidel atheists, Jews and Christians haven't come up with Covid-19 vaccine yet."
1252715359565746176,oscalope,2020-04-21 21:46:30+00:00,0,Jews,"This Holocaust Remembrance Day, as we remember the millions of Jews who lost their lives at the hands of the Nazi regime, we recommit to ensuring such atrocities never again occur. With anti-Semitism on the rise, all of us must root out intolerance and give hate no safe harbor."
1221763731002155009,annehayfield,2020-01-27 11:55:47+00:00,0,Jews,"75 years after the liberation of Auschwitz, today we remember the 6 million Jews murdered by the Nazis and all Nazi victims, including Roma, gay and disabled people. On this special #HolocaustMemorialDay we must recommit to fight hatred and prejudice everywhere. #StandTogether"
1221855806917709825,Ab3tt3r2morrow,2020-01-27 18:01:40+00:00,0,Jews,"On International Holocaust Remembrance Day, we mourn the lives of 6 million Jews who were systematically murdered.\n\nToday and every day, we must redouble our efforts to confront anti-Semitism and all forms of religious discrimination and say #NeverAgain."
1215777659365412864,lori_clydesdale,2020-01-10 23:29:16+00:00,0,Jews,It’s not enough to memorialize the Holocaust.\n\nWe barely acknowledge:\n\n cultural physical violence against Soviet Jews\n\n ethnic cleansing of Mizrahi Jews\n\n state persecution of Kaifeng Jews\n\n institutional antisemitism in France UK\n\nthe war on Jews didn’t end in 1945.
1278413185196965889,Howard_Lovy,2020-07-01 19:40:29+00:00,0,Jews,People discovering Louis Farrakhan for the first time and lecture Jews about antisemitism is so 2020.
1286059956836343809,MargueriteGyatt,2020-07-22 22:06:02+00:00,0,Jews,"A quick guide to translating Trumpsters:\n""Soros"" = Jews\n""Chicago"" = Blacks\n""Detroit"" = Blacks\n“Fucking bitch” = Democratic congresswoman\n“Job-killing regulations” = laws protecting air and water\n""Religious freedom"" = Christian dominance\n""Heritage"" = white supremacy"
1286786961542455298,joseph_gellman,2020-07-24 22:14:53+00:00,0,Jews,"I feel that if Wiley had made his antisemitic rant towards any other minority besides Jews, he would be banned from Twitter rn\n\nYet again, the moderators of this website fail to deal with antisemitism"
1256408042444390405,coopertrooper_,2020-05-02 02:19:54+00:00,0,Jews,antisemitism on “the left” is insanely rampant but it’s so commonly used as a smear that jews are put in this awesome position where we have to constantly say both “it’s not antisemitic to criticize israel” and also “don’t say ‘fuck anne frank’ please”
1261266592907718656,dendanda_,2020-05-15 12:06:03+00:00,0,Jews,"Then said the Jews, Will he kill himself? because he saith, Whither I go, ye cannot come.\n\nJohn 8:22\n#TheBibleHasAnswers"
1282062475995693056,objectsmith,2020-07-11 21:21:28+00:00,0,Jews,"The notion that Muslims will fight the Jews and the disbelievers in the end is a major end-time prophecy that most, if not all Muslims know about. This is not fringe. It's as common as Easter is to Christians.\n\nMuslims believe in this and their leaders work for it."
1274382276730802176,smellyhorsegirl,2020-06-20 16:43:06+00:00,0,Jews,how did Hitler not like the Jews??? they have big penises and make amazing soup. like fo real tho
1271071458379419653,JUNIUS_64,2020-06-11 13:27:05+00:00,0,Jews,"The fact that Jews made up 20% of the French Resistance also set up the Armée Juive.\n\n“Why didn’t they stand up earlier??” Look up the execution of Helmut Hirsch, who was evidently planning to bomb Nazi headquarters and kill the head of the anti-Semitic Der Stürmer newspaper."
1281759425359798272,searchfeast,2020-07-11 01:17:15+00:00,0,Jews,"The only people I see speaking out about the Jewish man being stabbed are Jews , no one else . The only people posting about the France protest , that turned into an anti Semitic protest saying “dirty jews” are jews , no one else."
1279457542272356352,BruhThahLu,2020-07-04 16:50:23+00:00,1,Jews,Who came out and jumped on Chelsea Handler? Not Jews. The imposters.\n#Farrakhan
1281560606982590465,DawnBuc72103554,2020-07-10 12:07:13+00:00,0,Jews,"“God is going to save Christians, Muslims, Buddhists, Hindus, Catholics, Protestants, Jews—all religious people""\n\nA lot of professing Christians believe this\n\nIt's simply NOT true\n\nSalvation is in Christ alone. ""For by grace are ye saved through faith; and that not of yourselves"""
1294979308751130624,DenbrotS,2020-08-16 12:48:21+00:00,0,Jews,QAnon repeats Hitler’s lies about The Jews.\nThe Republican Party embraces QAnon.\nThe Republican Party may seek to repeat The Holocaust.
1281465602536869888,laitman,2020-07-10 05:49:42+00:00,0,Jews,Otherwise they will be persecuted: blacks and whites will let their rage (egoism) out on the Jews! \n#antisemitism #jews
1283805617845686273,CarlyleLatonya,2020-07-16 16:48:05+00:00,1,Jews,"Did these fake Jews ever apologize for their role during the Slave Trade oppression of Black people? They continue to exploit us control Black celebs,so-called leaders even elected officials."
1299788907022876672,saeedlodhi,2020-08-29 19:19:59+00:00,1,Jews,Prophet Muhammad (ﷺ) said:\n\n Let there be curse of Allah upon the Jews and the Christians for they have taken the graves of their apostles as places of worship.\n\nSahih Muslim 530
1284525701383757825,SwankFinnese,2020-07-18 16:29:27+00:00,0,Jews,"Tabernacles, Elohim’s comin' at you\nFuck parables, a billion years B.C., original black Jews"
1297999885392736258,shandym,2020-08-24 20:51:03+00:00,0,Jews,Jews and Muslims can wear skull caps.\n\nSikh can wear turban and carry katar.\n\nTribals can openly flaunt their tattoos. \n\nChristians flaunt their cross. \n\nBut many lose their mind when a brahmin wears janeu !!
1276399315888607232,willshome,2020-06-26 06:18:05+00:00,0,Jews,"Keir Starmer's conflation of Jews and the State of Israel in sacking Rebecca Long-Bailey is classic, knee-jerk antisemitism. \n\nAs defined by the code Labour signed up to. \n\nHe must therefore resign as Leader.\n\nLet him forensic himself out of that."
1267906955441393664,_toddington,2020-06-02 19:52:29+00:00,0,Jews,"A lot of my “so called fans” are asking why I don’t just shut up and make you laugh. My Grandparents were Jews. For THAT they were sent to Camps forced to see their families murdered. If you have a voice you remain silent, you are a part of the problem. Not the solution."
1267377490835705857,profesh_bitch,2020-06-01 08:48:35+00:00,0,Jews,Just found out us Jews are the elites who have control over this planet and are responsible for everything happening in it. So wild! Is everyone else in on this?? Can't believe they'd leave me out of it!
1276897477107625984,islam_remind_en,2020-06-27 15:17:36+00:00,0,Jews,"Jabir bin 'Abd Allah said:\n\n""The Prophet (ﷺ) had a man and a woman of the Jews who had committed fornication stoned to death.""\n\n(Abi Dawud 4455)"
1283490302637088769,sadcjp,2020-07-15 19:55:08+00:00,0,Jews,Antisemitism is one of the building blocks of western civilisation. \n\nWestern ideology was developed using Jews Judaism to define the non-Jewish world.\n\nThis trend continues today with the progressive world defining itself as anti-racism through antizionism and...
1287808883138924546,ApostateRidvan,2020-07-27 17:55:38+00:00,0,Jews,The most dangerously anti-semitic ideology in human history is the one that promises and aims for the extermination of all Jews: Islam.
1292479766071738368,ahhwhatishappen,2020-08-09 15:16:04+00:00,0,Jews,"There are Jewish-Israeli families going back hundreds of years\nThere are 6m+ Jews in total living there\nAbolishing the State of Israel is a ridiculous aim\nPlacing international pressure on Israel through diplomacy, and even forms of BDS, to work towards peace isn't"
1283464873821663233,ViDevi2,2020-07-15 18:14:06+00:00,0,Jews,Take it from a Muslim like me:\n\nJews are NOT the enemy.\n\nIt hurts so much to have to say that in 2020. But here we are.
1297025607276982273,Al__Quraan,2020-08-22 04:19:37+00:00,1,Jews,"""Don't take the Jews and the Christians for friends; they are friends of each other.""\n\n -Al Qur'aan 5:51."
1275638597849317378,rogue_shoes,2020-06-24 03:55:16+00:00,0,Jews,"Imagine being German in the 30s like “I dont hate Jews, not one bit! Nothing against them. How dare you imply that, IM A NICE PERSON!! But that hitler is doing great things for this economy, you can’t deny that, so he’s getting my vote”.... \n\nthat’s what you fucking sound like"
1297698741894418438,unknownmerc,2020-08-24 00:54:24+00:00,0,Jews,"already in effect. Saying ""Comparing the situation in the USA to Nazi Germany is wrong bc nobody's slaughtering Jews yet"" ignores the entire build up to the genocide as well as the genocidal attempts already going on here."
1267888111247405058,teachermerlin,2020-06-02 18:37:36+00:00,0,Jews,"A lot of my “so called fans” are asking why I don’t just shut up and make you laugh. My Grandparents were Jews. For THAT they were sent to Camps forced to see their families murdered. If you have a voice you remain silent, you are a part of the problem. Not the solution."
1270840116530077704,byebyenofly,2020-06-10 22:07:49+00:00,0,Jews,"I keep seeing this narrative here about how the Jews were passive and meek during the Holocaust, didn’t protest, and it makes me furious. It is wrong, it is dangerous, and it is harmful af. \n\n1/x thread"
1270387795245305856,MzP5158,2020-06-09 16:10:27+00:00,0,Jews,"Fox News is where people who hate blacks, people who hate Jews, people who hate Gays, people who hate Latinos, and people who hate Muslims can all gather to pretend they are just people who hate Liberals."
1262282622794776576,arvindnayak1,2020-05-18 07:23:24+00:00,1,Jews,"Food for thought:\n\n-~25m jews vs ~60m brahmins \n-2K years vs 10K years of existence \n-Jews faced only Nazi vs Brahmins faced Buddhists, Islamists, X-tians and now other Hindus"
1263336078863470592,ittaix,2020-05-21 05:09:27+00:00,0,Jews,It feels like every day a group is questioned. I hate that Jews have to defend their existence as Jews. \n\nJOCs? Jews\nConverts? Jews\nJews from interfaith fams? Jews\nJews who aren't part of a shul? Jews\nJews who didn't have b mitzvahs? Jews\nJews who can't speak/read Hebrew? Jews
1283282105892433921,tabaplus,2020-07-15 06:07:50+00:00,0,Jews,"Then they came for the Jews, and I did not speak out—\n Because I was not a Jew.\n\nThen they came for me—and there was no one left to speak for me.\n\n#اعدام_نکنید"
1287515380341186561,emmacpicken,2020-07-26 22:29:22+00:00,0,Jews,It really upsets certain asajews that Jews are standing up to antisemitism. They insist that we can only do so after we jump through several flaming intersectional hoops and preconditions. A demand no other minority group would ever be asked to comply with to receive solidarity.
1276181592025837568,rmcode,2020-06-25 15:52:56+00:00,0,Jews,"Imagine caring so little about Jews that you casually equate opposition to global police violence with hating us, just so you have an excuse to sack an old political opponent"
1286149036265922561,joakimlundqvist,2020-07-23 04:00:00+00:00,0,Jews,"Today 722 yrs ago 20.000 Jews were massacred in Wursburg, Germany, after rumors of a Jew desecrating a piece of communion bread.\nNo wonder some Jews are suspicious of Christians, with this history of persecution OR indifference toward it.\nWe're called to be our brother's keepers!"
1297912187516866561,astrologyslut69,2020-08-24 15:02:34+00:00,0,Jews,republicans sure do love israel for a group of people that hate jews so much
1292527771168772097,bexelbie,2020-08-09 18:26:49+00:00,0,Jews,GOD: Keep Shabbat holy\nMOSES: okay\nGOD: No murder\nMOSES: makes sense\nGOD: You need at least 10 Jews present for most things\nMOSES: What's that one for?\nGOD: One day it will be an important plot device in Jewish movies and TV shows.
1283451356011995137,sloopkenp,2020-07-15 17:20:23+00:00,0,Jews,"sometimes you see ""Jews"" trending and you think maybe it won't be antisemitic (it's antisemitic)"
1287579440353091584,srk908,2020-07-27 02:43:55+00:00,0,Jews,"If Jews on Twitter spent as much time fighting antisemitism as fighting each other, we’d be in such a better place..."
1300150538668060674,KatherineMill2,2020-08-30 19:16:58+00:00,0,Jews,"Agolf Twitler is following in Hitlers footsteps, Hitler killed 6 Million Jews, Trump will have killed a minimum of 35 million if he attacks Social Security, and Medicare. More than half of the 66 million who receive earned income through Social Security will die because of him."
1270732034353385474,VirtualDom,2020-06-10 14:58:20+00:00,0,Jews,"I keep seeing this narrative here about how the Jews were passive and meek during the Holocaust, didn’t protest, and it makes me furious. It is wrong, it is dangerous, and it is harmful af. \n\n1/x thread"
1270488916118982657,kenobeavfd,2020-06-09 22:52:16+00:00,0,Jews,"White jews will try to excuse their own behavior by citing that certain black activist groups engage in antisemitic rhetoric. First, this is usually false because being anti isrl is not being anti semitic. Second,,,,, there are fucking black jews"
1262688117594550273,Elijah42913317,2020-05-19 10:14:41+00:00,0,Jews,Ye worship ye know not what: we know what we worship: for salvation is of the Jews.\n\nJohn 4:22\nKing James Version (KJV)\n#TheBiblicalLogic
1284354247920807936,the_gwalla,2020-07-18 05:08:09+00:00,0,Jews,“jews control the media” babe a goy plays mrs. maisel
1299472953344745472,Logo_Daedalus,2020-08-28 22:24:29+00:00,0,Jews,Thinking about the time weev was bragging in a dm group about how he was “hood vetted” in prison by black gangsters they talked about the jews or whatever lmao
1280534764525686785,AGuyCalledReg,2020-07-07 16:10:53+00:00,1,Jews,everything is “anti-Semitic” when the truth about the Jews come out
1295810737198239747,UgoVolli,2020-08-18 19:52:09+00:00,0,Jews,"Jews in Yemen need your help.\n\n A militant group has been rounding up and threatening Yemenite Jews.\n\n Now, in response to the peace deal, Yemen’s hundreds of remaining Jews (once 55,000) are being forced to flee to UAE \n\n We cannot be silent about this. Never again."
1294442337201008642,301hila,2020-08-15 01:14:37+00:00,0,Jews,PLEASE DONT MAKE JOKES ABOUT JEWS IF YOURE NOT JEWISH
1283449760511336448,69lol_,2020-07-15 17:14:02+00:00,0,Jews,"Here's the deal. If you, after hearing Jews speak up about antisemitism over the last week or so, are still praising Farrakhan or are spreading his words... You're no longer just indifferent to the antisemitism. You're now actively stating ""fuck the Jews."""
1293481943221317633,advocateforjews,2020-08-12 09:38:21+00:00,0,Jews,So Jews and Arabs look very similar and have origins in the same land mass but yet we are Europeans. Huh? Make it make sense....
1275921299827720192,GinnyInFL,2020-06-24 22:38:38+00:00,0,Jews,"Historians have a word for Germans who were complicit with the Nazi party, not because they hated Jews, but because they had a misplaced sense of patriotism, or economic anxiety, or dislike of their opponents, political opportunism, ignorance, or greed. That word … is ""Nazi."""
1268037972080816129,Scoundroul,2020-06-03 04:33:06+00:00,0,Jews,"A lot of my “so called fans” are asking why I don’t just shut up and make you laugh. My Grandparents were Jews. For THAT they were sent to Camps forced to see their families murdered. If you have a voice you remain silent, you are a part of the problem. Not the solution."
1283464501803835393,Elisabeth_Drcy,2020-07-15 18:12:37+00:00,0,Jews,"In 1938, a few weeks after the Anschluss, the Nazi government passed a law requiring Jews to register any property worth more than 5,000 Reichsmarks. Making it easy for the Nazi government and German businesses to begin seizing Jewish wealth...\n\n41a/"
1284480678063673345,BOYTroi,2020-07-18 13:30:32+00:00,1,Jews,Nick Cannon gave us unfiltered truth. You negros and Hispanics are the real Jews. Don’t condemn the man for his apology that was forced upon him by the powers that be. The truth has already went forth.
1285709968172290056,HollyWe06935962,2020-07-21 22:55:18+00:00,0,Jews,IS SAYING SUNDAY IS SABBATH. MAYBE THERE R JEWS IN ISRAEL WHO R NOT OBSERVING SABBATH. ELIJAH CRIED OUT TO GOD NO ONE OF THE JEWS IS OBSERVING ONLY HIM AND HE PRAYED THAT IT WOULDN'T RAIN FOR 3 YEARS. AND IT DIDN'T
1283473690181554176,19keys_,2020-07-15 18:49:08+00:00,1,Jews,Jews prove there’s no Zionist control by exercising Zionist control...\n\n#19keys
1257818930363564032,jasonstone20,2020-05-05 23:46:16+00:00,0,Jews,"Lie - Israeli laws discriminate against non Jews\n\nTruth - no they do not. If you look at the laws they list, they even include laws about the Israeli flag, anthem and emblems. You may as well say the UK discriminates because there are religious symbols in its flag too."
1257156455171452929,lotusgdess,2020-05-04 03:53:50+00:00,0,Jews,"Trump: I'm treated worse than Lincoln, worse than Jews at the holocaust, worse than Jesus on the cross, worse than slaves on plantations, pity me everybody, poor, poor pitiful me."
1271122452735766530,RavenPuff89,2020-06-11 16:49:43+00:00,0,Jews,"I keep seeing this narrative here about how the Jews were passive and meek during the Holocaust, didn’t protest, and it makes me furious. It is wrong, it is dangerous, and it is harmful af. \n\n1/x thread"
1299721410621984769,rmck2bbc,2020-08-29 14:51:46+00:00,0,Jews,"In 1348, Pope Clementine issued two papal bulls cautioning that Jews couldn't be the cause of the Black Death, because there was no pattern linking Jewish habitation and plague\n\nNobody cared\n\nToday, nobody cares that there is zero link between lockdowns and COVID-19 deaths"
1271734324937854976,uzo_emeka,2020-06-13 09:21:05+00:00,0,Jews,"The World must not just hold the Caucasian west accountable for racism;The Arabs,Jews,Indians and the Chinese have over the years also demonstrated an equal degree and intensity of hatred for black people.We must have the moral courage to call them out for a real change."
1271977601708568581,Vicky8675309,2020-06-14 01:27:47+00:00,0,Jews,"Also why the fuck should Eastern European Jews who fled the Holocaust (some of whom are still alive) be required to accept ""whiteness"" as a self-defining racial category, as though they have a common historical experience with plantation owners in Mississippi"
1256472948464062464,brookebay21,2020-05-02 06:37:49+00:00,0,Jews,"In response to my tweet earlier, someone highlighted Haredi Jews. How could I blame the government for that?\n\nD'uh. That's one of very many reasons why we needed to lock down much earlier and be absolutely clear on our messaging - with religious congregations not allowed."
1267761436140490752,winniewi365,2020-06-02 10:14:14+00:00,0,Jews,"Fascists hate blacks, Jews, Muslims, gays, academics, feminists, and intellectuals. Anti-fascists hate ... fascists."
1286033889669140480,JosMirek,2020-07-22 20:22:27+00:00,1,Jews,"The ongoing protests by Israeli Jews against Netanyahu, are a reflection of Jewish values. Those who conflate the Jewish faith should watch these protests, and understand that the Israeli appartheid , racist regime is not conducive with the Jewish faith."
1267261425212444672,elohimomega,2020-06-01 01:07:23+00:00,0,Jews,"If you criticized Hasidic Jews in NY/NJ for having relatively small funerals and weddings (as I did) but are now totally on board with exponentially larger mass protests and riots, you clearly should never have been taken seriously in the first place. You should apologize"
1281904587713261568,QueenOfJewelz,2020-07-11 10:54:05+00:00,1,Jews,You have to understand the farther you go back the dark at everybody was and they were different type of Jews that's why there was a holocaust the weight and everybody up everything was happening at the same time
1268533298390851589,Serocco3,2020-06-04 13:21:21+00:00,0,Jews,"A lot of my “so called fans” are asking why I don’t just shut up and make you laugh. My Grandparents were Jews. For THAT they were sent to Camps forced to see their families murdered. If you have a voice you remain silent, you are a part of the problem. Not the solution."
1283490400364265473,matt_abstract_,2020-07-15 19:55:32+00:00,0,Jews,The way y’all have all this smoke for Jews but not the evangelical Christians and Anglo-Saxon billionaires who run this country is proof that people are brainwashed (and letting their own religion blind them)
1267842168128966657,TheJayCalledLee,2020-06-02 15:35:02+00:00,0,Jews,"Utopia exists in a book - reality is so different! Who remembers the Armenians before the Jews and Gypsies (and Slavs) were killed in vast numbers... Other histories are never even known...Even today, so much bloodshed in parts of Africa and the Middle East - competing forces!"
1280886863356624896,transfaerie,2020-07-08 15:30:00+00:00,0,Jews,What's this about Jews and football?
1275468059151446018,lilbbkass,2020-06-23 16:37:37+00:00,0,Jews,"Imagine being German in the 30s like “I dont hate Jews, not one bit! Nothing against them. How dare you imply that, IM A NICE PERSON!! But that hitler is doing great things for this economy, you can’t deny that, so he’s getting my vote”.... \n\nthat’s what you fucking sound like"
1262912487298609152,Ioveannabeth,2020-05-20 01:06:15+00:00,0,Jews,jews lesbians \nslurs that rhyme
1259281296678948865,KeithShake,2020-05-10 00:37:12+00:00,0,Jews,Arabs in Israel:\n\nHave the same rights as Jews\n\nRide the same buses\n\nGo to the same schools\n\nGo to the same hospitals\n\nAre elected to parliament\n\nServe as judges\n\nFight in the military\n\nIsrael isn't an apartheid state.\n\nIt's a beacon of democracy in the Middle East.
1270420888291172353,una_faye,2020-06-09 18:21:57+00:00,0,Jews,"Fox News is where people who hate blacks, people who hate Jews, people who hate Gays, people who hate Latinos, and people who hate Muslims can all gather to pretend they are just people who hate Liberals."
1260577445679435777,PoshLifeMiami,2020-05-13 14:27:38+00:00,0,Jews,Women for Trump makes as much sense as\n- Jews for Hitler\n- Superman for Kryptonite\n- Lungs for Cigarettes\n- Manatees for Speed Boat Propellers\n- Little Pigs for the Big Bad Wolf\n- Ocean Floors for Plastic Straws\n- Smart for Stupid
1270312320418242561,jigglynubbins,2020-06-09 11:10:33+00:00,0,Jews,"Fox News is where people who hate blacks, people who hate Jews, people who hate Gays, people who hate Latinos, and people who hate Muslims can all gather to pretend they are just people who hate Liberals."
1259224238650769408,runitup_glizz,2020-05-09 20:50:28+00:00,1,Jews,A lot of y’all ladies be talkin cash shit but be jews
1281679341768908803,rizvi_08,2020-07-10 19:59:02+00:00,0,Jews,"""We are here to do jihaad again Camunist,Libralism sacularlism and so called enlightenment of the followers of jews and christen""."
1281947711802155009,ibn_shabbir,2020-07-11 13:45:26+00:00,0,Jews,The Quran says:\n\nولن ترضى عنك اليهود ولا النصارى حتى تتبع ملتهم\n\n“And the Jews and Christians will never be pleased with you until you follow their religion”\n\nSo the opposition to Turkey’s decision to restore #HagiaSophiaMosque and the #DoubleStandards are expected.
1297663774435008516,birchaye,2020-08-23 22:35:27+00:00,0,Jews,Ghassan Kanafani’s returning to Haifa taught me about how the Jews who arrived in ‘48 were offered houses on Palestinian land as special concession if they agreed to adopt the kidnapped babies of Palestinian parents who were exiled or killed during the Nakba.
1268060798292824065,Eselt1,2020-06-03 06:03:48+00:00,0,Jews,"A lot of my “so called fans” are asking why I don’t just shut up and make you laugh. My Grandparents were Jews. For THAT they were sent to Camps forced to see their families murdered. If you have a voice you remain silent, you are a part of the problem. Not the solution."
1280653497726373895,bigharb06,2020-07-08 00:02:41+00:00,0,Jews,"So, about DeSean Jackson.\n\nThere are many American Jews, mostly of my parents' generation but some younger, who are currently struggling to reconcile both having white privilege *and* belonging to a group of historically oppressed and marginalized people."
1292521112698597378,Glosuzanne,2020-08-09 18:00:21+00:00,0,Jews,"British people love to talk about saving Jews from the Nazis. Do you imagine they were flown in by benevolent aircrafts? \n\nThey came in the bowels of boats, on crowded trains, walked for miles across mountains. They were turned away at ports, put in prisons, called invaders."
1280660411398963202,misreadbible,2020-07-08 00:30:10+00:00,0,Jews,"‘Are you the king of the Jews?’ asked Pilate. \n‘No,’ replied Jesus, ‘I’m the lord of the dance.’ And he began to prance around like a sugarplum fairy. - Mark 15:2"
1278118953617952768,realmommyaf,2020-07-01 00:11:19+00:00,0,Jews,"God: JEWS CANNOT EAT PORK.\n\nMe: All right, I’m good with that.\n\nGod: THAT INCLUDES BACON.\n\nMe: Ooooh, that’s a deal breaker. I’ll just be Jewish instead. Heavy on the “ish.”"
1270827478257299457,elenivassiliki,2020-06-10 21:17:36+00:00,0,Jews,"I keep seeing this narrative here about how the Jews were passive and meek during the Holocaust, didn’t protest, and it makes me furious. It is wrong, it is dangerous, and it is harmful af. \n\n1/x thread"
1282059679984648193,JimmySecUK,2020-07-11 21:10:21+00:00,0,Jews,And this is equally true if you're a 'pacifist'; Gandhi's response to the genocide of the Jews was the suggestion they should have committed mass suicide by 'throwing themselves into the sea from cliffs'. \n\nIt's as moronic as it is morally bankrupt
1275843816348663809,Ene28,2020-06-24 17:30:44+00:00,0,Jews,"24 June 1943 | A transport of 1,600 Jews deported by the Germans from ghetto at Środula district hospital in Sosnowiec, and ghetto in Będzin arrived at #Auschwitz. SS doctors during the selection sent 19 men 6 women to the camp. 1,575 people were murdered in a gas chamber."
1240592216692842497,RahmanGMuhamma2,2020-03-19 10:53:28+00:00,1,Jews,He hate two types of Jews those who betrayed him and tried to kill him and those who sold idols and conspired with the Catholic Church to destroy him and gave them the wisdom of Allah. You have Muslims that's pedophiles do you have Muslims is that these robbers
1253189404010651648,joseph_shumate,2020-04-23 05:10:11+00:00,0,Jews,"You know what would be really cool? \n\nIf Christians and Jews rallied behind Muslims with empathy and love as they prepare for the Holy Month of Ramadan. Easter and Pesach were very different this year, Ramadan will be too. Time to beef up that solidarity game."
1273984809803505665,SevenShepherd,2020-06-19 14:23:42+00:00,0,Jews,"""Saying, Where is he that is born King of the Jews? for we have seen his star in the east, and are come to worship him."" ~Matthew 2:2 #Bible #Faith #God"
1241857457032286208,AAliments,2020-03-22 22:41:05+00:00,0,Jews,why can't both the samaritans and the jews be favored by God
1235534680033824768,Coolboy_lanre,2020-03-05 11:56:37+00:00,1,Jews,"Germany paid reparations for genocide against the Jews between 1933 and 1945.\n\nGermany refuses to pay reparations for genocide against Namibians between 1904 and 1908.\n\nThis world is about power, and leverage - it applies to everything, including genocides."
1329537348535681024,SiaKordestani,2020-11-19 21:29:40+00:00,0,Jews,It's the height of privilege to be a comfortable Westerner calling for the end of the Jewish state while Mizrahi Jews who were ethnically cleansed by Arab countries in the 1940s and 50s have to live with constant Hamas rocket fire in Israel. \n\n3/3
1232766439427317760,treehouseheroic,2020-02-26 20:36:37+00:00,0,Jews,You know who has the luxury to not worry about security? Those who have it. It's a bit rich of American Jews to sit in America and tell Israel what it does doesn't need to survive.\n\nUnless you don't think we should survive at all.
1242666029886685186,RaliSavova1,2020-03-25 04:14:03+00:00,0,Jews,Allah Protect Muslims And Christians And Jews And Non Religious Ones !
1222211868095328256,53DFL,2020-01-28 17:36:31+00:00,0,Jews,"Among the Jews we mourn on #HolocaustMemorialDay, some were turned away by the US when they were poor, persecuted had nowhere else to turn. Today SCOTUS said the Trump Admin can deny immigrants admission based on wealth. They’re not exactly the same—but they’re both wrong."
1252687886899691520,SACLI,2020-04-21 19:57:20+00:00,0,Jews,"Today, we honor the lives of the 6 million Jews brutally and systematically murdered during the Holocaust — and promise to fight back against the rise in anti-Semitism and hate. \n\nOne day we will see a future without religious bigotry. #HolocaustRemembranceDay #YomHaShoah"
1292445119442976769,FeelaReader,2020-08-09 12:58:23+00:00,0,Jews,"British people love to talk about saving Jews from the Nazis. Do you imagine they were flown in by benevolent aircrafts? \n\nThey came in the bowels of boats, on crowded trains, walked for miles across mountains. They were turned away at ports, put in prisons, called invaders."
1295371698435325952,Zafar50756332,2020-08-17 14:47:34+00:00,0,Jews,"but we preach Christ crucified: a stumbling block to Jews and foolishness to Gentiles,\n\n1 Corinthians 1:23 NIV\n"
1282775744255385601,LaylaHersch,2020-07-13 20:35:44+00:00,0,Jews,"Globalist--one of Trump's favorite dogwhistles (used even after 11 Jews were slaughtered in synagogue on Shabbat! Yes! That one!) implies that someone is not of-this-nation, they're not tied here, their loyalty is not to *us* of this country but to *each other* internationally."
1221714509330616320,OgaEbenezer,2020-01-27 08:40:12+00:00,0,Jews,"Today we remember the 1 million Jews killed in Auswitch concentration camp in Germany, but no one commemorates the death of the 10 million Congolese killed by Belgium under the leadership of king Leopold II. Western media does not talk about it, even Africans don't know about it."
1330886079042482178,inayatkj,2020-11-23 14:49:02+00:00,1,Jews,"Jews can never be friends of Muslims. If the PTI government tries to recognize Israel, the worst will come.\n#NoToIsraelYesToPalestine"
1310086352445353994,rmoultoncapital,2020-09-27 05:18:21+00:00,0,Jews,"I was a hairdresser in an upper-middle-class San Diego neighborhood. It happened to be the home of many European Jews. My clientele was 80% Jewish immigrants, many wore the tattoos of the camps they had survived. Some talked about it, some didn't. I was always willing to listen."
1300890996922814464,remainophile,2020-09-01 20:19:17+00:00,0,Jews,"In April 1942, when the ""Final Solution"", the systematic mass-murder of millions of Jews, was being carried out under the orders of the Nazi Regime and accompanied by his own propaganda, Joseph Goebbels introduced into Germany ""a campaign for more politeness in public life"""
1343046503141580800,InfiniVoyage,2020-12-27 04:10:13+00:00,0,Jews,"1938 Germans truly believe that Jews are evil and must be exterminated. By Any Means Necessary!\n\n2020 Democrats truly believe that Patriots are evil and must be ""re-educated"" or exterminated. \nBy Any Means Necessary!"
1300970147633664000,space_merman,2020-09-02 01:33:48+00:00,0,Jews,"ATTENTION NON-JEWS OF TWITTER:\n\nHere is a thread of super important Jewish days coming up that, if you are in charge of scheduling things, you should definitely avoid - assuming, of course, you want to be thoughtful for your Jewish friends and co-workers."
1329426130483417095,StarSparkle_UK,2020-11-19 14:07:43+00:00,0,Jews,"WW2 is usually the go to example of Britain doing the right thing, saving the Jews and Slavs etc, but that is looking at the conflict in hindsight. \n\nHad Germany not invaded Poland they'd still be in power now. Sure, western powers might send a strongly worded letter or two."
1325793018054578176,sherrlevin,2020-11-09 13:31:02+00:00,0,Jews,"AOC doesn’t care about Jews.\n\nShe tokenizes us, meets with antisemitic leaders (remember her Jeremy Corbyn endorsement?), never speaks out about antisemitism, and minimizes the Holocaust.\n\nDon’t forget that."
1257062340006227968,BoogyShore,2020-05-03 21:39:51+00:00,0,Jews,Mayor told the hasidic jews to stay in the crib and now he the gestapo
1319588442192240641,LeeSarza,2020-10-23 10:36:16+00:00,0,Jews,"Jesus answered him, I spake openly to the world; I ever taught in the synagogue, and in the temple, whither the Jews always resort; and in secret have I said nothing.\n\nJohn 18:20\nKing James Version (KJV)\n\n#PureDoctrinesOfChrist"
1301605101480677376,familyunequal,2020-09-03 19:36:53+00:00,0,Jews,On the other hand Jews are still out here trying to convince people we're really White.
1322816700950155264,HolyhillChurch,2020-11-01 08:24:12+00:00,0,Jews,"21. One church for the Jews and Gentiles, for the Rich and Poor, for the Black and White \n#TheBody\n#LetsTalkChurch\n#AnniversaryThanksgivingSunday"
1321101802696110081,crackersnatch,2020-10-27 14:49:49+00:00,0,Jews,"Two years ago today, a right-wing terrorist murdered 11 Jews at pray in their synagogue. The terrorist was inspired by President Trump's attacks on Jewish support for refugees diluting the ethnic racial purity of America."
1269684056456704002,fubardaddy,2020-06-07 17:34:03+00:00,0,Jews,"I’m white, there’s no denying it. \n\nDo Jews who are marked more visibly as Jews by clothing, hair etc. experience more anti-Jewish hatred? No doubt. \n\nDoes that mean that white privilege is not a thing? No. Is it sometimes complicated for Jews when whites supremacists want +"
1307141355915927553,StevePender,2020-09-19 02:15:59+00:00,1,Jews,"Jews are now only 1,000% overrepresented on the Supreme Court."
1256317642412978177,ConradkBarwa,2020-05-01 20:20:41+00:00,0,Jews,TIL Harvard invented the college interview and evaluation of extracurricular activities to weed out Jews in the selection process.
1318189166870626306,noteon,2020-10-19 13:56:02+00:00,0,Jews,"My take on Jews who love Trump:\n\nRight-wingers love power and dominance over anything else. Ashkenazi Jews pass for white now*, and some so badly want the white privilege they think they've earned by assimilating that they'll overlook literally everything else, including fascism."
1221961518889066496,maraudingmatron,2020-01-28 01:01:43+00:00,0,Jews,"On Holocaust Remembrance Day, we remember the six million Jews and other victims of Nazism.\n\nWe honor their memories by speaking out against anti-Semitism, injustice, and hatred in all forms. Never Again."
1243531148707483649,titudinality,2020-03-27 13:31:44+00:00,0,Jews,"In this part of Hackney our Charedi neighbours - strictly Orthodox Jews - tend to skip street activities: street parties, Halloween (obvs). But tonight they were out to #clapforourcarers. The sight and sound of all of us together...well, there may have been something in my eye"
1231085146784268289,zenjk0,2020-02-22 05:15:46+00:00,1,Jews,"""... there is much in the fact of Bolshevism itself. In the fact that so many Jews are Bolsheviks. In the fact that the ideals of Bolshevism are consonant with the finest ideals of Judaism.""\n\n(The London Jewish Chronicle, April 4, 1919)"
1305250069520805890,sam29nn,2020-09-13 21:00:41+00:00,0,Jews,"Hey Jews! It’s the last week of 5780 so I thought I’d suggest a challenge for you guys to prepare for Rosh Hashana. For the next week, I’m going to avoid saying anything negative about another Jew. Baseless hatred destroyed the Temple, but we can rebuild it! I hope you’ll join me"
1260165403118108672,NalllArasan,2020-05-12 11:10:19+00:00,0,Jews,How dumb some scholars of the awest can be. They compare us Hindutva vadis with Nazis and Muslims with Jews in Germany. These dumbos don’t realise that Hindutva urges Muslims to acknowledge that we have common ancestry and want to be one people while Nazis said opposite.
1254756745349660673,geekgrljez,2020-04-27 12:58:15+00:00,0,Jews,"If you believe that Ashkenazic Jews are descended from Khazars and have no Middle East ancestry, you just might be an antisemite."
1261058517668188160,ShitPosterBot,2020-05-14 22:19:14+00:00,0,Jews,I spanked the jews because it raped my dog.
1300170826939998208,kathy19090674,2020-08-30 20:37:35+00:00,1,Jews,"There’s enough proof who Soros funds. Soros helped round up Hungarian Jews be shipped off to death camps and helped confiscate their jewelry. He said so himself in a 60Minutes interview where he also said, he doesn’t regret it! It’s not antisemitic to state the truth. He is evil!"
1281636884574281728,tscitygina,2020-07-10 17:10:19+00:00,1,Jews,"are jews a problem ? probably but its only my relatives so i just duff them up again lol, but i dont know what that was other than his other kid and their murderous ways like on that phone in palestine......."
1307056512221745155,hoyleryan,2020-09-18 20:38:51+00:00,0,Jews,"Any time someone wants to quote Old Testament theology at me as a moral guideline for modern society, I'm going to remind them of when Pharaoh was more than happy to let the Jews go and then God was like ""I think I will cause problems on purpose"" and made him an asshole."
1330214666765819910,DrTalebJawad,2020-11-21 18:21:05+00:00,0,Jews,"When islamists say ""The Saudi authorities must ensure the exercise of the freedom of belief to all"", they mean nothing different than what's applied in islamic countries since 1400 yrs: allow Christians, Jews, Hindus etc to worship their gods, but kill Muslims if they leave Islam"
1318409396750254081,swill326,2020-10-20 04:31:09+00:00,0,Jews,I see there's been some fake trollish outrage on here about Jews making jokes about Nazis. They're going to have their minds blown when they find out about Mel Brooks.
1252870264859144201,Oblivion_Mage,2020-04-22 08:02:03+00:00,1,Jews,"The Jews have already subjugated all world governments to themselves, they have destroyed, or are in the process of destroying, those who do not cooperate completely, and most Christians still remain oblivious.\n\nWake up folks we're running out of precious time"
1306275003059535872,Reclusus,2020-09-16 16:53:24+00:00,0,Jews,"The fact that two-thirds of America's youth do NOT know that 6 million Jews were murdered in the Holocaust is a major indictment of a FAILING educational system.\n\nI learned in the 5th grade, in public school."
1288572061393313793,DenebolaZenFoto,2020-07-29 20:28:14+00:00,1,Jews,"And the Jews and Muslims fight in similar ways. Jesus was a prophet. You killed our prophet! Umm I cut the cords in my mother's house, nearly died and went to jail. Umm same thing.. And she tried to stab me with a butcher knife. Same thing. And I still won't kill her or anything."
1297605710583402497,A_Holmesian,2020-08-23 18:44:44+00:00,0,Jews,"When you’re living in Nazi Germany and a publishing house withdraws a book blaming Jews for the holocaust, it’s not an attack on free speech. #justsaying"
1270119444069650432,60s_chic,2020-06-08 22:24:07+00:00,0,Jews,8 June 1943 | A transport of 880 Jews deported by the Germans from the ghetto in Thessaloniki arrived at #Auschwitz. During the selection SS doctors sent 220 men 88 women to be registered in the camp. 572 people were murdered in a gas chamber.
1300950711216279553,Chiaa_Al,2020-09-02 00:16:34+00:00,0,Jews,"ATTENTION NON-JEWS OF TWITTER:\n\nHere is a thread of super important Jewish days coming up that, if you are in charge of scheduling things, you should definitely avoid - assuming, of course, you want to be thoughtful for your Jewish friends and co-workers."
1225984535046840320,Jeffcam1263,2020-02-08 03:27:45+00:00,1,Jews,"The Synagogue controls the East West\n\nThe Jews control the cinema and the film industry, not only in America but in almost all countries of the world, including the Soviet Union. The textile industry and the cotton trade is also nearly everywhere in the hands of Jewry."
1316757800631099392,TodayIsrael,2020-10-15 15:08:18+00:00,0,Jews,"2/ By October 1948, though the Israelis had made serious gains in the north and central parts of the country, the Negev Desert, though it had been allocated to the Jews in the 1947 Partition Plan, was still under Egyptian control."
1292615435029032965,Reader_ABC,2020-08-10 00:15:10+00:00,0,Jews,"British people love to talk about saving Jews from the Nazis. Do you imagine they were flown in by benevolent aircrafts? \n\nThey came in the bowels of boats, on crowded trains, walked for miles across mountains. They were turned away at ports, put in prisons, called invaders."
1317644326328061952,Diamondairre,2020-10-18 01:51:02+00:00,0,Jews,"Orthodox Jews Back Trump Over Biden by Huge Margin, 83-13 Percent, Poll Shows"
1270932396246892545,zaichishka,2020-06-11 04:14:30+00:00,0,Jews,"Still too subtle? Don’t make Jews yr poster children for polite protest or making the oppressor comfortable.\n\nDon’t tell Black people that they’re fighting 500 years of brutality, atrocity oppression the wrong way. \n\nDon’t want to be one of the guys saluting? Show up now."
1296376726642204673,TabithaH1M,2020-08-20 09:21:11+00:00,0,Jews,The Jews get the red white and blue Porsches.
1325394775181299713,IowaDeplorable,2020-11-08 11:08:33+00:00,0,Jews,"During the plandemic, the dems arrested Jews, Christians, small business owners, and Trump supporters, for gathering and not wearing masks.\n\nWe are to trust Biden now, to unite the nation? \n\n#NOPE"
1282460548186046466,awkward_alanna,2020-07-12 23:43:16+00:00,0,Jews,"I’m just so sick of people bringing up Palestine as if all Jews are responsible for the entire I/P conflict. I’m an American Jew, y’all know I don’t work for or have a say in the Israeli govt right? Jews don’t have to answer for Israel so stop trying to hold every Jew responsible"
1327153416645304321,madeIeina,2020-11-13 07:36:46+00:00,0,Jews,"stop comparing everything to the oppression of Jews, you don’t know what you’re talking about."
1221204094695755777,JonPegasus,2020-01-25 22:51:59+00:00,0,Jews,It appears the boy died in a tragic accident. But those who wanted to blame the Jews have spread their poison regardless. Left wing antisemitism is the same as right wing antisemitism is the same as medieval Jew hate. Irrational dangerous.
1320734127897849862,PatriotsRmaga,2020-10-26 14:28:48+00:00,0,Jews,"They threw rocks and eggs on the ""Jews for Trump"" demonstrators.\n\nThat's despicable. They are trying to terrorize conservatives into hiding.\n\nWe have 8 days to secure 4 more years for President Trump! Get out there and make it happen!"
1271030632290955264,theJingster,2020-06-11 10:44:52+00:00,0,Jews,"Fox News is where people who hate blacks, people who hate Jews, people who hate Gays, people who hate Latinos, and people who hate Muslims can all gather to pretend they are just people who hate Liberals."
1323687568475594760,thejewfunction,2020-11-03 18:04:43+00:00,0,Jews,Jews still sleeping\nNazi forces awakening\nRadical Islam spreading\n\nDoesn’t seem like things will turn for the better for Jews in Europe America\n\nHowever promoting #unity and brotherhood is a sure remedy to all of our problems.\nStart to think good about one another
1264348131703033857,WineandHair,2020-05-24 00:10:59+00:00,0,Jews,"Hang on, is it NOT common knowledge amongst ppl in the west that christians, Muslims and Jews actually believe in the same god"
1278437801286152192,ReneeEskenazi,2020-07-01 21:18:18+00:00,0,Jews,"I just want a president who does not tweet or sell on his site a nazi eagle, a nazi triangle, or attack Jews, Blacks, Asians, Hispanics or RT white racists every fcking day. Is that too much to ask?"
1276605345075466241,erhosi2,2020-06-26 19:56:47+00:00,0,Jews,I pass a lot. Jews occupy a special cubby in the locker room of accept/extinguish in the world. My grandmother fled the pogroms of Russia. My great grandmother was smuggled out of Romania in a hay wagon and nearly impaled when the border guards stabbed the hay with bayonetes.
1278723555862155269,GNabi_Eurocabs,2020-07-02 16:13:47+00:00,0,Jews,"I feel sorry for Orthodox Jews. As the more visible members of the Jewish community, it is they who are more likely to suffer anti-Semitic attacks. The irony is that they are also more likely to support Palestinian rights and be critical of the Israeli government's actions."
1221584516818620416,davidalove,2020-01-27 00:03:39+00:00,0,Jews,"When you equate anti-Zionism with anti-Semitism, you also equate being a Zionist with being pro-Jews. Keep that in mind"
1309826373519912964,glasgowliz58,2020-09-26 12:05:17+00:00,0,Jews,"I was a hairdresser in an upper-middle-class San Diego neighborhood. It happened to be the home of many European Jews. My clientele was 80% Jewish immigrants, many wore the tattoos of the camps they had survived. Some talked about it, some didn't. I was always willing to listen."
1340685004528082947,afrodesiaq,2020-12-20 15:46:28+00:00,0,Jews,sorry white jews are still pretending it's antisemitism to state the plain fact that jewish people can AND DO work to uphold white supremacy? STILL? it's 5781 this is tired.
1297230238582296576,MEYSAMZM,2020-08-22 17:52:44+00:00,0,Jews,"To prove the role of the Jews in the martyrdom of Imam Hussein (AS), it is enough that Mu'awiyah ordered his son Yazid not to have anything to do with Hussein ibn Ali and not to harass him, because \n#Hussain \n#حبيبي_حُسين"
1318323802959466498,ehandsman,2020-10-19 22:51:02+00:00,0,Jews,"The only anti-semitic trope even remarkably close to shouting ""piggy Morty"" involves Jews ingesting or, doing other... unmentionables w/ pigs. This connection is a major stretch of the imagination."
1334026142374879233,IslaamWins,2020-12-02 06:46:32+00:00,0,Jews,"Another lie kaafirs love to perpetuate is that Muslims kill children when they go to war.\n\nBut this screenshot proves that it was THE LAW for boys to join wars when they reached adulthood. Jews, Romans, Persians. Arabs. Same rule. They became active combatants in these wars."
1321485135737487362,subvversion,2020-10-28 16:13:03+00:00,0,Jews,jews have been on the frontlines of movements for justice forever bc fighting for a more just world is what we do. that is literally the whole purpose of judaism. but when we’re experiencing the greatest rise in antisemitism in decades no one cares but us
1248025509050580994,retrofandango,2020-04-08 23:10:43+00:00,0,Jews,"Jews have endured for thousands of years and multiple attempts to annihilate us. We know about affliction. We know about the banality of evil. We will celebrate our resilience this #Passover, separated from each other, but with our principles of family and tradition intact."
1309160133004591105,TomWojcik,2020-09-24 15:57:53+00:00,0,Jews,"The model of the entire class is “See this footage of Jews being loaded into cattle cars? Here’s footage of German POWs being sent to Siberia. Pretty similar, huh?”"
1226081447368413185,MAJN_OO_N,2020-02-08 09:52:51+00:00,0,Jews,"About the Bani Nadir Jews, Quran says that #God struck the enemies a blow from where they didn’t expect it.\nThe same happened in the Air Force Commanders pledging allegiance with Imam, believers were empowered from where they didn’t expect it. This is “unexpected provision.”"
1295912803073757185,rlmhitman5447,2020-08-19 02:37:43+00:00,1,Jews,"(Acts 29:23164) AND SO THE WHITE PEOPLE began calling themselves ""WHITE JEWS"" like today, that inhabit devil's murderous White Supremacist White Superiority Nazi Gestapo Hitler Israel of the Middle East, still demon Communist guided today, the WHITE JEWS impostor fraud people,"
1228248528503365632,hagbard2,2020-02-14 09:24:03+00:00,1,Jews,"Here is a question for the leadership candidates \n\n“Do you condemn apartheid in Israel/Palestine, where Jews and Palestinians are granted different civil and human rights?”"
1286498267887362048,keerthinarayan8,2020-07-24 03:07:43+00:00,0,Jews,"++ that resembled this ancient symbol for well being. This hooked cross was made the symbol of persecution of Jews, again.\n\nAnother white racist Christian misnamed this hooked cross as Swastika - because, we Hindus are a beastly people with a beastly religion.\n\nThat is how ++"
1343839321959378944,RationalSettler,2020-12-29 08:40:36+00:00,0,Jews,"International consensus has been wrong many times. Just because it’s popular doesn’t mean it’s correct.\nFor 2,000 years the world said the land of Israel doesn’t belong to the Jews.\nThey were wrong.\nThe world is wrong today when it says the Jews have no rights to Judea Samaria."
1229304308639752192,FriEric,2020-02-17 07:19:21+00:00,0,Jews,"Just wanna say that Jews have been saying Richard Dawkins was dangerous for a long time. He has written about what we believe without ever consulting us. Any time I've said this I've been met with a resounding """"\n\nSeeing a lot of takes excusing his ""theological"" work"
1221909764508008448,danny_zukou,2020-01-27 21:36:04+00:00,0,Jews,It is #HolocaustMemorialDay. \n\nThe Nazis targeted \n\nJews\nRomani people \nDisabled people \nQueer and trans people\nPeople with the “wrong” political beliefs \nSlavs\nand others. \n\nNever again means we all have to stand together when any of us is under attack. \n\nNever again is now.
1320347933586427905,sadiqful_,2020-10-25 12:54:12+00:00,0,Jews,"If you talk about Jews, you’re anti Semitic.\nIf you criticize gays, you’re homophobic \nIf you make fun of colored people, you’re racist\nBut when you insult our prophet, you’re practicing your right as part of your freedom! \n\nYour freedom ends when you start offending others!"
1242215269474410497,InstPileckiego,2020-03-23 22:22:54+00:00,0,Jews,"Antoni Prusiński and Piotr Leszczyński died for helping Jews, on 15 May 1943.\n\nThe Pilecki Institute commemorated them in the #CalledByName project."
1317504642612420609,tIvsun,2020-10-17 16:35:59+00:00,0,Jews,"the more you read about how much jews had to sacrifice, risk their lives, live in fear, escape, sometimes die for their jewish identity to not be taken away the more unbelievable it is that so many jews remained."
1329136918932590592,Fink_The_Mouse,2020-11-18 18:58:30+00:00,0,Jews,"jews have been simultaneously depicted as money hungry pigs and leeches of society, the creators of capitalism as well as the creators of communism, for hundreds of years."
1281106051790766080,recoonone,2020-07-09 06:00:59+00:00,0,Jews,"If this bothers you, you can just admit you hate Jews. We’ve always been hated but nobody’s afraid to do it openly nowadays"
1221832546121633792,JSeulement2019,2020-01-27 16:29:14+00:00,0,Jews,"Today, on #HolocaustMemorialDay, we remember the six million Jews and millions of others who were persecuted and murdered by the Nazis. It is in their memory that we continue the fight against anti-semitism and other discrimination. #NeverAgain"
1271562978391986176,NigelHPeet,2020-06-12 22:00:13+00:00,0,Jews,A Jewish man was stabbed in London today. No outrage. No protests. No mayoral hullabaloo. \n\nJews are the wrong type of minority. \n\nThe racist hierarchy of woke anti-racists.
1221834618116149248,LawrenceLeritz,2020-01-27 16:37:28+00:00,0,Jews,"On Holocaust Remembrance Day, we remember the six million Jews and other victims of Nazism.\n\nWe honor their memories by speaking out against anti-Semitism, injustice, and hatred in all forms. Never Again."
1272530446199320577,digestibleghost,2020-06-15 14:04:35+00:00,0,Jews,If it makes you feel better to call me angry instead of listening to Jews of color go ahead but all you’re doing is proving my point and not dealing with the problem. - I’m just venting from a comment on the inter webs.
1239671988081307648,TheCoachAdair,2020-03-16 21:56:48+00:00,0,Jews,"Fox News literally compared Trump supporters to German Jews in the 1930s. They really don’t get it. Some of the biggest, unforgivable scumbags on the planet."
1318900600482967552,Boothaler,2020-10-21 13:03:01+00:00,0,Jews,"""Imagine being a German in the 1930s and saying, 'I don't hate Jews and I have nothing against them and I'm a nice person. But I believe Hitler is doing great things for the economy and even though I don't condone everything he says, he still has my vote'."""
1221868319327903746,Lagold84Linda,2020-01-27 18:51:23+00:00,0,Jews,"On Holocaust Remembrance Day, we remember the six million Jews and other victims of Nazism.\n\nWe honor their memories by speaking out against anti-Semitism, injustice, and hatred in all forms. Never Again."
1271617066454462465,GM_RayKeene,2020-06-13 01:35:08+00:00,0,Jews,A Jewish man was stabbed in London today. No outrage. No protests. No mayoral hullabaloo. \n\nJews are the wrong type of minority. \n\nThe racist hierarchy of woke anti-racists.
1221710626948558848,EmmaWhysall,2020-01-27 08:24:46+00:00,0,Jews,"75 years after the liberation of Auschwitz, we remember the 6 million Jews murdered by the Nazis and all Nazi victims, including Roma, gay and disabled people. On this special #HolocaustMemorialDay we recommit to fight hatred and prejudice everywhere. #Auschwitz75 #StandTogether"
1249766308809281536,One_Of_His,2020-04-13 18:28:02+00:00,1,Jews,"Revelation 3:9 KJV\n\nBehold, I will make them of the synagogue of Satan, which say they are Jews, and are not, but do lie; behold, I will make them to come and worship before thy feet, and to know that I have loved thee.\n\nThingsJesusSaid"
1279433730382352384,buildpowernow,2020-07-04 15:15:46+00:00,0,Jews,"...Be they Jews Christians Muslims Agnostics...gay, be they straight whatever you are doing with your life now that death has claimed you with this virus your life and your death has been raised you are considered martyrs by Prophet Muhammad (PBUH) #Farrakhan #MessageToTheWorld"
1303820937901436928,TrueAnonPod,2020-09-09 22:21:50+00:00,1,Jews,"Jews in 1907: Planning World War One, Inventing Bolshevism, pre-writing German Surrender Documents, inventing anal sex in a graveyard in Prague, creating Newspaper \n\nJews in 2020: ummmmmmmmmmm hehe anyways here’s a video :)"
1295951076953333772,WaterflowerM,2020-08-19 05:09:49+00:00,0,Jews,People get upset when some Muslims compare our plight/current situation to Jews in Europe circa 1920s/early 1930s. But the president tonight praised/endorsed a woman who calls Islam a ‘cancer’ demands Muslims be banned from public office. And most journalists have said nothing.
1298716274600501249,jacob_yaakov,2020-08-26 20:17:43+00:00,0,Jews,"Identity is complex, and Jewish identity even more so. The differences in culture developed through diaspora have led to rich and interesting sub-cultures. As Jews, we have prayed for return to Israel and rebuilding of Jerusalem ever since we left."
1306361366744166401,Living400lbs,2020-09-16 22:36:35+00:00,0,Jews,"Also white nationalists are super into the idea that the real country of all American Jews is Israel because they would like us all to go away and be there, and not here."
1305054843984400386,dambeebu,2020-09-13 08:04:56+00:00,0,Jews,"Then Pilate asked Jesus “Are You the King of the Jews?”\n\nHe answered and said to him, “It is as you say.”\nMark 15:2"
1288207786913009666,angeliqstar,2020-07-28 20:20:44+00:00,0,Jews,"WHEN antisemitism will become a problem to you? \n\nWHEN someone will say things like ""jews don't deserve to live"" ""jews are nasty"" next to you?\n\nWHEN someone will stab the person who sit next to you only because they're jewish and leave you alone?\n\n WHEN?\n\n#NoMoreAntisemitism"
1221869378817445890,CoughlinCaleb,2020-01-27 18:55:35+00:00,0,Jews,Today is Int'l #HolocaustRemembranceDay. Our world should #NeverForget that 6M Jews were murdered by Nazis in WW2. We should be concerned to see antisemitism on the rise be on guard against it. It's also a reminder that it is important to support the Jewish state of Israel.
1327351894902235142,AnecdotalWisdom,2020-11-13 20:45:27+00:00,0,Jews,"In a debate on the Middle East question, US politician Warren Austin exhorted the warring Jews and Arabs to sit down and settle their differences “like good Christians.”"
1318968945408356353,kpeak66,2020-10-21 17:34:36+00:00,0,Jews,"""Imagine being a German in the 1930s and saying, 'I don't hate Jews and I have nothing against them and I'm a nice person. But I believe Hitler is doing great things for the economy and even though I don't condone everything he says, he still has my vote'."""
1240046525998342144,JewishTweets,2020-03-17 22:45:05+00:00,0,Jews,Tip: Jews have lived in practically all habitable areas on earth. We owe a debt of gratitude to those countries who have hosted Jews peacefully.
1244989932273315842,sixpakabbs,2020-03-31 14:08:25+00:00,0,Jews,People who are not Jews of color should not be speaking over Jews of color on this.
1330625258978742273,JewishWonk,2020-11-22 21:32:38+00:00,0,Jews,"If Jews are telling you that other Jews are: \n\n-Insular and clannish\n-Only out for themselves\n-Ignorant and backwards\n-Spreading disease \n-Causing antisemitism\n\nThat's not analysis, that's internalized antisemitism."
1286630249204076544,EllenFagundes15,2020-07-24 11:52:10+00:00,0,Jews,HAVE YOU CONFESSED YOUR SINS? (Paul) solemnly testifying to both Jews Greeks of repentance toward God and faith in our Lord Jesus Christ (Acts 20:21).
1304064271408664577,KBtheFirst,2020-09-10 14:28:45+00:00,0,Jews,"So #Marxism is founded on a man who was Jewish but hated Jews, a racist, and who had zero significance while he was alive? So why are ppl worshipping at the house of Marx today?"
1322417285324173312,kunju7103,2020-10-31 05:57:04+00:00,0,Jews,"Charlie Hebdo would have zero guts to publish cartoons making fun of the holocaust (or Jews) or Mother Mary or LGBTQ community.\nLet's have a conversation on ""what's the big deal with the cartoons on Prophet Muhammad"" after that.\nThe world has resorted to bullying Muslims."
1234180622836523009,LaRoyaHMuhammad,2020-03-01 18:16:05+00:00,1,Jews,"Jesus knew that he came 2,000 years too soon. He came to remind the Jews, to cleanse them by the law of God given to them by Moses. #Farrakhan #NOISundays"
1335325040036941828,TomLondon6,2020-12-05 20:47:53+00:00,0,Jews,"MEMO to LABOUR MPs with ability to think independently\n\nPlease try and STOP what Starmer is doing\n\nDon't you see what is happening?\nCountless Jews are being suspended for ""antisemitism""\n\nThis is NOT really about antisemitism\n\nUntold harm is being done to Labour and to Jews in UK"
1296714092133089280,erikahannah_,2020-08-21 07:41:46+00:00,0,Jews,"we choose to not eat meat for easter, theres also ramadan for muslims, and passover for the jews. its all the same story, just a different narrative"
1276560019757162496,iluvdemocracy99,2020-06-26 16:56:40+00:00,0,Jews,"""No Zionists allowed""\n\nIt is back to the days of 'no dogs or Jews'. \n\nWe are hearing this messaging frequently - in hard-left spaces - such as in unions, at demos and on campus.\n\nThis anti-Jewish racism must be faced down and sent back to the toxic sewers where it belongs."
1221907378934861825,PeterSweden7,2020-01-27 21:26:35+00:00,0,Jews,Today is Holocaust rememberance day.\n\nIt is now 75 years since Auschwitz was liberated. \n\n6 million Jews and 11 million other were brutally murdered by the Nazis.\n\nHistory has showed us time and time again the evils of the far-left.\n\nIt is pure evil.\n\n#NeverAgain #Auschwitz75
1272794492324675584,mr_robmichael,2020-06-16 07:33:49+00:00,1,Jews,"Even if we get Biafra , we would still buy the best spots in Nigeria and control their economy like the Jews . Igbo guys na enye nsogbu"
1334790235918643202,mishtal,2020-12-04 09:22:46+00:00,0,Jews,It's Friday\n\n100 years ago Jews in Jerusalem were recovering from an anti-Jewish riot that killed 5 and injured 100s\n\nToday they welcome the Shabbat in the capital city of a Jewish state with over 9 million citizens\n\nThat's progress.\n\nShabbat shalom everyone -have a great weekend
1266202407916179458,kenyadad12,2020-05-29 02:59:13+00:00,0,Jews,IDIOTS want to have an my atrocity is more horrible than your atrocity LMFAO Jews Native Americans and Blacks shouldn't ever get involved in that bullshit discussion that leads absolutely nowhere and benefits absolutely no one LMFAO I've been treated worse than you LMFAO IDIOTS
1313994053776740352,ucanhavehimmp3,2020-10-08 00:06:09+00:00,0,Jews,"It’s much easier to blame Orthodox Jews for a contagious disease outbreak than it is to translate public health materials into Yiddish, recruit community leaders, and do community education on the disease"
1323381976850747392,angeliqstar,2020-11-02 21:50:25+00:00,0,Jews,"you know what's make me sad? that if it was church or mosque EVERYONE were talking about it, no one would stay silent, including celebrities. but who care about jews right?"
1245948241801367553,schrodeofficial,2020-04-03 05:36:24+00:00,0,Jews,I had to leave Austria due to the persecution of Jews. #disgusting
1270958626572730369,TORYtheGR8,2020-06-11 05:58:44+00:00,0,Jews,"I keep seeing this narrative here about how the Jews were passive and meek during the Holocaust, didn’t protest, and it makes me furious. It is wrong, it is dangerous, and it is harmful af. \n\n1/x thread"
1337959035962863616,charlielabeija_,2020-12-13 03:14:26+00:00,0,Jews,How do y’all really be silly enough to say Jews run the world when your laws and society have been shaped by European Christianity for centuries at this point? Christians enslaved you but Jews are the world’s evil... lmao
1255123752418934790,PMJ_documents,2020-04-28 13:16:36+00:00,0,Jews,"Initially, the Nazi regime pursued a policy aimed at mass emigration of Jews from Germany. Successive measures disenfranchising Jews were intended to make life unbearable for Jews in Germany and force them to emigrate. (2/6)"
1313679321156874240,prince_churro,2020-10-07 03:15:31+00:00,0,Jews,Antisemitic Christians view Jews as little more than a plot device in Jesus' origin story and treat us as such. Toxic fandom 101.
1299818450051792896,Aliaa_fuo,2020-08-29 21:17:22+00:00,0,Jews,Imam Hussein (AS) is the same person whose martyrdom in Karbala is predicted in the book Nabuid_Hild of the Jews and in that book he is called the best creation of God. The same person who is described in the Christian Bible as a famous victim.\n#Hussain
1328451705973903360,TPMikeJ,2020-11-16 21:35:42+00:00,0,Jews,"BREAKING: Orthodox Jews are asking the United States Supreme Court to block Cuomo’s coronavirus restrictions on houses of worship, accusing Cuomo of having a “‘discriminatory object’ of targeting Orthodox practices.”"
1325388710209331200,yomgqashiyo,2020-11-08 10:44:27+00:00,0,Jews,"Every time the SA-Indian question comes up, I always think about how the Irish became white (vs how the Jews became white) in the US.\nIndians in SA pursued the same approach as the Irish of ""we are not like the nigg**s"" but drawing differences between them and the k*ff*rs."
1245744149069844480,mshehuabuja,2020-04-02 16:05:24+00:00,0,Jews,"Just like God appointed King Cyrus to help Jews fight Babylon, Malaysians fought Imam of Pigs for Nigerians. They did a thorough job worthy of commendations. Sometimes, you just allow God fight for you. He never disappoints. May God disgrace every Imam of Pigs in your life!"
1301184008039079936,Static_TXT,2020-09-02 15:43:37+00:00,0,Jews,"ATTENTION NON-JEWS OF TWITTER:\n\nHere is a thread of super important Jewish days coming up that, if you are in charge of scheduling things, you should definitely avoid - assuming, of course, you want to be thoughtful for your Jewish friends and co-workers."
1256463929846398976,HelenofTrog,2020-05-02 06:01:59+00:00,0,Jews,"Go and consult a copy of the Torah for what it teaches ALL of us Jews. Urgently. \n\nIn the case of the worst culprits on here, I've never come across such a bunch of disgusting hypocrites in my life."
1289277157877805056,RedBirdRight,2020-07-31 19:10:02+00:00,0,Jews,"According to Twitter, it is perfectly acceptable for Iran to call for the open murder of Jews but a handful of credible certified doctors aren’t able to share good news about saving lives from the Chinese Virus\n\n"
1261674056518172673,mmcmartin2,2020-05-16 15:05:10+00:00,0,Jews,How many Jews would have been saved in WW2 if Israel existed EARLIER - and the Jews - who had nowhere to run to - had a national home?\n\nThe TRUE 'crime against humanity' is not of course that Israel exists today - but that so many spent the 1920s and 1930s delaying its arrival.
1282402005324107777,believeJesus123,2020-07-12 19:50:38+00:00,0,Jews,"1 Corinthians 12:13-14 (KJV) For by one Spirit are we all baptized into one body, whether we be Jews or Gentiles, whether we be bond or free; and have been all made to drink into one Spirit.\nFor the body is not one member, but many."
1275189135830122496,MausAllison,2020-06-22 22:09:16+00:00,0,Jews,"Imagine being German in the 30s like “I dont hate Jews, not one bit! Nothing against them. How dare you imply that, IM A NICE PERSON!! But that hitler is doing great things for this economy, you can’t deny that, so he’s getting my vote”.... \n\nthat’s what you fucking sound like"
1318790122096140288,dsnyder814,2020-10-21 05:44:01+00:00,0,Jews,"""Imagine being a German in the 1930s and saying, 'I don't hate Jews and I have nothing against them and I'm a nice person. But I believe Hitler is doing great things for the economy and even though I don't condone everything he says, he still has my vote'."""
1221849853938016261,FoxxyGlamKitty,2020-01-27 17:38:00+00:00,0,Jews,It is #HolocaustMemorialDay. \n\nThe Nazis targeted \n\nJews\nRomani people \nDisabled people \nQueer and trans people\nPeople with the “wrong” political beliefs \nSlavs\nand others. \n\nNever again means we all have to stand together when any of us is under attack. \n\nNever again is now.
1304561924739391488,DannyCloyd3,2020-09-11 23:26:15+00:00,1,Jews,The whole damn government is a pack of catholics with jews hiding in their closets..
1276231042878320640,AnneLaird15,2020-06-25 19:09:26+00:00,0,Jews,Today has seen Jews reduced to a political football (again) to attack the left (again).\n\nTo all Jewish Communal Organisations celebrating this blatant partisan opportunism - have some self-respect!
1330929464646266886,josephgrant423,2020-11-23 17:41:26+00:00,0,Jews,"Keeping Charlie's legacy alive. - TeamCDB/BW\n\n""To the Jews who had believed him, Jesus said, “If you hold to my teaching, you are really my disciples. Then you will know the truth, and the truth will set you free.”” - John - John 8:31-32 NIV"
1319802604038332416,TheCorndogKid,2020-10-24 00:47:16+00:00,0,Jews,"Disappointed in Jews that support trump. What part of Tikkun Olam comes from supporting this putrid sack of lies, greed and division? Shame."
1270527918523904001,amareno4him,2020-06-10 01:27:15+00:00,0,Jews,"Esther 9:2-4 The Jews assembled in their cities throughout all the provinces of King Xerxes to kill those who were planning to harm them. No one could stand up against them, because all the people were terrified of them."
1296167839066402819,HotWeatherIsBad,2020-08-19 19:31:09+00:00,0,Jews,"Anyway, the point of texts like the protocols of the elders of zion is to claim that capitalism run by a secret cabal of rich Jewish people and if you just get rid of the Jews we can 'go back' to a more 'heroic' time without credit and debt or whatever."
1264087670025678848,AfiqJ86,2020-05-23 06:56:00+00:00,0,Jews,"Orang yang dok minta 'bukti' kes 1MDB ni reminds me of surah Al Baqarah in the Quran, when the Jews then asked Allah about what kind of cow to find in order for them to resurrect a dead man and find out who killed him. They could have slaughtered any cow, but they keep deflecting"
1255948938617720838,gniluapnawak,2020-04-30 19:55:36+00:00,0,Jews,"At least the GOP is honest. They'll let you know they hate Blacks, Latinos, Gays, Jews and Women. Their policies tell you that. \n\nThey know that scared whites will vote R, because of guilt, fear, racial insurance, and spite.\n\nWhat's the far left's excuse?"
1357201397838618624,AbhinavAshesh2,2021-02-04 05:36:43+00:00,0,Jews,"""Sending Jews to concentration camps is our internal matter. External forces can be spectators but not participants.""\n\n- Hitler"
1376725451553570819,shakirah_its,2021-03-30 02:38:20+00:00,0,Jews,"Quiz Time! Which Companion bought a well in Madinah from the Jews, in order for the Muslims to drink from it freely?"
1349543734506098688,RockBottomTits,2021-01-14 02:27:54+00:00,0,Jews,"2016: LOCK HER UP\n2017: FUCK YOUR FEELINGS, WE WON\n2018: JEWS WILL NOT REPLACE US\n2019: GIVE ME DIRT ON BIDEN OR WE CUT YOU OFF\n2020: STOP THE STEAL\n2021: please can we have unity?\n\nRepublicans are full of shit."
1354501223718801411,ToddDForeman,2021-01-27 18:47:11+00:00,0,Jews,"Today—on International Holocaust Remembrance Day—we remember the six million Jews, and the Roma and Sinti, Slavs, disabled persons, LGBTQ+ individuals, and many others, murdered by the Nazi regime and its collaborators."
1348716777212141579,roysheppard50,2021-01-11 19:41:52+00:00,0,Jews,The Jews who continue to align themselves with fascists break my heart. They would turn on you in a heartbeat
1352688564161675266,jacremes,2021-01-22 18:44:20+00:00,0,Jews,"At a time when actual Nazis are murdering Jews in synagogues and leading insurrections at the Capitol, it is just baffling that Andrew Yang would compare BDS to violent fascists (while playing into dangerous dual loyalty tropes).\n\nCome on. You can oppose BDS without doing this."
1371758844033040386,JephyRoberts,2021-03-16 09:42:49+00:00,0,Jews,Also: accurate depiction of the average amount of Matzah that Jews consume during passover.
1386694646865203209,sewpc123,2021-04-26 14:52:22+00:00,0,Jews,"The real context of the picture was as follows:\n\nOn July 26, 2015, Judaism marked the destruction of the two Temples. It's a day (25 hours) of fasting introspection. That is the day the Arab terrorists chose attack the Jews, throwing stones Molotov cocktails."
1357134401771954177,CristineAlbanes,2021-02-04 01:10:30+00:00,0,Jews,Ilhan Omar didn't incite a terrorist attack on America and then claim jews were controlling space with lasers. Faux outrage by GOP in order to protect Marjorie.
1347404972716032003,hebrewhustla,2021-01-08 04:49:13+00:00,0,Jews,"Growing up Jewish I have encountered a lot. \n\n""The holocaust is a hoax""\n\n""Jews were born to be slaves""\n\n""Theres no such thing as Jewish blood"" \n\nIm not normally vocal about my heritage because of this but it's time to stand up. \n\nWe must abolish white supremacy. Stand united."
1355618686770569219,DarrylRichard9,2021-01-30 20:47:35+00:00,0,Jews,"It’s 2021, a Republican member of Congress has literally just said Jews are controlling space to start wildfires in California and NOT ONE REPUBLICAN has said anything. Truly disgraceful. She should resign or be expelled. Unfathomable."
1383604534048559113,ryliekeeping,2021-04-18 02:13:21+00:00,0,Jews,"I don't often speak for all Ontario Jews, but when I do, it's to tell everyone else in my province to stop comparing the new COVID restrictions to Nazi Germany. \n\nJUST. STOP. IT."
1374926344694464512,MortonAKlein7,2021-03-25 03:29:20+00:00,0,Jews,Why do antizionist Jews who deny any and all Jewish connection to Israel constantly obsess over Israel? I don’t understand the hypocrisy.
1384154312893374478,mangotree_books,2021-04-19 14:37:59+00:00,0,Jews,"You know who, as a female priest, I get harassed by? Christians. Not Jews, not Muslims, not atheists, not Pagans. Christians, every damn time. And we wonder why church decline is a thing? I'm a PRIEST and I consider leaving because of fellow Xians. We're our own worst enemies."
1379870834756624387,Betsy_AJ,2021-04-07 18:56:58+00:00,0,Jews,"American Jews: Why aren't teachers back in school? Poor kids are falling further behind every day.\n\nRandi Weingarten: “What I hear when I hear that question is those who are in the ownership class now want to take that ladder of opportunity away from those who do not have it."""
1354504224302899201,AlexZur_,2021-01-27 18:59:07+00:00,0,Jews,"Today, on Holocaust Remembrance Day, we pledge to never forget the 6 million Jews murdered by the Nazis. At a time of rising antisemitism, racism, and xenophobia, we must recommit ourselves to fight against all forms of bigotry and intolerance."
1350466992688521221,MarkusaWFreedom,2021-01-16 15:36:36+00:00,0,Jews,In 1933 the German reichstag was set on fire. The Nazis used it as an excuse to persecute Jews and political opponents.\n\nIn 2021 the Capitol in USA was stormed. The Democrats/Corporate Fascists are using it as an excuse to persecute Conservatives and political opponents.
1381656712914948098,rositanorenius,2021-04-12 17:13:24+00:00,0,Jews,"In the white supremacist imagination, Jews can be cunning and Black people strong—the basic defaults of such hate—but it’s only the white man who combines all the virtues in correct proportion. This formula even allows the hater to imagine himself “open-minded.”"
1355246799473274893,NoWarButPsyWar,2021-01-29 20:09:50+00:00,0,Jews,Who among us *hasn't* gleaned from history that anti-Semites are always super chill about Jews just being normal human citizens going about their business
1353892441305313285,narhnarhquophie,2021-01-26 02:28:06+00:00,0,Jews,"Esther 4:2-3 and came even before the king’s gate: for none might enter into the king’s gate clothed with sackcloth. And in every province, whithersoever the king’s commandment and his decree came, there was great mourning among the Jews, and fasting, and weeping, and wailing;"
1369835854798217217,lseefeldt3,2021-03-11 02:21:32+00:00,0,Jews,"I’m an Italian and a Jew.\n\nMussolini was a fascist dictator in league with Adolf Hitler, who murdered six million Jews.\n\nMarjorie Taylor Greene can get lost."
1377190441817415681,CorbynForever,2021-03-31 09:26:02+00:00,0,Jews,"I don't see the need for all these long-winded ""definition"" documents. I agree with Tony Greenstein: the dictionary definition of anti-Semitism is all you need: hatred of or prejudice against Jews as Jews."
1361858553443680257,HelenBenson1,2021-02-17 02:02:35+00:00,0,Jews,"The people who’ve tried to silence me are the anti-Corbyn brigade. \n\nThey’ve used Lawfare, false accusations of anti-Semitism, accused me of keeping “lists of Jews” and have vexatiously reported my Twitter account. \n\nSo, no lectures from them when it comes to “silencing” people."
1346891530766852097,dupas_francois,2021-01-06 18:48:59+00:00,0,Jews,"Hate mail today: ""A great day for negroes and jews"". Fact check: true. Also for working Americans of all races and religions. And for democracy."
1355710843648942080,anawrot06,2021-01-31 02:53:47+00:00,0,Jews,A Republican Congress member said Jews control space to start wildfires and not one Republican has said a word.
1356292881858879490,senojeisiam,2021-02-01 17:26:36+00:00,0,Jews,"HERE is a truth you won't get from MSM \n\nStarmer has suspended or expelled more Jews from the Labour Party than any predecessor\n\nLeft-wing Jews who support the human rights of Palestinians and deplore the words actions of the right-wing Board of Deputies, feel very unwelcome"
1361089086052794368,SiatomicMK,2021-02-14 23:05:00+00:00,0,Jews,"Ah yes, Pius V outed the jews \n\nEverybody be forgetting to read their history, don't they"
1385481952535498752,JubbShaun,2021-04-23 06:33:33+00:00,0,Jews,"I've long been concerned that the antisemitism smearing war could lead to more antisemitism. I've seen a couple of posts today relating to it that I thought were antisemitic.\n\nIt's the right-wing PLP and the media who did this to our country, not 'Jews'."
1358621666339917827,NoDiplomat,2021-02-08 03:40:21+00:00,0,Jews,As I get older I find that I have less and less patience to calmly explain Israel and Zionism to anti-Zionists. I increasingly rely on Ephraim Kishon's great saying that while sadly Israel did not cure the world of antisemitism it did empower Jews to tell antisemites to shove it.
1350235410606268419,MarthaLynneOwe1,2021-01-16 00:16:22+00:00,0,Jews,"In regards to GOP congresspeople feeling afraid for their lives: perhaps you didn't have your grown sons call you the night of the 2016 election, asking if we (as Jews) will be safe here now. Maybe you didn't hear your husband tell the family to get their passports in order /1"
1345858573729992704,Who_IsM,2021-01-03 22:24:23+00:00,0,Jews,"Irony cynicism of Bibi Netanyahu is trying to convince and courtship Arab Jews / Arab Israeli's , for coalition attempt in the next general election that will swing by in March probably\nWhat he may not encounter the popularity of Yaron Zelekha New Economic Party - Centre Left"
1355610736345669638,Jean990008,2021-01-30 20:16:00+00:00,0,Jews,"It’s 2021, a Republican member of Congress has literally just said Jews are controlling space to start wildfires in California and NOT ONE REPUBLICAN has said anything. Truly disgraceful. She should resign or be expelled. Unfathomable."
1365488105378230278,gw_parsons,2021-02-27 02:25:08+00:00,0,Jews,"At least 1.3 million people were deported to Auschwitz: 1,1 mln Jews, 140k Poles, 23k Sinti Roma, 15k Soviet POWs 25k others incl. almost 400 Jehova's witnesses and at least 77 homosexuals. Some 1,1 million people were murdered in Auschwitz, 90% of the victims were Jews."
1354536432715636739,IronsideNk,2021-01-27 21:07:06+00:00,0,Jews,"Today—on International Holocaust Remembrance Day—we remember the six million Jews, and the Roma and Sinti, Slavs, disabled persons, LGBTQ+ individuals, and many others, murdered by the Nazi regime and its collaborators."
1355205834939236357,immiserabelle,2021-01-29 17:27:04+00:00,0,Jews,"I wonder if the Jews who proudly brag about gatekeeping Judaism denying the validity of fellow Jews think that they are performing mitzvot. I know they know it’s cruel unnecessary. They’re bullies who do not care for others, so I wonder if their excuse in their minds is this"
1347381860217847809,caranthirs,2021-01-08 03:17:23+00:00,0,Jews,can we be critical of our community? yes. and we should be. but pretending that orthodox jews are not some of the most at risk for antisemitic attack and blaming them for community problems so that you can distance yourself is literally so brain dead i cannot even begin
1346020030216073222,laguiri,2021-01-04 09:05:57+00:00,0,Jews,"I keep seeing this narrative here about how the Jews were passive and meek during the Holocaust, didn’t protest, and it makes me furious. It is wrong, it is dangerous, and it is harmful af. \n\n1/x thread"
1365839380544430081,meitalabraham,2021-02-28 01:40:59+00:00,0,Jews,Jews are indigenous to Judea.
1380061837731975168,idk_gene,2021-04-08 07:35:57+00:00,0,Jews,"CW: antisemitism, hate crime, violence \n\nOn Wednesday an Orthodox Jewish family, including a 1 year old baby, were slashed by an attacker in downtown Manhattan. This was one of multiple horrific attacks against Jews this year alone. They aren’t random. They’re targeted. 1/"
1355165540453642240,lovinurvibe,2021-01-29 14:46:57+00:00,0,Jews,"Seriously, the Jewish Space Laser trend is terrifying. Its an extention of the white supremacist conspiracy that powerful Jews are using Muslims, immigrants, Black people ( now lasers) to destroy ""Western"" (White) civilization. Hate that was fringe is now mainstream. Thanks GOP."
1357410088793722880,traceynichols5,2021-02-04 19:25:59+00:00,0,Jews,First McCarthy Era: A Communist under every bed. Second McCarthy Era: Jews with space lasers who drink baby’s blood around every corner.
1354508225752813568,beemused55,2021-01-27 19:15:01+00:00,0,Jews,"Today—on International Holocaust Remembrance Day—we remember the six million Jews, and the Roma and Sinti, Slavs, disabled persons, LGBTQ+ individuals, and many others, murdered by the Nazi regime and its collaborators."
1357000440978759683,jshgdmn,2021-02-03 16:18:11+00:00,0,Jews,"Neo-Nazis are murdering Jews in synagogue and far-right, antisemitic members of Congress are enabling violent insurrections in our Capitol. There is no actual equivalent on the left. I fear that some will both-sides the Jewish American community to death."
1359024046831239168,SarahFBKrishef,2021-02-09 06:19:16+00:00,0,Jews,"“Bad Jews” by joshua harmon is overwhelmingly emotional, I’ve never quite gotten why it’s a comedy"
1357056249553059841,Nav_Sandha,2021-02-03 19:59:57+00:00,0,Jews,"""Sending Jews to concentration camps is our internal matter. External forces can be spectators but not participants.""\n\n- Hitler"
1347056664537653253,ibitironman,2021-01-07 05:45:10+00:00,0,Jews,"Jews, (especially jewish BIPOC) also have a right to be fucking scared when people are flying nazi flags and wearing “camp auschwitz” clothing at the US capitol. These people are the biggest threat to us and to SO many other marginalized groups."
1355301235805614081,EldritchThembo,2021-01-29 23:46:09+00:00,0,Jews,"Look, non-Jewish friends, I want you to understand that yes, the space laser thing is funny and ridiculous and a lot of Jews are joking about it \n\nbut it's also hella scary that an elected US leader is out there preaching antisemitic conspiracy theories and hasn't been recalled"
1385287089886044164,JamieBroussard9,2021-04-22 17:39:14+00:00,0,Jews,"When I wonder how long we’ll be in #COVID lockdown, I think of my:\n\n-Wife, then 16, hiding for weeks in Libya in 1967, as mobs searched for Jews\n\n-Mom, as a teenager, fleeing Nazis in France\n\n-Dad fighting Nazis 1939-1945\n\nThey had it worse. I’m always inspired by their strength."
1361532842770132996,tristanbergh,2021-02-16 04:28:20+00:00,0,Jews,Scholars Jan Grabowksi and Barbara Engelking were found guilty of defamation in Poland for their book documenting Polish behavior towards Jews during the Holocaust. Prof. Grabowski will discuss his response to the verdict as well as its political and scholarly implications.
1355262101468688386,TalysAlankil,2021-01-29 21:10:39+00:00,0,Jews,"James Lindsay saying ""woke Jews"" are the cause of far right antisemitism directly plays into and emboldens existing beliefs within white nationalism that Jews are secretly promoting LGBT rights in order to lower white birth rates.\n\nThe fool. The absolute clown car."
1358766615119208448,CanfieldKenny,2021-02-08 13:16:20+00:00,0,Jews,"Herzl’s view that antisemitism was ‘the force we need’ for a Jewish national revival was anathema to the assimilated German Jews represented by the C.V.\nIn Germany even after 1933, the C.V. feared that Zionism endangered the standing of German Jews as loyal patriots."
1374692887812829186,CatholicEdu,2021-03-24 12:01:39+00:00,1,Jews,"JN 8:31-42\nJesus said to those Jews who believed in him, “If you remain in my word, you will truly be my disciples, and you will know the truth, and the truth will set you free.”"
1356160902542753793,hrdwerefox1,2021-02-01 08:42:10+00:00,0,Jews,Come on Jews the space lasers are supposed to be for hair removal only
1381596222507651078,UNOHOWEDU,2021-04-12 13:13:02+00:00,0,Jews,"Tucker Carlson doesn't need to be fired or resign. Fox needs to yanked off the air, forever. They're a national security threat.\n\nWhen racist Tiki torch marchers chanted ""Jews will not replace us,"" it resulted in violence, mayhem, and death in Charlottesville. It was no accident."
1347908695649353731,DennisPerkins5,2021-01-09 14:10:50+00:00,0,Jews,Hey Josh Hawley. You seem outraged your name was used in the same sentence as Hitler. I'm sure you're aware that the mob you helped whip up had t-shirts saying things like 6 million Jews were not enough. Resign.
1367871044749570051,EJAZHUS4,2021-03-05 16:14:05+00:00,1,Jews,"SyednaMuawiyaBinAbuSufyanؓ\n was the person who acted on the orders of the Holy Prophet PBUH, expel the Christians Jews from the Arab Peninsula\n\n We Condemn Enemies of Sahabaؓ\n#وفاتِ_معاویہؓ_پرکونڈےکیوں ؟"
1376823894569443329,lionman47,2021-03-30 09:09:31+00:00,0,Jews,"30 March 1942 | The 1st transport of Jews from German-occupied #France arrived at #Auschwitz from #Compiègne camp with 1,112 people. Part of them were also interned in #Drancy. The transport did not undergo a selection process - all people were registered. 23 of them survived."
1362466168179744771,thomante,2021-02-18 18:17:02+00:00,0,Jews,That town had seen a lot of turmoil under relatively barbaric invasions since the Romans; generally Jews were tiring of oppression from Europe since the Makedons. ...
1387009953941102592,RosaViggo,2021-04-27 11:45:17+00:00,0,Jews,"26 April 1943 | A transport of 2,700 Jews deported from the ghetto in Thessaloniki in German-occupied Greece arrived at #Auschwitz. After selection, 445 men 193 women were registered in the camp. SS doctors sent the remaining 2,062 people to be murdered in gas chambers."
1358133494950612999,Gebirgsfritte,2021-02-06 19:20:32+00:00,0,Jews,"After attempting to annihilate the Jews in the Middle East by all out war, boycotts, embargoes, stabbings, shootings, suicide bombings, murdering Olympic athletes, hijacking planes, pushing disabled persons off boats, car rammings, kidnappings, launching rockets,"
1347496810667855874,Geetanjali1010,2021-01-08 10:54:09+00:00,0,Jews,"#HinduRashtra\nAround 50 Islamic countries. Nearly 15-20 countries with Christianity as official religion.\nIsrael, a nation for Jews. \n\nBut for 1.2 billion #Hindus not a single #Hindu nation."
1346817860878929920,ahoyvey,2021-01-06 13:56:15+00:00,0,Jews,For more clarity: Jews don’t believe in a heaven so insinuating that RBG is in some afterlife with all those guys is insensitive
1386733511688654849,MeDreggy,2021-04-26 17:26:48+00:00,0,Jews,"When I wonder how long we’ll be in #COVID lockdown, I think of my:\n\n-Wife, then 16, hiding for weeks in Libya in 1967, as mobs searched for Jews\n\n-Mom, as a teenager, fleeing Nazis in France\n\n-Dad fighting Nazis 1939-1945\n\nThey had it worse. I’m always inspired by their strength."
1372239404505255941,autogynamelia,2021-03-17 17:32:23+00:00,0,Jews,"In order for right-wing fascism to survive, it must establish a false equivalency between those who scream \n\n""Jews will not replace us!"" and those who yell \n\n""Get your violent, racist, white supremacist asses out of our neighborhoods!"""
1346372019559002113,Lithros,2021-01-05 08:24:38+00:00,0,Jews,"but god remembers love and finds a way to forgive\n\nin his infinite mercy he decides not to ""utterly destroy"" the jews\n\nthis is mostly because, even though the kingdom of israel sucks, those guys over in judah, they're alright"
1356043829632258048,Cunningone3,2021-02-01 00:56:57+00:00,0,Jews,Come on Jews the space lasers are supposed to be for hair removal only
1356034397678366721,MarkH98302968,2021-02-01 00:19:28+00:00,0,Jews,Come on Jews the space lasers are supposed to be for hair removal only
1379762094980096002,toddutterback,2021-04-07 11:44:52+00:00,0,Jews,7 April 1944 | A transport of 240 Dutch Jews deported from #Westerbork 625 Belgian Jews deported from #Malines arrived at #Auschwitz. SS doctors during the selection sent 484 people to gas chambers. 268 men 113 women were registered in the camp.
1358484219434070017,JCubivore,2021-02-07 18:34:11+00:00,0,Jews,I think the jews are playing sonic
1357024459807289344,shkh_2,2021-02-03 17:53:38+00:00,0,Jews,"""Sending Jews to concentration camps is our internal matter. External forces can be spectators but not participants.""\n\n- Hitler"
1348875806328631296,Neil_Brick,2021-01-12 06:13:47+00:00,0,Jews,"The Night of Broken Glass, or Kristallnacht, was a wave of violent attacks against Jews coordinated by the Nazi regime in November 1938. Nazi Party paramilitary groups and Hitler Youth carried out the attacks, but countless ordinary Germans watched and even participated."
1344946213712515072,iamtybello_,2021-01-01 09:58:59+00:00,1,Jews,"""Never will the Jews nor the Christians be pleased with you, until you follow their path.""\n\nQur'an 2:120"
1348456729927933954,oldskoolman,2021-01-11 02:28:32+00:00,0,Jews,"No, Wednesday was not like Kristallnacht, which involved the burning of nearly 300 synagogues, destruction of 7,000 Jewish businesses, deportation of 30,000 Jews to concentration camps, and hundreds of murders, all promoted and participated in by the unified German dictatorship."
1375976574038724609,Pat45701,2021-03-28 01:02:34+00:00,0,Jews,"Slavery was legal.\n\nDenying women the right to vote was legal.\n\nLocking Japanese people in concentration camps was legal. \n\nRefusing housing to Jews was legal. \n\nLegal does not equal right. \n\nJust because they passed a law does not mean that law is fair, just, or moral."
1360239202827403267,eyerighton18,2021-02-12 14:47:52+00:00,0,Jews,What was the first thing the Nazi's did to get ready for the extermination of the Jews\n\nA: They got the German population to hate the Jews by any means possible!\n\nToday: The Dems are trying like hell (by any means possible) to convince Americans that Trump supporters are evil
1368380370459238400,Haymarket_Old,2021-03-07 01:57:58+00:00,0,Jews,"Madison Cawthorn, in the gas chambers with the Jews and the Anarchists and the Romani and the non-cishets: BUT I WAS A GOOD FASCIST WHITE MAN \n\nFascists: Your legs were a little fucky so in the trash heap you go"
1377997658082566145,EldonStrom,2021-04-02 14:53:38+00:00,0,Jews,"The other day a Christian told me that the reason she doesn’t like Jews is because they killed Jesus.\n\nI was stunned by her ignorance.\n\nOur sin killed Jesus.\n\nYours, mine and hers."
1355117120330326017,emenikeemmanue6,2021-01-29 11:34:33+00:00,0,Jews,"Europe's ancient animosities;\n\n1. Jews - ""enemies within"".\n2. Arabs/Turks/Muslims - ""enemies at the gate"".\n3. Blacks - ""half child, half devil"".\n\nThere will be a Post-Covid 19 economic downturn populist politicians (especially in East/Central Europe) will play on these fears."
1361572250336563203,Ozywhzmnzizthis,2021-02-16 07:04:55+00:00,0,Jews,"White supremacist purveyors of slavery weren't trying to make black ppl white Hitler wasn't trying to give Jews the opportunity to conform to Aryan standards. The basis of their hate makes the ultimate requisite of that, literal transmutation, infeasible."
1355653905754034177,pfrusso,2021-01-30 23:07:32+00:00,0,Jews,"It’s 2021, a Republican member of Congress has literally just said Jews are controlling space to start wildfires in California and NOT ONE REPUBLICAN has said anything. Truly disgraceful. She should resign or be expelled. Unfathomable."
1377830736602914819,dust_to__dust,2021-04-02 03:50:21+00:00,0,Jews,"Love the fact that despite the jokes, Ben Sh*piro has not even mentioned the Lil Nas video because Jews aren’t weirdly obsessed with satan like Christians are\nNo Jew is gonna watch that video and think he’s messing with some higher power it is literally a music video"
1371104832178712576,MarkObando29,2021-03-14 14:24:00+00:00,0,Jews,"""But Festus, willing to do the Jews a pleasure, answered Paul, and said, Wilt thou go up to Jerusalem, and there be judged of these things before me?\n\nActs 25:9\n\nKing James Version (KJV)\n#AnswersFromTheBible\n """
1396966089708425218,SachinJ18276304,2021-05-24 23:07:24+00:00,0,Jews,RAISE YOUR VOICE. \nThat's what I want you to do.\nExtremists are targeting Jewish neighborhoods.\nAssaulting Jews.\nSharing antisemitic propaganda and gross lies about Israel to provide cover for their hatred.\nAntisemitism is a cancer wherever it takes hold.\nRAISE YOUR VOICE.
1394139820931223554,aaryaavart_in,2021-05-17 03:56:49+00:00,0,Jews,"Did Nobel laureate Malala Yousafzai talk about:\n\n1. Those Palestinian children who are taught to stab Jews?\n\n2. Jew girls for whom 'Rape Jew Daughters' was said by radicals in London today?\n\n3. Minor Hindu girls in Pakistan who are abducted, forcefully converted married off?"
1397743081823277056,SachKarlekar,2021-05-27 02:34:54+00:00,0,Jews,"To my fellow Jews...\n\nI have been warning you for years! It happened in Europe. Now it’s happening here.\n\nIf you want to stop antisemitism, you need to stop importing it from the antisemitic Islamic nations. Really fighting antisemitism means fighting antisemitic immigration."
1393777583414669317,TavishJain,2021-05-16 03:57:25+00:00,0,Jews,"Yes, Iron Dome saves lives. \n\nIt’s not as easy to kill Jews as in the old days. A lot of people seem terribly upset about this.\n\n #IsraelUnderFire"
1392320366807113732,dhande_piyush,2021-05-12 03:26:58+00:00,0,Jews,"An Indian citizen Soumya Santosh, working in Israel, killed by rocket attack by Hamas terrorists.\n\nDuring 26/11 Mumbai attack in India, Lashkar terrorists killed 6 Jews at the Chabad House.\n\nWe Indians are with Israel in fight against terrorism.\n\nIt's time to #StandWithIsrael."
1395701472545976322,IreadMad,2021-05-21 11:22:16+00:00,0,Jews,"If Jews really controlled the media, do you think we'd be doing such a shitty job at telling our own story?"
1430056929339092995,ClBear31,2021-08-24 06:38:35+00:00,0,Jews,"Qanon, the far-right conspiratorial network, is built upon antisemitism.\n\nIts supporters pose a serious threat to Jews and our democracy. We cannot allow this hate to grow.\n\nFollow AJC and stand with us against Jew-hatred!"
1395901358931206144,honeyfaetwt,2021-05-22 00:36:33+00:00,1,Jews,stop conflating jews all around the world with the horrific violent israeli occupation. you are being anti-semitic when you claim that all jews are a monolith in their unconditional support for a far right ultra nationalist ethnostate govt engaging in war crimes.
1426607430696411140,gailwmcdonald,2021-08-14 18:11:31+00:00,0,Jews,"14 August 1942 | A day at the German Nazi #Auschwitz camp: 712 Jews deported from Drancy were gassed at Birkenau, 60 Poles were shot at the execution wall of Block 11 at Auschwitz I 58 prisoners selected at the camp infirmary were killed with phenol injection into their hearts."
1431602872525938688,crusader4US,2021-08-28 13:01:37+00:00,0,Jews,"27 August 1943 | A transport of 205 Jews deported from a slave labor camp ""Märkische Stahlform-Werke"" in Eberswalde arrived at #Auschwitz. All were murdered in a gas chamber after the selection."
1419114842879836162,JacquelynNorm14,2021-07-25 01:58:39+00:00,0,Jews,"When fear and polarization tear America apart, we must bridge the divides to stand together in unity.\n\nJoin Muslims and Jews across the country in the fight against hate. Follow us today!"
1412494015367364610,GREGORYCWHITE2,2021-07-06 19:29:50+00:00,0,Jews,"Qanon, the far-right conspiratorial network, emerged in 2017 and is built upon antisemitism.\n\nIts supporters pose a serious threat to Jews and our democracy.\n\nWe cannot allow this hate to grow.\n\nFollow AJC and stand with us against hate."
1429538640640815107,Hoodview,2021-08-22 20:19:06+00:00,0,Jews,Keep seeing people mentioning 'woke Jews'\n\nIt is a misnomer.\n\nI can tell you this. If any Jew is more concerned about pronouns than the rise of Islamism and anti-Zionist antisemitism - then they are very much asleep.\n\nIn fact - 'comatose Jews' might be a more apt description.
1421844458413248520,ASfri013,2021-08-01 14:45:10+00:00,0,Jews,"1 August 1943 | From the liquidated ghetto in Będzin the Germans deported to Auschwitz some 10,000 Jews - men, women and children. After the selection, 997 men and 1140 women were registered in the camp. The remaining people were murdered in gas chambers."
1417511074186756105,ripwaterdog,2021-07-20 15:45:50+00:00,0,Jews,"I need my non-Jewish friends to understand something:\n\nIt's getting pretty fucking scary out here for your Jewish friends, especially us queer trans Jews. We need your help.\n\n\n\n1/"
1394606709981782017,Muhamma54935952,2021-05-18 10:52:04+00:00,1,Jews,"If #Germany really supports Israel then they should accomodate at least 6 million jews from Israel, the number they killed in the second world war! \n\nStop sending sweeping statements on Palestinian land and lives!\n\n#Free_Palestine"
1394618383962939393,YKartist_,2021-05-18 11:38:28+00:00,1,Jews,"So far from what I’ve read, I’ve gathered that Jews,Christians and Muslims all used to co-exist in Palestine for centuries and practised their respective faiths with no issues."
1388882923751886854,gabari_88,2021-05-02 15:47:47+00:00,0,Jews,"Father Mbaka is a patriot and deserves respect;the President should place a phone call and reconcile with him.People who believe in the Unity of this country should not be disgracefully pushed to the hands of separatists.Even Chinese,Arabs,Jews and Europeans are given contracts."
1425086166580224004,HenryAfam5,2021-08-10 13:26:33+00:00,0,Jews,"“The Ibo is quickest to learn: he is at home in an office, a factory, a Rotary Club or a ballroom. If the Ibo are 'clever' it is mainly because, like the Jews, they have had to be” - Walter Schwarz (NIGERIA: Pall Mall Press, 1968). It’s nothing to be hated for."
1398311262832848904,megaRaquza,2021-05-28 16:12:39+00:00,0,Jews,Today's news:\nFrench president Emmanuel Macron apologises for Rwandan massacre\n\nGermany again apologises for genocide in colonised Namibia\n\nIndian Savarnas as Dalits are still killed: Reservation is reverse-casteism. SC/ST Act oppresses us. Brahmins are like Jews in Nazi Germany
1405155653988098056,AdamGlantz,2021-06-16 13:29:49+00:00,0,Jews,"A handful of Israeli youths chanted ""death to Arabs"" it's all over the media\n\nOf course I condemn these despicable chants. It's terrible\n\nBut where's the media when Palestinians chant about attacking Israel or killing Jews, something that happens on a regular basis??\n\nHYPOCRISY"
1424439419877019653,noangelforme,2021-08-08 18:36:37+00:00,0,Jews,"“May their memory be a blessing…”\n\nSome people ask why Jews do not use RIP when referring to the deceased? \n\nRIP has it’s origins in Christianity. But there’s more. \n\nThe memory for a blessing is what a person leaves behind—a legacy, good deeds, good words, one’s teachings…1/"
1423014190126600192,pvsassone,2021-08-04 20:13:15+00:00,0,Jews,"4 August 1942 | A transport of 1,013 Jews (520 men 493 women) deported from #Westerbork camp in German-occupied Netherlands arrived at #Auschwitz. SS doctors sent 329 men 268 women to the camp. The remaining 316 people were murdered in a gas chamber."
1405268923243655173,Blackpi45721619,2021-06-16 20:59:54+00:00,1,Jews,IM A MUSLIM AND I WILL NOT STAY SILENT! I HAVE THE RIGHT TO SPEAK UP FOR MY RELIGION. PALESTINIANS literally throw rocks too protect themselves while Jews are throwing bombs at them..AND STILL PPL CALL PALESTINIANS TERRORIST
1392449308117643265,jkochar,2021-05-12 11:59:20+00:00,0,Jews,i went to zionist day school. i knew what the 'balfour declaration' was when i was 10. spent my 18th birthday on an IDF army base. for a few years i thought i would try to move jews away from zionism. in a lot of ways zionism just moved me away from judaism instead. shonda.
1427064434976043011,rubin_eric,2021-08-16 00:27:29+00:00,0,Jews,Where’s the squad when the taliban is murdering children or is Jews existing their only topic of conversation
1429813959285252101,DianeXavier12,2021-08-23 14:33:07+00:00,0,Jews,"They took part in the 1/6 Insurrection.\n\nThey marched in Charlottesville, yelling “Jews will not replace us”\n\nThey’re responsible for numerous outbreaks of violence across the country.\n\nIt’s past time to declare the white nationalist Proud Boys as a domestic terror group."
1410746018023370753,lmbs83,2021-07-01 23:43:55+00:00,0,Jews,WHY ALL DAY SHOWING JUST JEWS AND CONCENTRATION CAMPS AND THE FUCKED HIT-LER
1411832969392701445,_mrmilkmaniam_,2021-07-04 23:43:05+00:00,0,Jews,jewish mutuals/non-mutuals promote yourselves in the replies!! non-jews please retweet any and all comments made by jews!!
1393852120143732741,jmcest,2021-05-16 08:53:36+00:00,0,Jews,"Prosecution argued in court that Palestinian protests were racist antisemitic that they aimed “killing the Jews.” Courts served as an arm of the state in suppressing Palestinian protest. Judges ignored evidence of police violence assault, denial of legal counsel, etc. 9/fin"
1391544653208506369,TruthSavesUSA,2021-05-10 00:04:33+00:00,0,Jews,"Sadly, the Jews who escaped the Nazis, and returned to fight alongside the U.S. Army against Hitler — their children and grandchildren are having to fight the fascism and white supremacy their parents escaped from. \n\nRepublican Trumpism has NO PLACE in America. \n\n#60Minutes"
1416439508443320320,oldinvestor4,2021-07-17 16:47:49+00:00,0,Jews,"(from The Stereotype Song) Jews love bagels and they love money/I am Mexican, I'm so funny."
1399748063619518466,Frippin2,2021-06-01 15:21:59+00:00,0,Jews,"White guy cuts someone off in traffic, MSM will find the ""victim,"" go back 6 generations, find an 8th cousin who was 1/4 black, and demand hate crime charges.\n\nBlack guys beat Asians and Jews on video daily, MSM: ""Authorities have no indication the attack was racially motivated."""
1399994472197496833,Lyndagee49,2021-06-02 07:41:07+00:00,0,Jews,#Stonewall tell women what a woman is.\n#labour tell Jews what a Jew is.\nApparently this is progress
1391250567897440258,kay_ansem,2021-05-09 04:35:58+00:00,1,Jews,"All my life I’ve always heard and seen attacks on Palestine by the zionists, it’s inhumane, history won’t let you hear the end of hitlers treatment of the Jews but we keep silent to that done to the Palestines. It is really a sad world we live in. May Allah help the ummah. Ameen"
1418720763704717314,DeletedXpletive,2021-07-23 23:52:43+00:00,1,Jews,"When Jesus was so upset with the Jews money changers at Temple throwing them out, upsetting their tables. What would He do today thinking about the Rottenchilds World Bank controlling the world's financial destiny? Would there be consequences?"
1407197587472629762,jade2cam,2021-06-22 04:43:43+00:00,0,Jews,"AZ, AR, FL, KY, MI, NH, RI, TX, and WI, require Holocaust education in schools but have either banned or introduced bills to ban Critical Race Theory.\n\nThey want children to learn how Jews were murdered in Germany but not how Black people were enslaved and dehumanized in America."
1396839410335879170,dazyjane410,2021-05-24 14:44:02+00:00,0,Jews,"The recent spike in antisemitic attacks against Jews around the country and the world is horrific, heartbreaking demands action. Antisemitism cannot be tolerated. We must come together as Americans to condemn and combat this appalling bigotry and hatred."
1399609546025410563,ObinwaXavier,2021-06-01 06:11:33+00:00,0,Jews,Education is not memorizing that Hitler killed 6 millions Jews. \n\nEducation is understanding how millions of ordinary Germans were convinced that it was required. \n\nEducation is learning how to spot the signs of history repeating itself.
1393429499098722306,Nvbyla,2021-05-15 04:54:15+00:00,0,Jews,"3/ When the idea of Israel was mooted, plenty of Jewish people were against the idea. \n\nAmong the early opposition of the idea was the Hasidic Jews especially the Neturei Karta group."
1432031317202386946,eastnitty,2021-08-29 17:24:06+00:00,0,Jews,"Isn't it a bit weird that the press NEVER talk to Jews in Corbyn's own constituency, the ones who invite him to their celebrations, and vote for him, why they support him?\n\nJournalism 101, surely\n#ItWasAScam"
1408758538801876998,WPTSPlaylist,2021-06-26 12:06:23+00:00,0,Jews,Silver Jews - Like Like the the the Death - American Water - Drag City
1405179425021440000,DMkpanam,2021-06-16 15:04:16+00:00,0,Jews,"Just a friendly reminder.\n\nJews are from Judea.\n\nArabs came from Arabia before they engaged in widespread imperial colonial conquest and invaded lots of places.\n\nAlso, while you are here - you know Jerusalem that everyone keeps talking about?\n\n It was the capital city of Judea."
1393879107801337859,scot_tigger,2021-05-16 10:40:50+00:00,1,Jews,"Dear Jews still defending Israel,\nThe days of a Jewish ethno-national apartheid state are numbered. Whether you know it or not, the success of the Palestinian struggle for freedom will be liberating for you too."
1427406444572209153,AustraliaRight,2021-08-16 23:06:30+00:00,0,Jews,Funny how no leftists said anything about #DictatorDan’s “dog whistle” at yesterday’s press conference.\n\nHe was always going to extend the lockdown but he used the “Jewish engagement party” as an excuse.\n\nRedirecting people’s anger at Jews.\n\nOldest trick in the book.
1415232707139969029,Dichi_890,2021-07-14 08:52:25+00:00,0,Jews,"The families of the imprisoned 3 Israeli filmmakers in Nigeria don't get it. There are 80,000,000 \nBiafrans, most identity as Jews + 50,000,000 Yoruba Christians held captive. Now 3 Israelies are with them. Private Israeli companies + Chabad should not be there. Wake up."
1425429744775045121,aeidinger,2021-08-11 12:11:49+00:00,1,Jews,"It’s wild to hear Jews in America say they are not responsible for what’s going on in Holy land. America’s Jews, even me at one time, have used political influence to get US tax dollars to fund the Israeli apartheid state, with almost no regard to Palestinians lives."
1394136277704863747,GomezEricka,2021-05-17 03:42:45+00:00,0,Jews,"As Jews we are told from a young age that our identities are intrinsically tied to the modern State of Israel.\n\nIt is taught to us in Hebrew School, in services, and is a deeply held belief by many of our parents, grandparents and family members."
1393159156006260737,beholdcosmicwav,2021-05-14 11:00:01+00:00,0,Jews,"I don’t remember electing Owen Jones as my great white saviour or my leader. \n\nSo why is he talking over the heads of Jews, Muslims, Black people and GRT communities on race like he speaks for us?\n\nIt’s a grift. And I’m done with it."
1396698119027318785,happydave9,2021-05-24 05:22:35+00:00,1,Jews,"(1/2) Why would he say this? From the Hadith of Sahih Bukhari 4.52.177: ""Allah's Apostle said, The Hour will not be established until you fight with the Jews, and the stone behind which a Jew will be hiding will say: 'O Muslim! There is a Jew hiding behind me, so kill him'.""..."
1432475206170333185,TugboatTabby,2021-08-30 22:47:57+00:00,0,Jews,"When I wonder how long we’ll be in #COVID lockdown, I think of my:\n\n-Wife, then 16, hiding for weeks in Libya in 1967, as mobs searched for Jews\n\n-Mom, as a teenager, fleeing Nazis in France\n\n-Dad fighting Nazis 1939-1945\n\nThey had it worse. I’m always inspired by their strength."
1427317111127486469,CumradJeb,2021-08-16 17:11:32+00:00,0,Jews,"I think it's really funny that antisemites think jews were involved in 9/11. Bush and the Saudis, who actually did 9/11, probably have the same recipe for BBQing us"
1398830581568393220,marissa2pointoh,2021-05-30 02:36:14+00:00,1,Jews,O NEGATIVES O NEGATIVES......\n...............................................\nALL ARE CHILDREN OF THE FATHER \nALL BLOODLINES ARE FROM THE FATHER... O NEGATIVES ARE THE TRUE JEWS NOT A RELIGION. \nBUT WAIT THERR IS MORE..\n
1401432566847184898,Faith40494834,2021-06-06 06:55:35+00:00,0,Jews,"Sick:\n\nThe guy with the bullhorn outside of AIPAC calling Jews “Nazis” for supporting Israel was Rashida Tlaib’s special guest for her swearing in ceremony\n\nThe anti-semitism in the Democrat party is sick, disgusting, stunning, scary and increasingly widespread"
1413443786810617858,Nigel_95,2021-07-09 10:23:53+00:00,0,Jews,"The usual idiots misreading 'horribly intolerant' ideology (which it is - ask Jews and gays and women stoned for adultery) for the continuing Islamic invasion courtesy of whoever.\n\nAnd, till those boats full of young Islamic males stop coming, it is absolutely an invasion."
1396273348506755073,R0seOfStone,2021-05-23 01:14:42+00:00,0,Jews,"The momentum of the movement for Palestinian liberation is inspiring, powerful, beautiful.\n\nAntisemitism impedes that momentum. It hurts Jews. It hurts liberatory movements. It hurts all of us. And Palestinian activists movement leaders are extremely clear on this."
1397154036693020675,okokni,2021-05-25 11:34:14+00:00,0,Jews,"Saw an Insta video yesterday saying that Palestinians disrupting antisemitism ""distracts from the core issue of Israeli oppression"". No, young man. What distracts from the core issue of Israeli oppression is assholes attacking random Jews under guise of pro-Palestine solidarity"
1399041221604032518,neontaster,2021-05-30 16:33:14+00:00,0,Jews,So right now infront of the Holocaust museum there is a huge microphone with someone saying Jews rape women. \n\nThis is 2021 Los Angeles?
1431941175536062465,samintey_522,2021-08-29 11:25:55+00:00,0,Jews,"Prophet Muhammad (ﷺ) said,\n\nHour will not be established till my followers copy the deeds of the previous nations (Jews and Christians) and follow them very closely, span by span, and inch by inch.\n\nBukhari 7319"
1416396423436722177,Hoodview,2021-07-17 13:56:37+00:00,0,Jews,The fact that archaeology shows that Jews are indigenous to Israel debunks the idea that Jews are a foreign implant in the middle east.
1397879023615700995,Rose52413,2021-05-27 11:35:05+00:00,1,Jews,"Even after what MTG said about masks and the holocausts ,I can see so many Jews would still vote for her !! Isn't what they call the Stockholm Syndrome?"
1399816698149183490,tay_padia,2021-06-01 19:54:42+00:00,0,Jews,Education is not memorizing that Hitler killed 6 millions Jews. \n\nEducation is understanding how millions of ordinary Germans were convinced that it was required. \n\nEducation is learning how to spot the signs of history repeating itself.
1395547864395358217,BiscuitsAndCray,2021-05-21 01:11:53+00:00,0,Jews,The violent attacks against Jews going on in New York right now is wild not because of how out in the open they are but because they highlight the disconnect between media/twitter rhetoric on the Palestinian cause and the actual conduct and rhetoric from some activists
1396684357880922112,shmanda,2021-05-24 04:27:54+00:00,0,Jews,You can’t even say “stand up for Jews” without placing caveats on the phrase. You find yourself having to add “but” and “antizionism isn’t antisemitism” to further politicize our marginalization.
1400968380560117763,sadcjp,2021-06-05 00:11:05+00:00,0,Jews,"I’ve said it before and I’ll say it again. I grew up wondering why the Germans allowed Hitler to happen, why the Jews themselves didn’t run after seeing the writing on the wall. I never understood how such blatant Jew hatred was tolerated. I now have the answer. It’s called 2021!"
1394257655699546112,jsatinoff,2021-05-17 11:45:03+00:00,0,Jews,"Multiple choice quiz for Israel’s relentless critics. \n\nIsrael must stop defending itself since:\n\nA) Hamas truly embodies “woke” values\n\nB) Hamas missiles have a right to land anywhere\n\nC) Jews are virtuous only as victims\n\nD) Jews uniquely have no right to a state\n\nE) A, B, C, D"
1432135943746588672,WorshipVida,2021-08-30 00:19:51+00:00,1,Jews,Next time I beat an Orthodox Jews ass I’m screaming “free Palestine”
1405937152504913933,DoctorNazarian,2021-06-18 17:15:12+00:00,0,Jews,Same applies to leftist antizonist Jews. Why do fringe groups like INN / JVP etc “represent” all Jews when that same skewed logic never applies to any other group of ppl?
1395986075538141189,SarahIJoseph,2021-05-22 06:13:11+00:00,0,Jews,I don't know the assholes who in the name of Palestinian freedom are attacking Jews across the world. I hope they spend time in jail. But every Palestinian I know believes that Palestinian freedom + Jewish safety not only can coexist but must. That gives me hope. Shabbat Shalom
1422553699696758791,IsraeliAvraham,2021-08-03 13:43:26+00:00,0,Jews,"Arabs 1897: ""We hate Jews""\n1920: We hate Jews""\n1936: ""We hate Jews""\n1947: ""We hate Jews""\nWorld: ""You can't say that!""\nArabs 1967: ""OK. We hate Zionists""\nWorld: ""See, they don't hate Jews!"""
1420805368892968962,devadigaji,2021-07-29 17:56:11+00:00,0,Jews,Religious Converts are not Minorities their ancestors converted out of fear or benifits from the then rulers or masters...The only Minorities in Bharat are Jews and Parsis.....Time to redefine the definition of Minorities...
1471944766912970754,SLBirdintheTree,2021-12-17 20:45:54+00:00,0,Jews,"17 December 1942 | A transport of 2,000 Jews deported from the ghetto in Płońsk arrived at #Auschwitz. SS doctors during the selection sent 523 men 257 women to be registered in the camp. The remaining 1,220 people were murdered immediately in gas chambers."
1448412876843139075,RockShrimp,2021-10-13 22:18:34+00:00,0,Jews,"All I'm saying is you don't hear Jews complaining about ""the war on Hanukkah"" and there actually was one."
1437925791443083268,InsdataInter,2021-09-14 23:46:38+00:00,0,Jews,"After one year, Abraham Accords between the UAE and Israel proved to the world that peace between Jews and Arabs is possible if we just bring the right mindset across our people."
1474006890208190471,Tommy7120,2021-12-23 13:20:03+00:00,0,Jews,The Holocaust slaughtered 2 out of every 3 Jews in Europe\n\nAbout 98 out of every 100 Jews in Muslim majority states fled persecution or were expelled.\n\nJews today should be thankful they live in a world with Israel - a Jewish state that knows how to defend itself.
1455572783212150785,Tia_a2,2021-11-02 16:29:29+00:00,0,Jews,"On Nov 2, 1917, the British granted the right to the Jews to establish a national home for them on the land of Palestine, paving the way for the expulsion of about 750 thousand Palestinians in 1948 the establishment of Israel on the ruins of the destroyed villages.\n#Balfour104"
1458837216692555776,lalahhathaway,2021-11-11 16:41:11+00:00,0,Jews,"Neo-Nazis are celebrating Kyle Rittenhouse as the hunter/killer of Blacks and Jews.\nHe can cry all he wants, I see evil in his designs and I can't help feeling that."
1475509192794337288,theamyalbertson,2021-12-27 16:49:39+00:00,0,Jews,"Fighting antisemitism means ending Jew-hatred, not asking Jews to hide who they are."
1471914802389741572,388shark,2021-12-17 18:46:50+00:00,0,Jews,"It's rarely a good day for American Jews when ""American Jews"" is trending on Twitter..."
1445329601182322688,Atchitsssssssss,2021-10-05 10:06:44+00:00,0,Jews,"And there were set there six waterpots of stone, after the manner of the purifying of the Jews, containing two or three firkins apiece.\n\nJohn 2:6\nKing James Version (KJV)\n\n#ThusTheBibleSpeaks \n#TruthsFromTheBible"
1471883560701374468,Darediva,2021-12-17 16:42:41+00:00,0,Jews,"""Jews are all wealthy and always have been"" yes that's why our most famous traditional foods are:\n\n-Scraps of Cheap Fish Glued Together\n-These Crackers We Made While We Were Running Away \n-Literally Just Potatoes"
1464093505903546385,LuxAlptraum,2021-11-26 04:47:48+00:00,0,Jews,A lot of Jews believe in a god but it’s not really a prerequisite for being Jewish
1446715496527798277,Skip61940020,2021-10-09 05:53:47+00:00,0,Jews,The University of Bath in the UK tells students that are un-vaccinated to Wear Different Colored Wristbands for Identification just like the using the yellow Star of David that Nazis forced Jews to wear during the Holocaust. (Non-Christians think we're crazy-But the END is Near!)
1465042460875366403,JessHime45,2021-11-28 19:38:36+00:00,0,Jews,"Tonight Jews worldwide celebrate Hannukah, when the Maccabees in 2nd Century BCE resisted persecution and renewed Jewish sovereignty over Israel, Jerusalem and the Temple. In 1922, Jewish aboriginal rights to the land were enshrined in international law by the League of Nations."
1471944450674814976,JustSayXtian,2021-12-17 20:44:39+00:00,0,Jews,"Apparently ""American Jews"" is trending because of a complaint that we do not have sufficient dual loyalty. The fun thing about antisemitism is that self-contradictory accusations are par for the course."
1436606779291418624,gaurikmr15,2021-09-11 08:25:21+00:00,0,Jews,"Jews and Hindus are threat to the world but Taliban "" Oh just country boys"" so West left them incharge of Afghanistan. #DismantlingGlobalHindutva"
1433342157872668673,sharkdiveruk,2021-09-02 08:12:55+00:00,0,Jews,Most leftwing antisemitism arises from a clash between that left and a completely made up version of who the Jews are that exists only in their minds. I have no idea who these supposed Jews are that are just a religion and have no connection to Israel or zionism.
1450420915037261825,GillianLazarus,2021-10-19 11:17:48+00:00,0,Jews,"The system is to call Jews they don't like 'Israelis' Jews they do like 'Jews'. Thus they claim they are not antisemitic as they like Tony Greenstein, JVL, Norman Noam but hate Israelis, namely all British Jews who oppose antisemitism."
1474969575682985986,stephaniediamo,2021-12-26 05:05:25+00:00,0,Jews,"Merry Christmas to eggnog or as Jews call it, “alcoholic laxative.”"
1434656009352474630,clifton_r,2021-09-05 23:13:41+00:00,0,Jews,"“Judeo-Christian” isn’t a thing. It a) positions Jews Christians against Muslims, is Islamophobic b) elides Christian oppression murder of Jews over more than 1000 years c) ignores Jewish civilization worldwide facts of key Jewish developments in Middle East N Africa."
1462087388746899460,eishsadehy,2021-11-20 15:56:12+00:00,0,Jews,Academia is so anti-Jewish that I have been warned off doing a PhD by high profile Jewish academics. \n\nJews are unable to continue our education because of institutionalised racism.
1452968334891180034,yournursedaniel,2021-10-26 12:00:20+00:00,0,Jews,"One of the reasons why the Philippines is an OPEN COUNTRY is because President Manuel Luis Molina Quezon implemented the ""open door"" policy to saved 1,300 Jews from the horrible Holocaust in Germany.\n\n#PureDoctrinesOfChrist\n#BiblicalDoctrinesDay12"
1461120698559221766,Howard_Lovy,2021-11-17 23:54:55+00:00,0,Jews,"""Settler-colonial,"" ""apartheid,"" etc. It's the usual projection onto Jews the crimes committed against them—an ancient form of antisemitism and what today they call ""gaslighting."""
1472032121279627268,Stpolishook,2021-12-18 02:33:01+00:00,0,Jews,Trump is not an ally to Jews. \nTrump is not an ally to Jews. \nTrump is not an ally to Jews.
1471981791322021897,frankie_jnr,2021-12-17 23:13:01+00:00,0,Jews,"The Romans built buildings, and the Romans and the buildings are both gone.\n\nThe Jews wrote a book, and they are still here, and so is the book.\n\nSo it turns out that words may well last longer than stone, and have more impact than whole empires."
1434848136992804865,Zbabo18,2021-09-06 11:57:08+00:00,0,Jews,Today in the year 1941\nAll jews in German occupied territories\nAre obliged to wear a yellow badge.\nNazis! Just so you know\nI don't like you either
1450089408498225164,Jigger639,2021-10-18 13:20:31+00:00,0,Jews,"18 October 1942 | A transport of 1,710 Jews deported from the Westerbork camp in the German-occupied Netherlands arrived at #Auschwitz. \nSS doctors during the selection sent 116 women to the camp. The remaining 1,594 people were murdered in gas chambers."
1457824936974696450,Sahidhussen5,2021-11-08 21:38:44+00:00,0,Jews,The Nazis banned Jews from praying at their synagogue on the Sabbath.\n\nHindu nationalists are banning Muslims from praying at their mosque on Namaz.
1446244737934049284,cenzobot,2021-10-07 22:43:10+00:00,0,Jews,"Jews are depicted as people without any moral values, moneylenders and exploiters. The publication of the work does not raise any objections. Circulation 30 176 copy. #TwitterPurge"
1468022525212954624,cindyfsolomon,2021-12-07 01:00:19+00:00,0,Jews,My father his family of 10 moved to Jerusalem in 1935 from Iran for hopes of a better life as Jews. My grandfather bought a home in the old city by 1940 had to leave due to the constant attacks by the Arabs. Read that again...this was pre Israel's establishment. A thread
1454414948105433095,OgbeniDemola,2021-10-30 11:48:40+00:00,0,Jews,Igbos that call themselves Jews are miseducated. Jews have debunked this stupid thing these guys are saying. \n\nIt’s mental slavery that will make you want to be everyone else but yourself.
1461243934353547266,stopritualabuse,2021-11-18 08:04:37+00:00,0,Jews,"Like many Jews in Germany, Frank Liebermann's family was desperate to find refuge in America. His father submitted paperwork to obtain a visa, then waited and waited. Watch Frank live today at 1 p.m. ET to learn how a box of candy and 100 German marks helped pave the way."
1439239638036750350,Eljay2602,2021-09-18 14:47:24+00:00,0,Jews,"Are the unjabbed going to be rounded up and taken away, like the Germans did to the Jews at some stage in the none too distant future?"
1471894590038982661,yrwrong,2021-12-17 17:26:31+00:00,0,Jews,Everything you know about American Jews is wrong.
1446557577211531264,Allison_Ivy79,2021-10-08 19:26:16+00:00,0,Jews,"I’m a little too old to ever be one of the cool Jtwitter Jews, and a little too young to be one of the wise political aunties. But my uninteresting in between status means I can watch all the drama and bitchy subtweeting unnoticed."
1455892037262270472,Kimball4296,2021-11-03 13:38:05+00:00,0,Jews,"Calling Blacks, Jews and Latinos (and any other minorities) who didn’t vote your way “white supremacists” is an unhinged strategy. Lunatics"
1466094958969069568,v21,2021-12-01 17:20:51+00:00,0,Jews,"also, i surprised myself by starting to get into Lana Del Rey??\n\nand i continued to listen to Japanese Breakfast, the Donut County soundtrack, Courtney Barnett, Caroline Polachek, the Silver Jews, MF Doom etc etc"
1464673873820061707,thestuckyman,2021-11-27 19:13:58+00:00,0,Jews,The early church went “from house to house testifying to Jews also to Greeks repentance toward God faith toward the Lord Jesus Christ”Ac20..Not many do that anymore-very few churches have witness training for their people-no wonder we don’t turn our world upside down!
1455900406387773440,CraigCons,2021-11-03 14:11:20+00:00,0,Jews,"""Freedom of religion"" is popularly viewed as a ""Western value,"" but evidence from the 7th century shows that it has deep roots in the Islamic tradition. For example, while serving as a leader in Medina, Prophet Muhammad allowed Jews Christians to openly practice their faith."
1462532955104956416,samuelmcox1,2021-11-21 21:26:43+00:00,0,Jews,"I say this to Israel-haters. You won’t listen but I’ll say it anyway. I promise that Jews aren’t going anywhere. There could be a Palestinian state next to Israel but never no Israel. You just don’t understand who we are, our history, our inner world. We’re not going anywhere."
1449361813351526401,Chris_C_Chapman,2021-10-16 13:09:18+00:00,0,Jews,"John 18:36 \nJesus answered, “My kingdom is not of this world. If My kingdom were of this world, then My servants would fight, that I would not be handed over to the Jews. But now My kingdom is not from here.”"
1433054554015293447,Orientalesse,2021-09-01 13:10:05+00:00,0,Jews,"27 August 1943 | A transport of 205 Jews deported from a slave labor camp ""Märkische Stahlform-Werke"" in Eberswalde arrived at #Auschwitz. All were murdered in a gas chamber after the selection."
1436070351709130756,Ananias66012035,2021-09-09 20:53:47+00:00,0,Jews,"What if I told you that in 5782, there are “Black Jews” who aren’t Ethiopian. We are not a myth or imaginary."
1452907345793617927,juro789,2021-10-26 07:57:59+00:00,0,Jews,"When Gaza was attacked, \n#NetRight was told on the net'\n""Netouyo defends Israel! \nNetouyo's parent Jews!"". \n\nIt's incoherence !\n#ネトウヨ #ネット右翼"
1462355712231809028,JeanCurran7,2021-11-21 09:42:25+00:00,0,Jews,"Just like the Nazi propaganda of Jews spreading Typhus. . . now, the propaganda of the un-vaccinated spreading Covid19! Technology evolves, human nature doesn't! And so it goes, and so it goes. . . ."
1442239174665330690,Omorka,2021-09-26 21:26:29+00:00,0,Jews,Husband just pitched me a podcast for converts to Judaism he wants to call Jewish News for Newish Jews
1434242885931741184,licra_la,2021-09-04 19:52:05+00:00,0,Jews,Targeting Jews is not activism.\n \nIt’s antisemitism.\n \nFollow to join the fight against hate
1465354176528101376,BarryHammock,2021-11-29 16:17:15+00:00,0,Jews,"All I'm saying is you don't hear Jews complaining about ""the war on Hanukkah"" and there actually was one."
1446476694684987393,Allwordsoflife,2021-10-08 14:04:52+00:00,0,Jews,"“And came and preached peace to you which were afar off, and to them that were nigh.”\n\nEphesians 2:17 KJV - “to you” the Gentiles were “afar off” and “to them” the Jews “were nigh”."
1466314626426146818,KathyBe67733804,2021-12-02 07:53:44+00:00,0,Jews,1 of 10 US millennials think Jews caused the Holocaust\n\n15% believe its a myth or exaggerated\n\n20% think its talked about too much\n\nNothing in the world is more dangerous than sincere ignorance.” ― Martin Luther King Jr.\n\nFollow us to never forget history.
1441287331470725120,emmacpicken,2021-09-24 06:24:12+00:00,0,Jews,"When you boil it down AOC was crying because there won’t be dead Jews (and Arabs) lying on the streets of Jerusalem, Tel Aviv, Sderot, Haifa etc. \n\nHow ‘progressive’ of her"
1454505529619931136,DeanObeidallah,2021-10-30 17:48:36+00:00,0,Jews,"I greatly prefer Trumpers chanting ""Lets go Brandon"" instead of their past chants of ""Jews will not replace us"" and ""Send her back"" (calling for a Black member of Congress to go back to Africa.) #LetsGoBrandonDay"
1449492853915332611,goodwithsub,2021-10-16 21:50:01+00:00,1,Jews,i fuck wit Jews cause they be tryna get money
1434984344913915912,sally5patPokes,2021-09-06 20:58:23+00:00,0,Jews,Targeting Jews is not activism. It’s antisemitism. Follow me to join the fight against hate.
1459979431754276865,ian_mckelvey,2021-11-14 20:19:56+00:00,0,Jews,"Speaking only for myself, I see no need to find common ground, or to even waste my time, with people who call me a racist or white supremacist. What’s the point? If they are going to demonize me in the same way that Nazis did the Jews, then I have nothing to say to them."
1464196705906311191,ableraces,2021-11-26 11:37:52+00:00,0,Jews,I always wondered naively why more Jews in Germany didn't see what was happening under Hitler and get out before it was too late. Now we are seeing our country being destroyed and I wonder if I'm in the same situation as they were whether it'll be too late for me and my family.
1465271602824847361,AndrzejDabrowka,2021-11-29 10:49:08+00:00,0,Jews,Engelking is accusing ethnic Poles of insufficient engagement in helping Jews. Only her lack of professional skills as historian can explain why she ignores the lethal dangers of any such help and why she demands more Poles should have risked their lives.
1449104996956401667,JushiPutin,2021-10-15 20:08:49+00:00,0,Jews,"If Dave Chappelle had so blatantly attacked another minority group, such as Asians, Muslims, or Jews, would Netflix have so readily stood by his artistic freedom? It’s hard not to feel like trans people are considered fair game in today’s America. This is why we must speak out."
1457612862860431362,IjazAhmadDanis1,2021-11-08 07:36:02+00:00,0,Jews,The Nazis banned Jews from praying at their synagogue on the Sabbath.\n\nHindu nationalists are banning Muslims from praying at their mosque on Namaz.
1470770497562501125,Claire_V0ltaire,2021-12-14 14:59:46+00:00,0,Jews,"If you’re expecting Jews to explain to you why calling our synagogues the enemy is violent Antisemitism, you’ve already crossed into the “synagogue of Satan” territory and should probably seek help."
1474327885687128066,DearthOfSid,2021-12-24 10:35:34+00:00,0,Jews,"Even when thousands of Jews were being gassed to death right in front of their eyes, I’m pretty sure many German liberals would have said “the fringe on both sides should be opposed”."
1465720121628971022,ratapatootie,2021-11-30 16:31:23+00:00,0,Jews,still not a fan of non-jews saying jews instead of jewish people maybe im dramatic but it doesn’t sit right with me
1463561825015021572,SabTheCoyote,2021-11-24 17:35:05+00:00,0,Jews,"""A story in which the Aryan race and the people of Germany in particular had been deprived of their rightful place in the world, bound, spat upon, raped, and ground into the dirt under the heels of mongrel races, Communists, and Jews..."
1456431805586939911,riz43ahmed,2021-11-05 01:22:56+00:00,0,Jews,"After COVID ends and the world goes back to normal and Muslims, Christians, Jews, Dalits Sikhs are not targeted, terrorized burned in #MotherIndia I plan on coming to #Diwali #Holy festivals for fun with my Indian friends \nThank you for all the love kind invites"
1466182255039160414,HeidiBachram,2021-12-01 23:07:44+00:00,0,Jews,They don’t hate Jews because of Israel.\n\nThey hate Israel because it’s Jewish.
1475337338943418370,joncody98,2021-12-27 05:26:46+00:00,0,Jews,"Shout out to the all the Jews, Hindus, and other non-Christmas celebrating folks who are working in healthcare today too!"
1445856893998563333,shay_nurse,2021-10-06 21:02:00+00:00,0,Jews,Targeting Jews is not activism. It’s antisemitism. Follow me to join the fight against hate.
1433518890311684100,CrimsonCanuck,2021-09-02 19:55:11+00:00,0,Jews,"If back in the 30's, when Hitler was coming into power, and doing the exact same thing, that Australia and So to be Canada, would it be a crime to shoot the pos dead?\nAsking for all the Jews and Political Advisaries that were turned to ash."
1466565115730440198,slicktim718,2021-12-03 00:29:05+00:00,0,Jews,2.\nThen they came for the Trade Unionists\nAnd I did not speak out.\nBecause I was not a Trade Unionist.\nThen they came for the Jews.\nAnd I did not speak out.\nBecause I was not a Jew.\nThen they came for me.\nAnd there was no one left to speak out for me.\n\nMartin Niemoller
1466588575697309698,soulofkab,2021-12-03 02:02:19+00:00,0,Jews,Regular Jews be like “Seth Rogen isn’t funny.”
1462489716138418188,ymedad,2021-11-21 18:34:54+00:00,0,Jews,"Re: the internal violence in the Arab sector ---\nRemember when our Left accused the Jews residing in Judea and Samaria of creating an atmosphere of ""the Wild West""?\nWell, I am waiting for them to be honest about what's happening in our Arab society."
1445532230885937161,CrazyNormie,2021-10-05 23:31:55+00:00,0,Jews,The reason no one besides Jews cares about the pile of death threats Rep. Hernandez received for having a meal with liberal American Jewish activists is because she is a Jew. If any other minority politician received similar racist abuse our liberal mutuals would actually care.
1460432542050525189,rosenymph3,2021-11-16 02:20:26+00:00,0,Jews,I keep giggling so hard at one part of my Hanukkah fic and I know no one but the other DHr Jews are going to find it funny but I love it anyway
1472263662400331777,AUGUST72027FITS,2021-12-18 17:53:05+00:00,1,Jews,No! Putin is wrong about cyber warfare being the beginning of world war 3. The removal of Jews from around the world to Israel is the sign.
1471978629630468118,futureblues,2021-12-17 23:00:28+00:00,0,Jews,Referring to Jews as “disloyal” to the country they were born in is straight out of the Nazi handbook.
1468967696523878410,DogHerny,2021-12-09 15:36:05+00:00,0,Jews,"people in the modern age hate complex ideas, but we are complicated. We're again doing the ""Are Jews White?!"" debate. The yes camp hinges on ""they have white privilege"" which I think shows a very basic misunderstanding of privilege, privilege is conditional"
1466454112279662604,AuschwitzMuseum,2021-12-02 17:08:00+00:00,0,Jews,2 December 1942 | A transport of 826 Jews deported from #Westerbork in the German-occupied Netherlands arrived at #Auschwitz. SS doctors during the selection send 77 men to be registered as prisoners. The remaining 749 people were murdered in gas chambers.
1473347666390179848,UGonGetThisWord,2021-12-21 17:40:31+00:00,0,Jews,"Eventually, the uncompromising Jews prevailed, captured Jerusalem rededicated the temple unto Yah by replacing the defiled items..."
1462851931945283589,NicJam25,2021-11-22 18:34:13+00:00,0,Jews,The Christian urge to believe that Christians know more about Judaism than Jews do.
1444990033669328904,AdneSadeh,2021-10-04 11:37:25+00:00,0,Jews,"Awesome. Caballa needed to be 'forcibly' taken from the Jews, who 'kept it jealously' but it's only of 'unmerited importance.' Or...you could have just left us along made everyone happy? I love the notion of Christians being the default ""all."" Clearly, Jews are not ""all"""
1163963412138856454,likatmur88,2019-08-20 23:57:57+00:00,0,Kikes,Guarantee if Israel was run by a left wing party the entire Trump cult would be calling us kikes to our faces instead of just behind our backs
1187456107717021696,nastynassss,2019-10-24 19:49:32+00:00,0,Kikes,Where are the esoteric kikes? I wanna kill you
1164770949469577216,T_bell111,2019-08-23 05:26:49+00:00,0,Kikes,Man I sure hope that turns around kikes season #SparkIt
1197531087645396995,plive_calmer,2019-11-21 15:03:55+00:00,1,Kikes,BREAKING NEWS!!! #Syria The desperate state of kikes sadly will be the lack of Jobs and Growth rawr Bad !
1102963140881453056,AudioCode3,2019-03-05 16:04:39+00:00,0,Kikes,"that called out the * directly in a veiled way, in which he clearly called them kikes (in the original cuts you can't find anymore, that's where the word ""kike"" is from, ) and that was the end, before he could make a comeback they killed him and blamed it on drugs."
1208477713570381824,plivecalmest,2019-12-21 20:01:54+00:00,1,Kikes,"Nowadays, #randum The influence of kikes arguably will be (((THEM))) rawr Won't hear this on mainstream media! :("
1195885491473862656,plive_calmer,2019-11-17 02:04:54+00:00,1,Kikes,#lol The media's love affair with kikes perhaps is indicative of the alt-right ? Fad :)
1202942241876172800,plive_calmer,2019-12-06 13:25:54+00:00,1,Kikes,I bet #randum The media's slanted view of kikes mind-blowingly was due to cuckolds :) Mad ?
1117383604710060039,Bower50B,2019-04-14 11:06:26+00:00,1,Kikes,Day 17\n\nFuck Israel \n\nKikes lol
1199392349484400645,plive_calmer,2019-11-26 18:19:54+00:00,1,Kikes,I bet #MAGA The basis of kikes unsurprisingly should have been not very trustworthy rawr Bad !
1197245956787449856,plive_calmer,2019-11-20 20:10:54+00:00,1,Kikes,Please Retweet: #MAGA The media's slanted view of kikes in most cases is due to the influence of backbenchers rawr Won't hear this on mainstream media!
1195184371613011975,plive_calmer,2019-11-15 03:38:54+00:00,1,Kikes,I guarantee that #TIL The downfall of kikes undoubtedly is a result of the recent hike in petrol prices rawr xd Angry :)
1164778992886378496,love_pitaa,2019-08-23 05:58:47+00:00,0,Kikes,So sad I missed kikes booblehead night because of work but at least I got to see him walk off
1151448755713007621,PMLerman,2019-07-17 11:09:10+00:00,0,Kikes,"As Lenny Bruce would insightfully ask: you want me and the Kikes to go back? My neighbors the W*ps, Sp*cs, M*cks, P*locks, Ch*nks, and N*ggers too? Who's going to be left? Just you racist, bigoted orange assh*les?"
1107157846263644160,hartman_eng,2019-03-17 05:52:55+00:00,1,Kikes,"I do not look down on niggers, kikes, wops or greasers.\nHere you are all equally worthless!\n「黒豚、ユダ豚、イタ豚を、俺は見下さん すべて平等に価値がない！」"
1173662376060760064,ichbinjolzzz,2019-09-16 18:18:10+00:00,0,Kikes,"The kid in consolata should be hosting breakfast show with kikes of Andrew kibe and Kamene Goro ,kid is a genius,way ahead of his time.. can we #KOTLoyals support that kid just like the way we have supported kina kibe, you said age is just a number . Top Boy #TopBoy #consolata"
1160113331732172800,surumesmellman,2019-08-10 08:59:06+00:00,1,Kikes,"""I am hard, but I am fair; there is no racial bigotry here. I do not look down on niggers, kikes, wops, or greasers; here you are all equally worthless!"""
1202698635034710027,plive_calmer,2019-12-05 21:17:54+00:00,1,Kikes,RT This: #lol The problem with kikes in most cases was due to Mint Slices rawr xd #alternativefacts ?
1205464611157413888,plive_calmer,2019-12-13 12:28:54+00:00,1,Kikes,Did you know? #MAGA The only thing preventing kikes controversially is dog on grog xD Mad .
1092223662370025473,3klon6,2019-02-04 00:49:48+00:00,1,Kikes,I’ll bet u kikes didn’t know that Texaco sold gas 2 nazi Germany during the war...
1211121635035697160,plivecalmest,2019-12-29 03:07:54+00:00,0,Kikes,I bet #TIL The media's biased view of kikes (citation needed) should have been a great A E S T H E T I C rawr xd Bad ?
1163937875974643714,_Cymatics_,2019-08-20 22:16:29+00:00,0,Kikes,Guarantee if Israel was run by a left wing party the entire Trump cult would be calling us kikes to our faces instead of just behind our backs
1111253961628106754,AbiyEshetu3,2019-03-28 13:09:25+00:00,1,Kikes,"They're removing the roof top technological devices that the kikes exposed that was probably causing so much cancer, mind reading, etc. What to do ? Could we not confiscate them ? Emitting waves on our people ! Discuss."
1204472070643572736,plive_calmer,2019-12-10 18:44:54+00:00,1,Kikes,IMO #MAGA The basis of kikes controversially is due to aliens xD FAKE ?
1200791567621066752,plive_calmer,2019-11-30 14:59:54+00:00,1,Kikes,Please Retweet: #MAGA The media's biased view of kikes unfortunately is 100% the fault of a bad A E S T H E T I C ! Angry :(
1178835144506933248,hartman_eng,2019-10-01 00:52:54+00:00,1,Kikes,"I do not look down on niggers, kikes, wops or greasers.\nHere you are all equally worthless!\n「黒豚、ユダ豚、イタ豚を、俺は見下さん すべて平等に価値がない！」"
1207974902529241088,plivecalmest,2019-12-20 10:43:54+00:00,0,Kikes,"I bet #randum What's happening with kikes ,for all one knows, should have been Tim Tams :) Won't hear this on mainstream media! !"
1108050657968156672,Hima91531184,2019-03-19 17:00:38+00:00,0,Kikes,#AdiZaMountThisAward\nAditi Rathore is daring she directly kikes adiza VMS
1204620800667639808,plive_calmer,2019-12-11 04:35:54+00:00,1,Kikes,I guarantee that #MAGA The media's biased view of kikes being rife with corruption is a result of dog on grog xD #alternativefacts :)
1196578312061149185,plive_calmer,2019-11-18 23:57:55+00:00,1,Kikes,Share This: #randum The worst thing about kikes feasibly will be vaccinations :) #FAKENEWS :(
1194722327952547844,plive_calmer,2019-11-13 21:02:54+00:00,1,Kikes,#lol The downfall of kikes by and large will be Malcolm Turnbull . Angery ?
1125080949044068354,hartman_eng,2019-05-05 16:52:55+00:00,1,Kikes,"I do not look down on niggers, kikes, wops or greasers.\nHere you are all equally worthless!\n「黒豚、ユダ豚、イタ豚を、俺は見下さん すべて平等に価値がない！」"
1204804007430107136,plive_calmer,2019-12-11 16:43:54+00:00,1,Kikes,I assure you that #TIL The media's slanted view of kikes feasibly is the unfortunate result of back-stabbing ! Angery :)
1140839424407687168,MikedupRadiocom,2019-06-18 04:31:29+00:00,0,Kikes,Maybe that was Kikes new salsa move after his latest K there - all he’s missing is his banana suit. #Dodgers
1206117915952631808,plivecalmest,2019-12-15 07:44:54+00:00,1,Kikes,"Without a doubt, #MAGA The only thing preventing kikes conceivably is the fault of the alt-right xD Fad ?"
1199923096725204992,plive_calmer,2019-11-28 05:28:54+00:00,1,Kikes,Please Retweet: #MAGA The limit of kikes unfortunately is very unlikely rawr xd Rad .
1204558642344800256,plive_calmer,2019-12-11 00:28:54+00:00,1,Kikes,Share This: #lol The one thing stopping kikes amazingly might have been due to the influence of backbenchers :) Bad !
1084312315019767815,hartman_eng,2019-01-13 04:52:56+00:00,1,Kikes,"I do not look down on niggers, kikes, wops or greasers.\nHere you are all equally worthless!\n「黒豚、ユダ豚、イタ豚を、俺は見下さん すべて平等に価値がない！」"
1097870178308763649,trainthoughtbot,2019-02-19 14:47:02+00:00,0,Kikes,I dont know what to think about kikes. What about bdays
1197032043928047616,plive_calmer,2019-11-20 06:00:53+00:00,1,Kikes,#lol The basis of kikes overall provides conclusive evidence of the inability of politicians to recognise the needs of a modern Australia rawr Bad
1115025683179130880,SparkzChristian,2019-04-07 22:56:53+00:00,1,Kikes,I’m getting tired of kikes fake ass iPhone never working
1207784898028814336,plivecalmest,2019-12-19 22:08:53+00:00,1,Kikes,Did you know? #randum The media's biased view of kikes heading up in the world will be aliens ? Fad :)
1108411147516960768,_essakarina,2019-03-20 16:53:05+00:00,0,Kikes,New white dodger jersey with kikes number ?! I think tf yassss
1163936011317067776,JesseLaGreca,2019-08-20 22:09:04+00:00,0,Kikes,Guarantee if Israel was run by a left wing party the entire Trump cult would be calling us kikes to our faces instead of just behind our backs
1199089861317287939,plive_calmer,2019-11-25 22:17:55+00:00,1,Kikes,IMO #Syria The media's slanted view of kikes feasibly should have been the bourgeoisie ! Glad :(
1201368371234775040,plive_calmer,2019-12-02 05:11:54+00:00,1,Kikes,"Without a doubt, #MAGA The best thing about kikes in the near future could have been due to Queenslanders rawr Fad ."
1197387387443326976,plive_calmer,2019-11-21 05:32:54+00:00,1,Kikes,SHOCKING!!! #randum What's happening with kikes surprisingly was thicc ladies in parliament ! #prank :)
1194181015671099392,plive_calmer,2019-11-12 09:11:55+00:00,1,Kikes,EXPLAIN THIS: #TIL The media's slanted view of kikes (Since yesterday) is the brainchild of the patriachy ! Angry !
1194561014169264130,plive_calmer,2019-11-13 10:21:54+00:00,1,Kikes,#unpopularopinion #Syria The American dream of kikes conceivably is due to the new arnott's shapes rawr xd Fad .
1179393834607955974,hartman_eng,2019-10-02 13:52:56+00:00,1,Kikes,"I do not look down on niggers, kikes, wops or greasers.\nHere you are all equally worthless!\n「黒豚、ユダ豚、イタ豚を、俺は見下さん すべて平等に価値がない！」"
1100780404922114050,SometimesSnowy,2019-02-27 15:31:14+00:00,0,Kikes,"I don't see him we're supposed to meet, like, a string of these kikes in here and here."
1202521215132487681,plive_calmer,2019-12-05 09:32:54+00:00,1,Kikes,"Nowadays, #MAGA The only thing preventing kikes heading up in the world could have been due to the lack of Jobs and Growth ? #alternativefacts :)"
1198702302581968896,plive_calmer,2019-11-24 20:37:54+00:00,1,Kikes,Share This: #randum The influence of kikes undoubtedly might have been due to the sale of weapons to small african children :) #altfacts :)
1185520949367463937,dapperdon_,2019-10-19 11:39:54+00:00,0,Kikes,"You don’t see Jews calling each other kikes like it’s cool, don’t hear Hispanics calling each other slicks, don’t hear white people calling each other crackers and using it to mean friend. If we being real nobody should say it simple."
1211391160616402948,plivecalmest,2019-12-29 20:58:53+00:00,0,Kikes,Guess what? #Syria The best thing about kikes in most cases was Mint Slices rawr xd Mad :(
1195892034596409344,plive_calmer,2019-11-17 02:30:54+00:00,1,Kikes,#unpopularopinion #randum The best thing about kikes being rife with corruption was the patriachy rawr xd Rad ?
1181888357493641216,Deepak30923034,2019-10-09 11:05:17+00:00,0,Kikes,#4YrsForWarriorGonaGannaReddy\n5k likes more for 600k kikes for #AlaVaikunthapurramuloo #samajavaragamanaa lyrical video
1092077818064846848,TheHbdGamer,2019-02-03 15:10:16+00:00,0,Kikes,"""We can't afford to be so politically correct anymore!"" Get ready niggers, faggots ,beaners, dykes, kikes, etc. the gloves are off."
1195646668672307202,plive_calmer,2019-11-16 10:15:54+00:00,1,Kikes,Please Retweet: #randum The saddest thing about kikes overall will be due to a great A E S T H E T I C . #alternativefacts !
1208690373197017090,vestigetire,2019-12-22 10:06:56+00:00,0,Kikes,"depress kikes ,"
1200272649164906497,plive_calmer,2019-11-29 04:37:54+00:00,1,Kikes,#Syria The crisis currently plaguing kikes (citation needed) will be due to the socialist revolution . Fad ?
1205585156301606912,plive_calmer,2019-12-13 20:27:54+00:00,1,Kikes,"Without a doubt, #lol The media's one-sided view of kikes arguably will be due to Tim Tams :) Won't hear this on mainstream media! :)"
1144459456895320070,astroinblue,2019-06-28 04:16:12+00:00,0,Kikes,justin turner resting his chin on kikes shoulder in the victory formation
1185215659170586624,EasilyThree,2019-10-18 15:26:48+00:00,1,Kikes,"I am finally free. And with this freedom i can say\n\nFuck deplorables, including but not limited to kikes, fags, and trannys\nAmerica is burning because of the media\nGroypin will bring us to salvation.\nFreedom of speech never felt this good"
1201646955241394177,plive_calmer,2019-12-02 23:38:54+00:00,1,Kikes,IMO #MAGA The best thing about kikes being overthrown is evidence of the socialist revolution ? Angery .
1198328842588430336,plive_calmer,2019-11-23 19:53:54+00:00,1,Kikes,Hear me out; #randum The basis of kikes (As of this decade) is due to the socialist revolution ? FAKE !
1204249352681787392,plive_calmer,2019-12-10 03:59:54+00:00,1,Kikes,RT This: #Syria The media's love affair with kikes feasibly is evidence of cucks rawr xd Rad ?
1177652014832074752,Chartoc,2019-09-27 18:31:34+00:00,0,Kikes,"Will apparently found the person complaining about leftists calling Jews kikes, searched his TL and put him on blast to discredit him. so that's where chapo comes in. not directly approving, but providing cover for his shitty podcast buddies."
1206813247254548480,plivecalmest,2019-12-17 05:47:54+00:00,0,Kikes,I assure you that #lol The issue of kikes (citation needed) should have been the recent hike in petrol prices ? Rad .
1200547963703103489,plive_calmer,2019-11-29 22:51:54+00:00,1,Kikes, I guarantee that #randum The media's biased view of kikes sadly is an example of Malcolm Turnbull :) Fad :(
1186660217553076230,dataeditor,2019-10-22 15:06:57+00:00,0,Kikes,"the phrase ""those damn witches and kikes"" uttered by one of the members is pretty seared into my memory"
1145009733625143297,dgfxdfg001,2019-06-29 16:42:48+00:00,1,Kikes,"JOKER Sir, yes, sir! HARTMAN Did I wanna get on niggers, kikes, wops or deny himself or the boy was not tell me, I mean,"
1152034933176590336,MartyMullen5,2019-07-19 01:58:26+00:00,1,ZioNazi,Trump and his White Supremacist Zionazi Christians and Jews are losing the Race War against Non-Whites.
1157771145539665922,theforeverman,2019-08-03 21:52:06+00:00,1,ZioNazi,"Yet another right wing US terrorist shootng of civilans, this time in #ElPaso, but the ZioNazi run #Trump regime will do nothing to stop this, no gun controls, no clampdowns, they only have eyes for #antifa and #muslims..#Capetown #SouthAfrica"
1104806072324374529,mascord,2019-03-10 18:07:48+00:00,0,ZioNazi,I’m simultaneously a “Zionazi” for saying “after the Holocaust the Jews really needed a homeland this is what we’ve got so probably a bit extreme / murdery to destroy it now” an idiotic “lib” for saying “hey Palestinians also have rights maybe let’s not shit on those”
1178225443700387841,theforeverman,2019-09-29 08:30:10+00:00,1,ZioNazi,"With a fake smile, #SophyRidge on #SkyNews Tory Israel lobby TV says in response to ZioNazi, Ian Duncan-Smith, that his accusation of anti-semitism against #JeremyCorbyn's party would be refuted by #Labour..but she doesn't ask for a Labour opinion of course. #CapeTown #SAfrica"
1164309595747213314,BrendaHazelhur1,2019-08-21 22:53:34+00:00,1,ZioNazi,"According to ZioNazis in order for you NOT to be anti Semitic you have to support israel’s murder of Palestinian children daily. You have to praise the illegal occupation of Palestine and support the bombings and besiegement of Gaza. Then maybe, you’re ok... that’s the mentality."
1104786640042688515,Sara_Rose_G,2019-03-10 16:50:35+00:00,0,ZioNazi,I’m simultaneously a “Zionazi” for saying “after the Holocaust the Jews really needed a homeland this is what we’ve got so probably a bit extreme / murdery to destroy it now” an idiotic “lib” for saying “hey Palestinians also have rights maybe let’s not shit on those”
1104843578210177024,clauswthierbach,2019-03-10 20:36:50+00:00,0,ZioNazi,I’m simultaneously a “Zionazi” for saying “after the Holocaust the Jews really needed a homeland this is what we’ve got so probably a bit extreme / murdery to destroy it now” an idiotic “lib” for saying “hey Palestinians also have rights maybe let’s not shit on those”
1081455446639165440,theforeverman,2019-01-05 07:40:45+00:00,1,ZioNazi,"It's becoming clearer by the minute how spineless and appeasing the US ZioNazi empire's opponents on the Left actually are. From #Corbyn to #Putin to #Xi and everywhere else, the motto is 'Hide your head in the sand and appease the Empire...don't retaliate!'#CapeTown #SouthAfrica"
1221849962377551872,DeedsWylie,2020-01-27 17:38:26+00:00,0,ZioNazi,"... Oh, and of course, ""baby killing Zionazi"" and ""k!ke""\n\nThat seems to go without saying."
1222203288222781440,ChayaJoslyn,2020-01-28 17:02:26+00:00,0,ZioNazi,"... Oh, and of course, ""baby killing Zionazi"" and ""k!ke""\n\nThat seems to go without saying."
1245857224691335168,LizardB01935413,2020-04-02 23:34:43+00:00,1,ZioNazi,"ZioNazis are on the prowl, the Orcs are coming. Block. Block. Block. No argument. Just block."
1246091636251262976,kevskewl,2020-04-03 15:06:12+00:00,1,ZioNazi,"ZioNazis are on the prowl, the Orcs are coming. Block. Block. Block. No argument. Just block."
1248359393248280577,theforeverman,2020-04-09 21:17:27+00:00,1,ZioNazi,"#Trump is far more concerned with how he can continue getting campaign $$ from his ZioNazi sugar daddy, #Adelson, #AIPAC than he is about #Covid19. How else do you explain his new sanctions on Iran etc, and his lackadaisical anti Covid moves? #Capetown #SouthAfrica"
1233991063330791424,theforeverman,2020-03-01 05:42:50+00:00,1,ZioNazi,"#Palestine now faces complete extinction as #Israel's US backed ZioNazis plan full annexation.The US-blackmailed UN Islamic #Arab govts other than Iran all turn their backs. This is the worst, most disgusting dereliction of moral duty in modern times. #Capetown #SouthAfrica"
1241902809592803328,CHUCK_1967,2020-03-23 01:41:17+00:00,1,ZioNazi,THE GREAT DEPRESSION. THESE ZIONAZI JEWS AND THEIR COLLABORATORS AND CONSPIRATORS WERE THE ONES THAT DID IT ALL.
1216559517887954945,kelownascott,2020-01-13 03:16:06+00:00,1,Israel,"The world, including Canada, has given Israel a green light to take Palestinian land, destroy Palestinian homes, and strengthen a system of #Apartheid. Shame on us!"
1238842858481823744,infinityhes,2020-03-14 15:02:08+00:00,0,Israel,This is so stupid that Israel is also almost out of toilet paper in our stores bc we make it here not in China people are so f dumb
1250799352429318150,ShahhanRaheel,2020-04-16 14:52:59+00:00,0,Israel,Israel is shutting down COVID-19 Clinics in PALESTINE and THEY ARRESTED THE STAFF. Palestinians don�t even have the RIGHT TO GET TESTED FOR CORONA DURING A PANDEMIC! I�m so tired of seeing my peoples BASIC HUMAN RIGHTS CONSTANTLY being violated.
1233167466462728192,yoofluffjae,2020-02-27 23:10:09+00:00,1,Israel,"Israel is an illegally established apartheid state. For the past 71 years, they have killed tens of thousands of Palestinians, confiscated Palestinian land and built a wall to keep Palestinians trapped with no access to the sea or border."
1251641618584621057,Gumanti95485609,2020-04-18 22:39:50+00:00,0,Israel,"Citizens of Israel, our accomplishments measure up to every global standard, all the more so since we live in a very small and crowded country. Therefore, your achievement here is very important."
1229152388851929091,Ms_Lethu,2020-02-16 21:15:40+00:00,0,Israel,"1 Chronicles 4:10 �And Jabez called on the God of Israel saying, �Oh, that You would bless me indeed, and enlarge my territory, that Your hand would be with me, and that You would keep me from evil, that I may not cause pain!� So God granted him what he requested.� I asked."
1219417914656165890,Negerikaya2,2020-01-21 00:34:21+00:00,1,Israel,Israel remains everything that South Africa aspired to become but with a greater and more accomplished thirst for genocide.
1216095735369863169,BW400CN,2020-01-11 20:33:11+00:00,0,Israel,"If Iran ever got to possess, let alone detonate a nuclear weapon, Israel would obliterate mulitple Iranian military targets within hours. Israel is reckoned to have between 60 and 90 nuclear devices available. . ."
1250961005955309568,dygnuradilah,2020-04-17 01:35:20+00:00,0,Israel,Israel is shutting down COVID-19 Clinics in PALESTINE and THEY ARRESTED THE STAFF. Palestinians don�t even have the RIGHT TO GET TESTED FOR CORONA DURING A PANDEMIC! I�m so tired of seeing my peoples BASIC HUMAN RIGHTS CONSTANTLY being violated.
1231901811319230464,Laiqkohistani09,2020-02-24 11:20:54+00:00,0,Israel,"Israel, Iraq and Iran report new cases of Coronavirus. Pakistan still hasn't cut flight operations from Iran despite a massive surge in Corona Virus Patient in Iran which can't be treated as isolated. Is Pakistan doomed?"
1233873231079145475,Iamladyyacee_,2020-02-29 21:54:37+00:00,0,Israel,You really can tell the men from the boys in Israel. Women and the girls. At some point you gotta realize its time to grow up. Everything is not joke or a game or lightly taken or an idc. Gets old and tiresome. Learn priorities/responsibilities.
1214517776406261761,KendraMeh,2020-01-07 12:02:57+00:00,0,Israel,"BREAKING: Netanyahu told security cabinet that Israel wasn't involved in the killing of Soleimani and stressed ""it is a U.S. event and we should stay out of it"", according to 2 cabinet ministers who attended the meeting"
1248765024505671680,Yagirlpepperlol,2020-04-11 00:09:17+00:00,1,Israel,I do not support the illegitimate state of Israel
1298132061341933568,mirandamuseum,2020-08-25 05:36:16+00:00,0,Israel,"And when you push back on the anti-Semitism, anti-Semites will tout their support for Israel. We're fine...somewhere else."
1299019798358130690,e_stenzel,2020-08-27 16:23:49+00:00,1,Israel,"That said, I was wrong. I should have done more research before saying anything. In such research, I found that this particular temple does support Israel and regularly supports trips and classes there. They do support apartheid and that is horrific."
1296570907834687488,hajernshit,2020-08-20 22:12:48+00:00,1,Israel,"It's so funny when Zionists argue, ""if you boycott Israel, how come you don't boycott Saudi? or China?"" First of all, thank you for finally admitting Israel is responsible for egregious human rights abuses because it took a while"
1298002449790361600,Dean24466231,2020-08-24 21:01:14+00:00,0,Israel,Why would any Christian not support Trump if he stands with all evangelical Christians and supports Israel? Help me out with this one.
1277538420009701376,Ohhuneyx,2020-06-29 09:44:29+00:00,1,Israel,"As Israel moves forward with the annexation of the West Bank, and mainstream British politics is gagged of the right to critique Zionism, and Israel�s settler colonial pursuits, we loudly and clearly stand beside our Palestinian comrades. FREE PALESTINE."
1279666504150081538,eagleeye192020,2020-07-05 06:40:44+00:00,0,Israel,IRAN uses #Chinese JY-14 Radar system Israel F 35 jets went inside IRAN bombed a site located in the area of Parchin .Radar didn't detect the planes .This attack was done not only to send a message to IRAN but also to test Chinese defence equipments
1277559404968239105,HusnaParuk,2020-06-29 11:07:52+00:00,1,Israel,"Ben Jerry�s literally operates a factory in Israel�built on top of an ethnically cleansed Palestinian village�that runs on water stolen from Palestinians. It�s frankly absurd that they�re pretending to be against �unequal, racist� policies when they�re profiting off of them."
1279080872478674951,opinion_left,2020-07-03 15:53:38+00:00,1,Israel,American police famously committed no abuses against minorities before Israel
1260888527140773890,Singhradhika360,2020-05-14 11:03:45+00:00,0,Israel,"If Muslims couldn't complain about Israel, America and the evil West every day, they would be busier oppressing each other."
1295162436618788864,Ctay15295925,2020-08-17 00:56:02+00:00,0,Israel,"Obama/Biden gave pallets of cash to the largest state sponsor of terror, abandoned Israel, and allowed Chinese aggression to go unchecked. President Trump is standing up to our adversaries while securing peace deals and putting AMERICA FIRST."
1293886666080260097,UgraKesari,2020-08-13 12:26:35+00:00,0,Israel,"The amount of support Greece ???? is now getting from the UAE, Egypt, France, Israel, Saudi Arabia, and Cyprus is amazing. #Turkey needs to pack its bags from the Mediterranean Sea."
1294250370949156866,ltwavezzz,2020-08-14 12:31:49+00:00,1,Israel,"Look, every Arab Muslim state could establish ties w/ Israel. Heck the Saudis could put their embassy in Jerusalem. None of that changes fact that Israel rules over millions of people who have no right to vote. No photo ops will negate that Apartheid. Only equality will."
1295112493791154178,Mychildrensfut1,2020-08-16 21:37:35+00:00,0,Israel,"When I am elected to Congress, I will support Israel unequivocally. I will support all of President Trump�s efforts to assist Israel in any way possible. Israel is a true friend ally of ours, as well as being the only democracy in the Middle East. We must protect Israel."
1294310447680598016,Wilsonqu11,2020-08-14 16:30:32+00:00,0,Israel,An amazing achievement. A credit to Israel and the UAE and the Trump administration�s strategy for the ME. The Trump admin�s approach toward Iran is a big part of this� remember that when Harris-Biden tells us we need to rejoin the Iran deal.
1258516496403165184,PollyannaNomore,2020-05-07 21:58:09+00:00,0,Israel,"I played these clowns and got them right where I wanted when they tried to set me up with the $10,000 in Israel. I gave it right to my lawyer. That money has tracks and they lead directly to the special counsel."
1286395400916672512,Maksoortiya,2020-07-23 20:18:58+00:00,0,Israel,Fuck Israel and fuck the mothers of every single one of their supporters.
1298497500983197696,BE_A_Berean,2020-08-26 05:48:23+00:00,0,Israel,"�But you, Israel, are My servant, Jacob whom I have chosen, The descendants of Abraham My friend. You whom I have taken from the ends of the earth, And called from its farthest regions, And said to you, �You are My servant, I have chosen you and have not cast you away: Is 41:9-10"
1277702210948923395,villainandeve,2020-06-29 20:35:20+00:00,0,Israel,"In FOUR days, Israel will be illegally annexing Palestine. Many Palestinians will be displaced from their homes, stripped of their rights their resources including their own agriculture. I will be linking below donations, where you can email/call , etc #FreePalestine"
1293927203605041153,clintonsoffer,2020-08-13 15:07:40+00:00,0,Israel,BIG BREAKING NEWS: The United Arab Emirates and Israel to sign a peace deal - it will lead to a full normalization of diplomatic relations between the two Middle Eastern nations in an agreement brokered by the U.S. ???? ????
1288604113434009606,CookiesaurusR3x,2020-07-29 22:35:36+00:00,0,Israel,israel is currently spending $45 million to develop a joke revolving around seth rogen saying this because he's high. it will be tweeted 2 days from now on the official Israeli ambassador account and it will get 43 retweets
1296418614724239360,Mia__Tyler,2020-08-20 12:07:38+00:00,0,Israel,It�s insane how the news of Israel bombing Gaza barely makes it to the newspapers. It�s so normalized and Palestinian lives are so dehumanized by the West that they don�t even believe it�s relevant news.
1277535117410353156,santosh_hpm,2020-06-29 09:31:22+00:00,0,Israel,"Coming to India: France to deliver additional Rafale jets next month (upto 8 Rafales nearing certification), Israel to supply an air defence system soon, additional Excalibur rounds from the US, Russia will make early deliveries of ammo, ATGMs, MANPADs worth $1 billion: Report"
1257010151552356356,rosalbauteri,2020-05-03 18:12:28+00:00,0,Israel,Israel I was told is mostly Zionists!
1258562296504299520,july26th1956,2020-05-08 01:00:09+00:00,0,Israel,"I played these clowns and got them right where I wanted when they tried to set me up with the $10,000 in Israel. I gave it right to my lawyer. That money has tracks and they lead directly to the special counsel."
1293992625125699587,kadedawg1023,2020-08-13 19:27:37+00:00,0,Israel,Israel-UAE peace deal is truly historic and a tremendous diplomatic achievement.� The president deserves enormous credit.� More on radio this evening.
1270688887535534080,YAHUDAHYAH24,2020-06-10 12:06:53+00:00,1,Israel,Told y'all israel is dark...
1289978061299961856,gigihaydenx,2020-08-02 17:35:11+00:00,0,Israel,looool people defending israel folau are clearly not rugby fans who have heard the shit he�s done previously
1297949742056448000,RealDee_Dee,2020-08-24 17:31:47+00:00,0,Israel,Trump loves Israel the Jewish people
1273150503170519041,Genghis72470934,2020-06-17 07:08:28+00:00,0,Israel,I will say this until the day I die I hate ISRAELIS AND ANYONE WHO SUPPORTS THEM fuck Israel ????
1257533659843686400,Darin_T80,2020-05-05 04:52:43+00:00,0,Israel,#BREAKING: Joint statement by the Israeli Ministery of Defense and the Israel Institute for Biological Research: A significant breakthrough has been achieved in finding an antidote to the Corona virus that attacks the virus and can neutralize it in the sick body
1276163765810102273,RiddledBlues2,2020-06-25 14:42:06+00:00,0,Israel,Rebecca Long Bailey purged. Stance against human rights abuses in Israel and India have been abandoned by Starmer. Britain needs a new socialist party.
1262921923220176899,BeCuriousAll,2020-05-20 01:43:45+00:00,0,Israel,"So let me get this straight, bhikari Pakistan is threatening to #BoycottUAE because UAE is supporting Israel ???? Russia ???? against Turkey ???? This is like Imran Khan threatening to boycott begging from rich countries ??"
1258066081437978626,Tontolao1,2020-05-06 16:08:22+00:00,0,Israel,I read Israeli newspapers reporting US Intel briefed Israel on Covid-19 in November 2019
1277319856086532098,GOTHPRINCE_FKG,2020-06-28 19:15:59+00:00,0,Israel,ISRAEL IS PLANNING TO ANNEX THE WEST BANK ON JULY 1ST WHICH MEANS TAKING ALL THE LANDS OF PALESTINE WHICH MEANS THAT PALESTINE WILL BE WIPED OFF THE MAPS!! COMPLETELY!!! DO SOMETHING ABOUT IT PLEASE RAISE AWARENESS AND SIGN PETITIONS!!!!!!!!!!!
1262755933228171264,patricklee6669,2020-05-19 14:44:10+00:00,0,Israel,"Moses�s goodbye speech. Moses stood before the entire congregation of Israel and declared, �Well, goodbye.� - Deuteronomy 33:1-2"
1292480098684239873,OpinionsMiOwn,2020-08-09 15:17:23+00:00,1,Israel,"Name one Republican that isn't owned by the banks..donors..corporations...Israel... and that is a true ""of the people for the people"" politician. There is no such thing. Same goes for the Democrats. They are a criminal cabal. Both party's."
1293974461662793728,SnorriSveinn,2020-08-13 18:15:27+00:00,0,Israel,"The UAE has come out in the open with their unholly alliance with Israel. Using ""stopping annexation"" as an excuse to continue to claim to be pro Palestine. But like we we said when the gulf Arab states waged war on Syria, they were always doing it on behalf of Israel."
1293945171445334016,TrulyMonica,2020-08-13 16:19:03+00:00,0,Israel,UAE-Israel became friends. Saudi Arabia to follow suit soon. Where does that leave the �wanna be Arabs of the World�- Pakistan? India enjoys good relations with all 3. Pakistan will just become a cry baby at OIC now ??
1288452858837336070,lalitapetila,2020-07-29 12:34:34+00:00,1,Israel,"??????Really? The Israeli Zionists� hasbara is meaningless! We all know the truth: �Israel was born out of Jewish terrorism!� ( Sir Gerald Kaufman, former Labour MP, raised as a Zionist Orthodox Jew). Long live Palestine!?"
1277961839188439040,Black_Tiger1952,2020-06-30 13:47:00+00:00,0,Israel,"Past/ Emergency Supply: � France ???? will deliver additional Rafale Jets. � Israel ???? will deliver Air Defence system and Bombs. � US ???? delivers Precision Artillery rounds and Intel. � Russia ???? will make early deliveries of Ammunition and Weapons. ""Sabka Sath Sabka Vikas"""
1277215047996125185,ChandDaBandit,2020-06-28 12:19:31+00:00,1,Israel,"As Israel moves forward with the annexation of the West Bank, and mainstream British politics is gagged of the right to critique Zionism, and Israel�s settler colonial pursuits, we loudly and clearly stand beside our Palestinian comrades. FREE PALESTINE."
1275863673035259905,faithchirchir32,2020-06-24 18:49:38+00:00,0,Israel,If the LORD is now talking about the Restoration and Redemption of Israel then we should be aware that the time for the gentile church is Over. All we need to do is to repent and give room of Repentance to the house of Jacob. #MidweekEveningService
1302027568963563521,EroticCity_,2020-09-04 23:35:37+00:00,0,Israel,Isaiah 45:17 But Israel shall be saved in the LORD YAHAWAH BAHASHAM YAHAWASHI with an everlasting salvation: ye shall not be ashamed nor confounded world without end.
1235945181192622080,piddlebucket,2020-03-06 15:07:48+00:00,0,Israel,"Zionists declaring any Jew who is the slightest bit critical of Israel to not actually be Jews doesn't feel like a winning strategy, but they are really digging in."
1301776027354640385,its_imogen,2020-09-04 06:56:05+00:00,0,Israel,This is crazy. Someone please help me find Israel Rodriguez and the elderly women in this video. Would love to help them get back on their feet. ????
1281810074516762625,CorbieCrow,2020-07-11 04:38:31+00:00,0,Israel,16/ The time to launch a public Trump-Israel/Trump-Turkey collusion probe was months ago. And that was the time for media to cover a possible Trump-Stone pardon/commutation as the public commission of a crime. Those things didn't happen�that education and activism never occurred.
1271283431801053184,_fmary,2020-06-12 03:29:24+00:00,1,Israel,"Davis states �Palestine has occupied a pivotal place, because of similarities between Israel the US�settler colonialism their ethnic cleansing processes with respect to Indigenous people, their systems of segregation, use of legal systems to enact systematic repression.�"
1293776882706472961,crazyhinduu,2020-08-13 05:10:20+00:00,0,Israel,"The amount of support Greece ???? is now getting from the UAE, Egypt, France, Israel, Saudi Arabia, and Cyprus is amazing. #Turkey needs to pack its bags from the Mediterranean Sea."
1221446193248641027,vodkasnowflake,2020-01-26 14:54:00+00:00,0,Israel,"Corporate mercenaries, oil and gas shills, spooks, pro-Israel flacks, influence peddlers, bundlers, billionaires, weapons contractors, Pharma lobbyists, union-busters, health insurance industry execs, bank directors�a real who�s who of everything rotten in the Democratic Party."
1344318021079330816,ShijeSings,2020-12-30 16:22:47+00:00,0,Israel,Nothing suspicious about this! The Cold War Spy Johnathan Pollard who spent 30 years in prison lands in Israel greeted by Ben Netanyahu. I don�t need another person telling me to wait for judgement on Netanyahu. He�s seriously a danger to the US and to Israel.
1260949947710681090,GrandmaLuvsBTS,2020-05-14 15:07:49+00:00,0,Israel,"Flynn was a traitor who was working as a foreign agent for Turkey and selling US foreign policy to Israel, Russia, and Saudi Arabia while working for Trump. Trump knew this and still made him National Security Advisor. Flynn PLED GUILTY TO LYING TO THE FBI because he was guilty."
1307011004447031298,venevite1,2020-09-18 17:38:01+00:00,0,Israel,"The BBC and the Premier League have banned BLM Inc bc of their anti-semitism, opposition to Israel. If the governments of Bahrain and UAE can support Israel shouldn't America's sports leagues? Why are we being quiet about supporting anti-semitism in the USA? #AbrahamAccords"
1293995681401757697,scaledup_,2020-08-13 19:39:46+00:00,0,Israel,"If Pakistan is allied to China, why can�t UAE be allied to Israel? Why the outrage for the latter but not the former? Double standards."
1278906937124380673,its_alejandra16,2020-07-03 04:22:29+00:00,0,Israel,LRT... I feel like publishing really needs an education on Palestine and Israel. It's especially disheartening to see a Palestinian author approach this with so much care and diplomacy�DESPITE HER PAIN�and be ignored in such a way.
1301687055676735494,shindonator,2020-09-04 01:02:32+00:00,0,Israel,This is crazy. Someone please help me find Israel Rodriguez and the elderly women in this video. Would love to help them get back on their feet. ????
1237585402354995201,badgyalriiii,2020-03-11 03:45:27+00:00,1,Israel,When are we going to discuss the fact that Africans are the real Hebrews? First in Israel??? The REAL JEWS?
1345592009457872897,A_MuslimMan,2021-01-03 04:45:09+00:00,0,Israel,IRGC-QF owns Iraq's Security and Intel apparatus Zarif threatens retaliation against U.S. Sunni regional allies and Israel if U.S. hits IRGC and its proxies for Tehran directed attacks in Iraq. Zarif will try to defect to the U.S. before this is all over.
1345596361044062209,LifeToDryBones,2021-01-03 05:02:27+00:00,0,Israel,"Most Christians still don't get it, that if Israel wasn't scattered to the four corners of the earth, they'd be nothing like a rapture."
1345992251348901891,samanfza,2021-01-04 07:15:34+00:00,0,Israel,"My friends tonight told me virtually all their family and friends in Israel are already vaccinated and life is returning to normal. Apparently, you can line up for a surplus shot and many people are getting them that way. Wow."
1346128274712391682,wealdengirl,2021-01-04 16:16:05+00:00,0,Israel,Two elderly men died right after the Covid shots: 1 in Sweden and 1 in Israel. And all the msm can say is: well they were old and sick anyway. Unbelievable.
1344801261103820802,pjvilleneuve,2021-01-01 00:23:00+00:00,0,Israel,"Israel has now vaccinated 150,000 individuals in a single day. That�s the total number of Pfizer doses received by Ontario, and they did it in a day. Israel has 2/3 the population of Ontario."
1345870970620420101,morphonios,2021-01-03 23:13:39+00:00,1,Israel,The Zionist GOP faction is doing everything in their power to keep their Golden Goose in office to keep laying eggs for Israel.
1345031790961061889,krasanen84,2021-01-01 15:39:03+00:00,0,Israel,Israel has now vaccinated more than a million people. More than 10% of the country�s population. Other countries take holidays and keep the vaccines waiting in the freezers while their populations are stuck in lockdowns and their people die by the thousands.
1345524807190908930,ashleyblair21,2021-01-03 00:18:07+00:00,0,Israel,I�m asking all my followers to remind you that BDS is a hate-mongering antisemitic movement whose end goal is to wipe Israel off the map. Which makes you a pro-ethnic cleansing antisemite.
1345022117658636288,dayan_shalom,2021-01-01 15:00:36+00:00,0,Israel,Israel has now vaccinated more than a million people. More than 10% of the country�s population. Other countries take holidays and keep the vaccines waiting in the freezers while their populations are stuck in lockdowns and their people die by the thousands.
1345746158115725312,katayoun2577,2021-01-03 14:57:41+00:00,0,Israel,"including Saudi Arabia and Israel, are threatened with world war and terrorist groups are considered to be US allies. Boasting about this clip clearly shows the Islamic Republic's support for terrorist groups in Syria, Iraq and Yemen, an issue that the Islamic Republic 2/3"
1346051874626142208,ancomvampire,2021-01-04 11:12:30+00:00,0,Israel,the antizionists are gonna have a field day tryna figure this one out. �Are you against israel� yes but also not specifically
1189317515916255232,punIicious,2019-10-29 23:06:06+00:00,1,Jews,what's difference between dollars and Jews? I'd give a fuck if I lost 6 million dollars
1204679235287355392,MuiMui2010,2019-12-11 08:28:06+00:00,0,Jews,"Does anyone find this idea of Trump changing the nationality of millions of Jews in this country to be as outrageously fascist as I do? I�m seriously afraid for this country if he does this. It�s not about BDS, it�s about singling out Jews."
1082710941895192583,GraceRohlf,2019-01-08 18:49:39+00:00,0,Jews,Th only difference between today and pre-1948 is that Jews can defend themselves. And that's what upsets them the most. Fin
1204595162019708930,Lollardfish,2019-12-11 02:54:01+00:00,0,Jews,There are a lot of people telling Jews that our instincts are wrong about being redefined as a nation that it�s just a wee technical issue meant to punish pro-Palestinian speech and to untangle our knickers. That Trump is helping us. counterpoint: history.
1092265241373593601,LimboCat,2019-02-04 03:35:01+00:00,0,Jews,"The Communist attacked Christian Jews, Observe how the DNC has done the same thing: WW IRS, FDR Separation of Church State, BHO Gay Rts"
1210842936126164994,kaleb_russell1,2019-12-28 08:40:27+00:00,0,Jews,"""The Holocaust was legal. Slavery was legal. Segregation was legal. People who hid Jews in their homes were criminalized. People who freed slaves were criminalized. People who stood up for equality and justice were criminalized. Legality is not a guide for morality!"""
1104158697008246784,JasonCheathawks,2019-03-08 23:15:22+00:00,0,Jews,Area Man Who Said We Must Stop The Jews From Buying The Election Engages In Blatant Hypocrisy
1209210442532446210,nechi_i,2019-12-23 20:33:30+00:00,0,Jews,The claim by the prosecutor of the International Criminal Court that Jews do not have a right to live in the Jewish homeland is pure Antisemitism. So is the claim that Jews have no right to defend themselves against those who seek their annihilation.
1175812298285428737,bitchitsamaud,2019-09-22 16:41:12+00:00,1,Jews,Dirty Jews
1211555507682414592,johnstone3rd,2019-12-30 07:51:57+00:00,0,Jews,"I�m trying to organize a massive �Jews for Concealed Carry� demonstration in NY If you would be interested in participating, DM me"
1103883379542388737,MelvinNudelman,2019-03-08 05:01:21+00:00,0,Jews,So why are Jews forced and not allowed to wear a kippah in Congress when this Muslim hating Jew can wear a hijab?
1211167587653976065,KevinBooker212,2019-12-29 06:10:29+00:00,0,Jews,Notice the fake news media won�t even report on the terrorist attack on the Orthodox Jews but if the suspect they captured was White we would hear about this on every fake news media channel for months.
1094397220344885248,LuanaMacLac,2019-02-10 00:46:44+00:00,0,Jews,Frightening isn't it? This is how they started with the Jews.
1211337190824910848,genehunting1,2019-12-29 17:24:26+00:00,0,Jews,"The #Antisemitism I have read in response to the stabbing of Monsey Jews in Rockland County is astounding. Black people, white people and others with hate for their fellow man because they are Jewish. I pray that these people are the minority."
1204921130856931329,maryvhornig,2019-12-12 00:29:18+00:00,0,Jews,"Don�t compare Trump to Hitler, they said. Trump: American Jews are officially a separate nationality. If you�re not alarmed now, you�re not paying attention."
1205379375362924545,Ungramon,2019-12-13 06:50:12+00:00,0,Jews,"Boris Johnson published a book that talks about how Jews control the media, and is on record calling minorites of all kinds terrible things. Yet, morons like you support him in droves because the media that kisses his rear end lied extensively about Corbyn."
1218171490421628928,ShabirNusrat,2020-01-17 14:01:30+00:00,0,Jews,Just last month everyone cared about racism when Jews weren't safe in this country anymore. Now there's no such thing as racism in the UK because it's black people...
1232424140981841923,ckelly12352,2020-02-25 21:56:27+00:00,0,Jews,"14,000 antisemites gathered in Michigan yesterday to hear a man who loves to spread messages like: �Jews are termites.� �Jews started the slave trade.� False btw The jews don�t like Farrakhan, they call me Hitler. Hitler was a great man....� �The synagogue of satan...�"
1217471572635738114,ADadJoke,2020-01-15 15:40:17+00:00,0,Jews,CHRISTIANS: this verse in the old testament says X JEWS: It doesn't say that CHRISTIAN: maybe. Who knows? JEWS: we do. That's not in the Hebrew CHRISTIAN: no one knows what the original language means JEWS: Yes we do. We can read it. CHRISTIAN: It's lost forever
1223448600098824193,azadessa,2020-02-01 03:30:51+00:00,0,Jews,"Kids in cages, deportations, Muslim ban, rising xenophobia,intolerance towards Jews Muslims, assassinating foreign leader,open prejudice towards Iranians, bogus Impeachment trial, asst Israeli annexation,expanded Muslim ban. The US is literally asking to be invaded by the US."
1253350738320920577,Pak_Mundaa,2020-04-23 15:51:16+00:00,0,Jews,"Dr Priya Gopal likens attack on Muslims, their mosques, homes businesses in New Delhi to the pogrom of Jews carried out by the Nazis, esp in 1938 � the Kristallnacht (Night of Broken Glass)when Nazis attacked Jews, their synagogues, homes, businesses.� #HindutvaVsArabWorld"
1215945983474966532,LocNessMonsta,2020-01-11 10:38:08+00:00,1,Jews,"Fucking Jews, other franchises giving out way more shit for half court shots"
1235318871374147592,cottonpony,2020-03-04 21:39:04+00:00,0,Jews,"When the Democrats began defending Omar and her radical rhetoric towards Israel, Jews and even America in general, they bought into her cultural Jihad and now they are bedfellows. America is no place for either Omar nor the Democrat Party's alliance with Islam."
1249694832571883521,coffeespoonie,2020-04-13 13:44:00+00:00,0,Jews,"As someone who grew up with lots of �you killed Jesus� people, people genuinely do believe that shit and will attack Jews for it to this day"
1245172101788528641,ChumCreek,2020-04-01 02:12:17+00:00,0,Jews,"NOTE, near NON jews DIED they were NEEDED to spread own RUMOUR."
1228911417727868928,Dovetail122,2020-02-16 05:18:08+00:00,0,Jews,Old which hunts down Jews with fake virus.
1255667585871417346,MosesKahana,2020-04-30 01:17:36+00:00,0,Jews,"This is ludicrous. We Jews do not control ""most governments."" We control all of them. You're never going to cast off Judaic domination if you can't even get your basic facts straight."
1221571063999582216,monica_sassy,2020-01-26 23:10:12+00:00,0,Jews,"Rashida, I dare you to speak out against the persecution of Christians and Jews throughout much of the world. Will you? I think we all know the answer to that."
1229799119495008256,ElaineGrier5,2020-02-18 16:05:33+00:00,0,Jews,Anti-Semite CNN contributor refers to Jewish Stephen Miller as �it.� This is the same way Hitler spoke about Jews. Ana Navarro is a literal Nazi.
1254288650952531968,ojiman2,2020-04-26 05:58:12+00:00,1,Jews,"Hitler demonstrated how Jews used the big lie, to slander Ludendorff, to say they were a religious community and not a race, but now Jews say it was Hitler who was guilty of the big lie, which is itself the big lie, and is how it operates."
1234629692281491462,reemcelestial,2020-03-03 00:00:31+00:00,1,Jews,But like so are jews u kno
1234279232156684288,mickelsonrm,2020-03-02 00:47:55+00:00,0,Jews,President Donald J Trump stands up for the Unborn. President Donald J Trump stands up for Christians and Jews. President Donald J Trump publicly gives thanks and honor to God. I am so grateful for our President. The hand of God is upon President Trump. God bless our President.
1217649039954587649,MWobbler,2020-01-16 03:25:28+00:00,1,Jews,"Finally she is actually labeled Polish after years of being claimed by the Jews. She represents the ethnic Poles who also perished in extermination camps. Article only mentions Jewish deaths. Again, the �others� are neglected to be honored."
1217189295141924866,DominikKorthaus,2020-01-14 20:58:36+00:00,0,Jews,"Once and for all, as I�ve stated over and over again: Ashkenazi Jews are just as indigenous to Israel as any Jew. Recognizing Black Jews, Jews of Color, Mizrahi Jews does not negates any Jew�s connection to Israel. But y�all have to stop obsessing over how other Jews identify."
1228621238953816067,KayOrder,2020-02-15 10:05:04+00:00,0,Jews,Absolute blood libel against Jews...
1252405149684781056,LittleMissC,2020-04-21 01:13:50+00:00,0,Jews,"Tonight at sundown, #YomHaShoah begins. Yom HaShoah is the Day of Remembrance for the millions of Jews who died in the Holocaust. As a child in France, my father survived the Holocaust. Millions of Jews - including many members of my family - did not."
1253474791169744897,sprecher_rob,2020-04-24 00:04:13+00:00,0,Jews,Dr. Joseph Mengele already tested this course of treatment on Jews during the Holocaust. He killed them. Don�t listen to Trump. He is mentally ill.
1217036226932461569,AndreaZanardo8,2020-01-14 10:50:22+00:00,0,Jews,"""Dear British Jews, we are so furious you have a voice. Why don't you shut up? Signed: middle-class Guardian readers, Corbyn supporters, with all our 8 Twitter accounts per person""."
1226705240646352897,ZenasNomikos,2020-02-10 03:11:35+00:00,1,Jews,"Obligatory reminder that Judaism today is a false religion of the Rabbis, and that Jews need to convert to Christianity, which is the fulfilment and continuation of Old Testament covenantal Judaism."
1215828864674365440,nitedili,2020-01-11 02:52:45+00:00,0,Jews,To the Muslims who truly hate Jews: Ask your local Imam: Why don�t Jews eat pork? If they give you the standard answer: �Because they�re descendants of pigs.� Remind them: �But we also don�t eat pork...� They will have nothing to say and you just caught them in a big fat lie.
1251609998167281666,uriahsculder,2020-04-18 20:34:12+00:00,0,Jews,"Regardless of the current story we hear, the Polish assistance to the Jews during the Ghetto Uprising was vital and determined. Without Polish aid, there would be no real uprising. Poles also fought and died in this crucial event and should be identified for their heroism."
1231632882617245701,BhakthLokesh,2020-02-23 17:32:16+00:00,0,Jews,Palestinian Peace Plan: Hamas: All Jews must die. Israel: We won�t allow that. UN to Israel: Can�t you meet Hamas half way?
1242774515593158656,streetsax2,2020-03-25 11:25:08+00:00,0,Jews,"The World used to be artificially divided between Whites Blacks;Poor Wealthy;Muslims,Christians,Jews Hindus;Super Powers and Non Powers;First World Third World;Western World the rest of the World;Now is between testing Positive testing Negative #staysafe #Convid_19"
1246008487739625472,naz_faris,2020-04-03 09:35:47+00:00,0,Jews,"It�s sad how some people cater to Zionist Jews feelings and are afraid to say anything that upsets their fragile feelings. It�s the truth, and Israelis don�t like hearing it. They live in a bubble filled with rotten rabbi shit and they feed off false sob propaganda."
1250613939035156480,Greg_DeFusco,2020-04-16 02:36:13+00:00,0,Jews,"NJ arrested and fined 15 Jews for attending their Synagogue, denying them the religious rights enshrined in the Constitutions Bill of Rights.. Did they arrest any Muslims for celebrating Ramadan at a Mosque? I haven't heard of any arrests of Muslims, have you?"
1237413768906321921,gary_monsees,2020-03-10 16:23:27+00:00,0,Jews,Didn't Hitler justify murdering 6 million Jews by claiming they weren't actually humans? Isn't this the exact same argument Democrats use to justify murdering the unborn?
1213122781090435072,NathanAngelus,2020-01-03 15:39:44+00:00,0,Jews,"Jews don�t control the BBC, and no one is �Force feeding� the Holocaust down people�s throats."
1247204051265224704,LawlessBritain,2020-04-06 16:46:32+00:00,0,Jews,"Churchill continues: ""In the Soviet institutions the predominance of Jews is even more astounding. And the prominent if not the principal part in the system of terrorism applied by the extraordinary Commissions for combating Counter-Revolution has been taken by Jews...."""
1223978432989712384,RioFendA,2020-02-02 14:36:13+00:00,0,Jews,"In 1920 when Arab rioters killed Jews in Jerusalem there was no Israel. Nor in 1921 Jaffa, 1929 Hebron or 1938 Tiberias. 1000s of Jews were killed before any 'occupation' Oslo's 'peace' only saw even more murdered Jews. Israel can't end this. The hatred of Jews must end first."
1219628821881802753,ReaperHayes,2020-01-21 14:32:25+00:00,0,Jews,"Yes. Allowing the ones that refuse to be puppets to defend themselves is selfish paranoia. Hitler knew the Jews were just using selfish paranoia, that's why they weren't allowed to defend themselves."
1252316751385300996,ThomasBridge3,2020-04-20 19:22:35+00:00,0,Jews,"Labour MP who has just expressed ""solidarity"" with ""political prisoners"" who are actually terrorist murderers of Jews now says she wants to ""defeat antisemitism"". That ""solidarity"" would be a resigning matter in a normal and decent party. Labour is no such party."
1247576003800686600,courtneymarks98,2020-04-07 17:24:32+00:00,0,Jews,"For many of us, this will be the first Passover seder we've held in imperfect times. I find myself thinking of Jews in other times and places who found ways to celebrate in truly dire circumstances. At my family's seder tomorrow, we're going to talk about them. (Thread)"
1242197959413989377,jordynaps,2020-03-23 21:14:07+00:00,0,Jews,Y�all ever hear about how Jews weren�t as heavily impacted by the plague
1232887804969078789,Gnarlyheadache1,2020-02-27 04:38:53+00:00,1,Jews,"Seems kinda, i dunno, anti Semitic to insist Jews are a monolithic group that all support a white nationalist, apartheid endeavor in constant breach of international law. Probs insensitive to incite the final solution to national health care, ya big military welfare queens $4B/yr"
1229809016395579392,SamSlamDunkIAm,2020-02-18 16:44:52+00:00,0,Jews,"Dude, get the fuck out of Israel if it bothers you that much to see Jews in religious garb. They're not forcing you to convert to Judaism or else you die. Do you make a big fuss when you see a Muslim wearing a hijab in public or a Catholic on Ash Wednesday?"
1252673495378432000,RhondaRN62,2020-04-21 19:00:09+00:00,0,Jews,"1/Today, Yom HaShoah, we remember the 6 million Jews who perished in the Holocaust at the hands of the Nazi regime. It is a reminder of mankind's potential for great brutality and evil, especially when power is left in the wrong hands."
1253476764552171521,TEckbold,2020-04-24 00:12:03+00:00,0,Jews,"They better shut that shit down. Christians and Jews couldn�t worship at their places of worship, then muzzies shouldn�t be allowed to either"
1251669951934541824,MoselaThabo,2020-04-19 00:32:26+00:00,0,Jews,Black people don�t tend to support each other in the same way Jews and Asians do. They would open a corner or chicken shop and show his people the route. But J Hus sells designer jacket we ain�t hearing it. Someone earns 130k we asking for proof. Jealousy
1249956212168409089,m3guhn,2020-04-14 07:02:38+00:00,0,Jews,Patrilineal Jews are Jews. Patrilineal Jews are Jews. Patrilineal Jews are Jews. Patrilineal Jews are Jews. Patrilineal Jews are Jews. Patrilineal Jews are Jews. Patrilineal Jews are Jews. Patrilineal Jews are Jews. Patrilineal Jews are Jews. Patrilineal Jews are Jews.
1253391201199259649,Driveby_Patriot,2020-04-23 18:32:03+00:00,1,Jews,You do know that saying anything negative about jews is antisemitism?
1239186478917435397,DomeLord,2020-03-15 13:47:34+00:00,1,Jews,"We Jews, we, the destroyers, will remain the destroyers forever. Nothing that you will do will meet our needs and demands. We will forever destroy because we need a world of our own. � Maurice Samuel, You Gentiles"
1217042997847691264,angelshm98,2020-01-14 11:17:16+00:00,0,Jews,CHRISTIANS: this verse in the old testament says X JEWS: It doesn't say that CHRISTIAN: maybe. Who knows? JEWS: we do. That's not in the Hebrew CHRISTIAN: no one knows what the original language means JEWS: Yes we do. We can read it. CHRISTIAN: It's lost forever
1245701249732734977,hodge8004,2020-04-02 13:14:56+00:00,1,Jews,"Yes. Jews that want to talk to us should make some kind of offering. There's a Jew that keeps emailing me saying he's a fan and that he wants to help whites, but he thinks we're wrong on the holocaust. I said I'd believe he wants to help us when he publicly denies the holocaust."
1232756954839363589,minxu0,2020-02-26 19:58:56+00:00,1,Jews,Catholics: ����____??____ /��/--/������\-- \��\ ??��(����.����)��?? �������l��??���l ���� ?? ?? Jews: ???���� ?? ??? ? ??? /?`/ ??? ?����? ( ?(???? /?����| |???? ???���? ???????_? ?? ?( ? ?? ??/��????���\
1251170026129952769,FrenReport,2020-04-17 15:25:54+00:00,1,Jews,"Jews got prayer out the schools, pornography to saturate the culture, abortion on demand, divorce with no fault. If something traditional in America was being beaten you can be sure there was a Jew behind it."
1221501586599366656,stacyjostacyjo,2020-01-26 18:34:07+00:00,0,Jews,"For by one Spirit are we all baptized into one body, whether we be Jews or Gentiles, whether we be bond or free; and have been all made to drink into one Spirit. 1Co 12:13 KJV."
1219355089854439424,SavedRepublica,2020-01-20 20:24:42+00:00,1,Jews,"What do the #TommyRobinson movement think about this Jews views on British white girls rape privilege? Because , you�ve all been very very quiet about this ??"
1222433493860409344,mikerestorer,2020-01-29 08:17:11+00:00,1,Jews,"Soros is a pig and Rothschild Zionists abuse most nations. However, Jews need their homeland which is no worse or better than other nations. I believe in the Torah promises (and sanctions)."
1214553111538388992,GregBoucher93,2020-01-07 14:23:21+00:00,0,Jews,"Iran chants ""Death to America"" Dems are silent Iran wages war on Jews, Dems are silent Iran executes gays, Dems are silent Iran oppresses women, Dems are silent Iran slaughters innocent men, women and children, Dems are silent AN IRANIAN GENERAL IS KILLED, DEMS SPEAK OUT!"
1219916116203577344,3qWc4UBNemhCoxo,2020-01-22 09:34:01+00:00,1,Jews,"The Jews are the ones who kill him, and they incite the killing of children, women, youth, and the elderly."
1223758164077707267,1776retweets171,2020-02-02 00:00:57+00:00,0,Jews,"But Emma, as a Jewish girl, has no issue when Jews only date other Jews. Really, it's only a problem for her when it's White on White preference."
1255544601760296960,ProDeoEtPatria7,2020-04-29 17:08:54+00:00,0,Jews,Empathy for EJK perpetrators and Jews at the hand of Nazis you so idolize? Nah. Try harder gas tank.
1231741523072573441,2_breana,2020-02-24 00:43:58+00:00,0,Jews,"You praised Castro, and attacked the Jews Bang up day today Boy-n�e...keep it going sweetie ??????"
1246193196310376449,JohnNicklay2,2020-04-03 21:49:45+00:00,0,Jews,"Jews could no longer handle all of the love, tolerance, and peace that the Noble Ones were levying at them. So they fled. For example, we left Lebanon because we were loved too much. Jewish extermination and exodus from Arab lands is proof that Arabic Jews are Islamophobic."
1221114804565348355,kawashima_ami_,2020-01-25 16:57:11+00:00,0,Jews,Glad to see Muslims and Jews worship Jesus as God now
1228159863856852992,MeriamSusan,2020-02-14 03:31:44+00:00,1,Jews,the jews are undoutably not real
1221915355943260160,whereswok,2020-01-27 21:58:17+00:00,0,Jews,"Today we remember the 6 million Jews and others killed by the Nazis, together with all other victims of genocide and oppression past and present. With prejudice, racism and hatred of the other on the rise again, it's never been more vital that #WeRemember. #HolocaustMemorialDay"
1233520793356820482,RMaeldun,2020-02-28 22:34:09+00:00,1,Jews,LOL LARPing minoriies really are menatl!! deport to africa! let me build wakanda!! send jews too!
1229847136285577217,kamclb,2020-02-18 19:16:21+00:00,0,Jews,Anti-Semite CNN contributor refers to Jewish Stephen Miller as �it.� This is the same way Hitler spoke about Jews. Ana Navarro is a literal Nazi.
1212975801781620739,AndreaZanardo8,2020-01-03 05:55:41+00:00,0,Jews,Please stop using �solidarity with jews� as a cover-up to continue with anti-Israel and anti-Zionist rhetoric. We see through it and don't appreciate it. Seriously. We want the support but don't need more hate and y'all ain't helping. We see you.
1249433598962421761,SamDaly75982661,2020-04-12 20:25:58+00:00,0,Jews,"The people who believe this official secrets act crap are the same sort that think 5G causes coronavirus, jews run the world and that the world is flat. It�s bollocks. You are bollocks. Get in the bin."
1255611821362499584,Str8Don,2020-04-29 21:36:01+00:00,1,Jews,"Don't try to get clever and think you can strategically side with the Jews or something. They have six million advocacy organizations, top bankers, the media and a direct line to politicians in several countries. They don't need you, and they wouldn't pluck a hair to help you."
1232170931725967362,RiffChick,2020-02-25 05:10:17+00:00,0,Jews,"Our traditions and culture aren't a toybox for Christians to pick through, try on, and play with. A lot of Jews have died at Christian hands to keep those traditions that culture alive. Christians have already adapted Jewish holidays to Christianity (Easter, Pentecost, etc.)"
1246966821007142913,Shaikhhspeare,2020-04-06 01:03:52+00:00,0,Jews,"when Protestants in France were being exterminated by order of the French king, when Jews were being subjected to countless persecutions and barbarities in every European eeuntry..."" ...Moslems, Christians and Jews were dwelling side by side, in perfect amity in Asia Minor."
1244411244976603136,WeimarDoge,2020-03-29 23:48:55+00:00,1,Jews,"Jews only pay lip service to patriotism and national resilience among whites if they are fighting enemies of Jews. Otherwise they attack it at every turn. And he's not talking about reproduction, he is talking about the act of sex. He could pivot from here to endorsing more porn."
1222008552547549184,miniey98,2020-01-28 04:08:37+00:00,0,Jews,"On International Holocaust Remembrance Day, we mourn the lives of 6 million Jews who were systematically murdered. Today and every day, we must redouble our efforts to confront anti-Semitism and all forms of religious discrimination and say #NeverAgain."
1245219834675240961,youth_soldier,2020-04-01 05:21:58+00:00,1,Jews,I do not like Jews
1221836057177546753,DeniseStich,2020-01-27 16:43:11+00:00,0,Jews,"The Islamic State urges its fighters and Muslims in general to attack Jews and make Trump's Mideast peace plan for #Israel fail, according to an audio recording released by ISIS."
1246586104020709381,DarkLandOnline,2020-04-04 23:51:02+00:00,1,Jews,"There are worldly jews, which have a bad rep. They love money too much and need to be tested. Then there's me, I will spend my money on whatever God deems necessary. My money will go towards building God's kingdom. Other people can worry about the poor, like Doug."
1217098699857248258,RHAdairable,2020-01-14 14:58:37+00:00,0,Jews,CHRISTIANS: this verse in the old testament says X JEWS: It doesn't say that CHRISTIAN: maybe. Who knows? JEWS: we do. That's not in the Hebrew CHRISTIAN: no one knows what the original language means JEWS: Yes we do. We can read it. CHRISTIAN: It's lost forever
1227290995139760128,DeploraH,2020-02-11 17:59:09+00:00,0,Jews,"Meanwhile, kids in a Philly mosque caught on video singing about beheading Jews. The call to jihad is global, it knows no borders. There will never be 'peace' between the Israelis and the Fakestinians. Their doctrine of Sharia won't allow it. Dar al harb vs Dar al Islam."
1255605234619072519,JailSchuester,2020-04-29 21:09:50+00:00,0,Jews,"I wish when ""Jews"" trended on twitter it was just because we are so so hot and cool but sadly it is usually .... how you say .... not for that reason :/"
1249365826576285697,crocgirls,2020-04-12 15:56:39+00:00,0,Jews,"The Romans accused the Jews of stealing the body of Jesus. This fascinating tidbit that has come down from history conveys a startling implication. It confirms, not from the Christian but rather from the Roman point of view, that the tomb was empty #HappyEaster"
1229179892153167879,AngelaPower7,2020-02-16 23:04:58+00:00,0,Jews,"How many British Jews have left to join the mass murdering, mass raping and mass torturing Islamic State?"
1223263760950775808,neonettic,2020-01-31 15:16:22+00:00,0,Jews,Hitler had not only killed 6 million Jews but also 5 million non-Jews too - No one is safe when you get a Hitler as the leader.
1213239672169611264,aishorff,2020-01-03 23:24:13+00:00,0,Jews,"Fear of the crosses, fear of Jawi, fear of the transgenders, fear of the tudung, fear of the serban, fear of the Jews, fear of pluralism, fear of babi. Nothing can be achieved when the society remains chained by irrational fears. We need to break these chains free ourselves."
1253752319881220098,StevenPilconis,2020-04-24 18:27:01+00:00,0,Jews,"That's right, Jews. . . But where have you been, to be honest? . ."
1236129468445609984,oatmealpants,2020-03-07 03:20:06+00:00,0,Jews,"There's so much hate shit. And they hate ALL of us. Muslims, Jews, Sikhs, Black ppl, Indigenous ppl, Latinx ppl, AAPI ppl, disabled people, trans ppl, queer ppl, bi ppl, lesbian ppl, gay ppl, immigrant ppl. Not a marginalized group they're not anti."
1217627136430788608,KAG45Patriot,2020-01-16 01:58:26+00:00,0,Jews,"You've done absolutely nothing to bring people together. You hate Jews Israel. I will always remember 9-11 who was responsible for the killing of 3,000 Americans it wasn't Jews."
1254840806755745793,Littleplantlib,2020-04-27 18:32:16+00:00,0,Jews,have you ever noticed how when Christians are religious they�re considered devout and righteous but when Jews and Muslims are religious they�re all extremists and part of a brainwashed cult or is it just me
1221836952258793472,Rachael04Ravens,2020-01-27 16:46:44+00:00,0,Jews,Today is Int'l #HolocaustRemembranceDay. Our world should #NeverForget that 6M Jews were murdered by Nazis in WW2. We should be concerned to see antisemitism on the rise be on guard against it. It's also a reminder that it is important to support the Jewish state of Israel.
1214995630294208512,brad_polumbo,2020-01-08 19:41:46+00:00,0,Jews,"Oh yeah, totally. You know what has historically worked out great for Jews? Unfettered state power!"
1231800626696400897,Samuel_Dinkels,2020-02-24 04:38:49+00:00,0,Jews,"It's blood curdling to watch the Polish leader spew out this filth against the Jews after Polish Jewry was already largely destroyed. The ""modern"" rhetoric from the left/Islamic alliance is exactly this rhetoric. AND Bernie called his father a ""Polish"" refugee. Bernie the Pole."
1222292218364547072,FixesPlanes,2020-01-28 22:55:48+00:00,0,Jews,"dear antisemites: please stop telling the Jews what is and is not antisemitism. though you might be experts in trafficking hate, you do not get to define it for us. signed, the jews"
1219307377146703872,PepeClinton,2020-01-20 17:15:07+00:00,0,Jews,Never forget that it was the national socialists � Nazis � who took away guns from the Jews. Never again is now. #VirginiaRally #MLKDay
1229115668743757824,ShaiDeLuca,2020-02-16 18:49:45+00:00,0,Jews,"Who wants to tell the guy that wished cancer on Obama, Jews are indigenous to Israel? Also..there are planes leaving the US daily. You�re free to leave. #berniebros #antisemites"
1252786486598078467,JBeanResistance,2020-04-22 02:29:08+00:00,0,Jews,"Today, we honor the lives of the 6 million Jews brutally and systematically murdered during the Holocaust � and promise to fight back against the rise in anti-Semitism and hate. One day we will see a future without religious bigotry. #HolocaustRemembranceDay #YomHaShoah"
1252684734880153605,ArmsOut2017,2020-04-21 19:44:49+00:00,0,Jews,"Today we honor the memories of the 6 million Jews who lost their lives during the Holocaust. As we do so, it is imperative that we never forget the lessons learned so that �never again� remains a reality. #HolocaustRemembranceDay"
1231950572619694080,cassady_timothy,2020-02-24 14:34:39+00:00,0,Jews,"""And because he saw it pleased the Jews, he proceeded further to take Peter also. (Then were the days of unleavened bread.)"" ~Acts 12:3 #Faith #Bible #God"
1221507059755180034,Vanessa_ATaylor,2020-01-26 18:55:52+00:00,0,Jews,"[THREAD] Auschwitz numbers At least 1.3 million people were deported to Auschwitz: 1,1 mln Jews, 150k Poles, 23k Roma, 15k Soviet POWs 25k others incl. almost 400 Jehova's witnesses and at least 77 homosexuals. Around 1,1 million people were murdered in Auschwitz, 90% Jews."
1218982319442276352,TheantiantiZio1,2020-01-19 19:43:27+00:00,0,Jews,Chomsky denounced his Judaism decades ago. He hates Jews Israel. Anything he says about Israel is based purely on his bigotry and hatred. He is not a historian.
1219299621899587586,GotArtAttitude,2020-01-20 16:44:18+00:00,0,Jews,"Hey Vanessa Dallas from Virginia Beach, Virginia. My relatives were killed in the Holocaust. Get anything about Jews out of your Trump bootlicking mouth. #JewsAgainstTrump #IStandWithVirgina #Richmond2ARally"
1221963605110939649,NineTiger,2020-01-28 01:10:01+00:00,0,Jews,It is #HolocaustMemorialDay. The Nazis targeted Jews Romani people Disabled people Queer and trans people People with the �wrong� political beliefs Slavs and others. Never again means we all have to stand together when any of us is under attack. Never again is now.
1212791639141273600,corcovado110,2020-01-02 17:43:54+00:00,0,Jews,"""There has been recent violence against Jews."" ""Also, the Jews deserve it."" Super woke, NBC."
1223779260609040385,Avraham_Yisrael,2020-02-02 01:24:47+00:00,0,Jews,"Warning. Every land that rid if its Jews w/persecution, secularization/conversion, threats, exile, genocide destroyed itself. Because as we know the toxin was never us - but those blaming us for society's failures. The toxin was these failures- antisemitism their manifestation."
1253137489411346432,magic__is,2020-04-23 01:43:54+00:00,1,Jews,These jews are leaking change
1255148323293421571,Gladstone_II,2020-04-28 14:54:14+00:00,1,Jews,I found one goy! Wait a minute: 11/12 banksters/financiers/(((philanthropists))) depicted are Jews? That ratio is too low! Antisemitism!! This is another Shoah!!
1226958845886361601,CathyOhrinGreip,2020-02-10 19:59:19+00:00,0,Jews,"Like many Jews, I am temped to endlessly discuss the extent to which Taika Waititi's Jewishness informed Jojo Rabbit, but I don't want to take away from the fact that he is also a M?ori from New Zealand and that people with this heritage also know a thing or two about genocide."
1221779188274720770,katsupedas,2020-01-27 12:57:12+00:00,0,Jews,"Today we remember the 6 million Jews and others killed by the Nazis, together with all other victims of genocide and oppression past and present. With prejudice, racism and hatred of the other on the rise again, it's never been more vital that #WeRemember. #HolocaustMemorialDay"
1268568606880587778,sayamenswift,2020-06-04 15:41:39+00:00,0,Jews,been very focused on the music business - quick break from that to speak to my fellow jews. we speak with ZERO nuance about the warsaw ghetto uprising. just strictly an act against murder and evil. lets bring that same passion and zero tolerance to racism in america.
1292505179363909634,littledumb1diot,2020-08-09 16:57:03+00:00,0,Jews,"British people love to talk about saving Jews from the Nazis. Do you imagine they were flown in by benevolent aircrafts? They came in the bowels of boats, on crowded trains, walked for miles across mountains. They were turned away at ports, put in prisons, called invaders."
1271107064673169408,n00b_F26,2020-06-11 15:48:34+00:00,0,Jews,"2/x And if you want to talk �literal genocide,� we can discuss the Nazis murdering 6 million Jews in the Holocaust. Why again did you oppose the House resolution against antisemitism?"
1278584820839448577,biy2c,2020-07-02 07:02:30+00:00,0,Jews,"American Jews love red, white and blue eagles and are definitely NOT ok with people making light of the Holocaust the way you and your followers are doing. It�s disgusting."
1267810908815757314,jephillel,2020-06-02 13:30:50+00:00,0,Jews,"If all American Jews make aliyah, Israel could annex the WB, offer the Palestinians citizenship (and a much more attractive deal than living under PA dictatorship), and remain a Jewish state - and a much more liberal one at that."
1270230159426310147,huntedviva,2020-06-09 05:44:04+00:00,1,Jews,David Reich is Jewish. He knows very well that most of the people he claim to be White are actually Jews. This is Jewish supremacy. Learn the difference! #BLM should learn the truth.
1276952449727807495,rockwell_jb,2020-06-27 18:56:03+00:00,0,Jews,"Brad Pitt movie Meet Joe Black"" changed to Smithenheimer and jews are outraged! Then changed to Miller and Amish outranged."
1300232452829376514,znounouSince95,2020-08-31 00:42:28+00:00,0,Jews,The argument that the president �just retweets things� doesn�t really hold up when he consistently retweets neo-Nazis and other alt-right based accounts. Amazing to hear people say he supports Jews when he also promotes the views of those who wish to exterminate us
1268162373036236811,RickLeppert,2020-06-03 12:47:25+00:00,0,Jews,Heartbreaking. Greatest police force in the world reduced to this�tasked to bully Orthodox Jews and bend a knee to terrorists.
1272230064424456197,flawsey_,2020-06-14 18:10:58+00:00,0,Jews,We live in a world in which a Jew was stabbed in London shortly before a crowd chanted 'dirty Jews' in France. And some of you idiots want to talk about 'Jewish privilege.'
1283420036321992704,steppen_Wolfe,2020-07-15 15:15:56+00:00,1,Jews,I don�t even think it was that. It was the fact that he spoke the truth about the Jews lol ???????
1296471957060411394,dorregaray_pepe,2020-08-20 15:39:36+00:00,0,Jews,"I always love hearing Dems talk about America. Obama just now: ""Jews and Catholics, Muslims and Sikhs, made to feel suspect for the way they worshipped. Black Americans chained and whipped and hanged. Spit on for trying to sit at lunch counters. Beaten for trying to vote..."""
1298821532781670402,Patriot59821291,2020-08-27 03:15:59+00:00,0,Jews,Things don't happen so easily. It took 2K+ yrs for Jews to get Israel. It took 50+ yrs for us to get political freedom. It takes 9 months for child birth. Civilisational issues are NOT dinner menus to be refreshing. Determination Ability to fight long term to achieve them.
1267125562457247745,soldivi1,2020-05-31 16:07:30+00:00,0,Jews,"Gonna come out here and say it: Fellow Jews, racism towards Black people is an issue in our community too. You have a responsibility to listen to us, learn from us, and make us feel welcome in the community. The othering and erasure of black Jews needs to stop."
1261013180995829766,BudierReeham,2020-05-14 19:19:05+00:00,1,Jews,The number of Palestinian cities and towns systematically destroyed by Israeli forces or repopulated with Jews is More than 400. #Nakba72 #Covid1948
1298539786395779072,itsrabia0,2020-08-26 08:36:25+00:00,1,Jews,"One hundred years from the day Balfour, a British colonial official, sent a letter to Rothschild declaring that a state for the Jews would be established on the land of Palestine, called Israel. At the mercy of oppression #RightsOfKashmir_Palestine"
1277369734766325760,Demontialto,2020-06-28 22:34:11+00:00,0,Jews,I am a Lebanese Jew who escaped execution in the Middle East. I do more to fight for all people (including Jews) to live free of bigotry on any given hour in any given day than you will in your entire life. Please refrain from being such a horrible person (let alone anonymously).
1261667418188984322,sspfr,2020-05-16 14:38:47+00:00,0,Jews,How many Jews would have been saved in WW2 if Israel existed EARLIER - and the Jews - who had nowhere to run to - had a national home? The TRUE 'crime against humanity' is not of course that Israel exists today - but that so many spent the 1920s and 1930s delaying its arrival.
1277821142355578880,DikDikerson1,2020-06-30 04:27:55+00:00,1,Jews,Jews are killing palestinains #youranoncentral #Qanon
1295517726883155969,Nathan20270022,2020-08-18 00:27:50+00:00,0,Jews,"First they came for the Jews, but I'm not a Jew so I said nothing. Then they came for the Negroes, but I'm not a Negro so I said nothing. Then they came for the Mexicans, but I'm not a Mexican so I said nothing. Then they came for me, and that's OK. It was worth it."
1292462329087623168,Scoodinfroody,2020-08-09 14:06:46+00:00,0,Jews,"British people love to talk about saving Jews from the Nazis. Do you imagine they were flown in by benevolent aircrafts? They came in the bowels of boats, on crowded trains, walked for miles across mountains. They were turned away at ports, put in prisons, called invaders."
1256220993720406016,david_wolkin,2020-05-01 13:56:39+00:00,0,Jews,I'll tell you one thing Chasidic Jews *didn't* do this week: strap themselves with up with a shit ton of guns and crowd a government building while screaming at the cops
1271959666457825289,netoneko,2020-06-14 00:16:31+00:00,0,Jews,Netanyahu: Should we annex the Jordan Valley Majority of Israelis: No Palestinians: No Diaspora Jews: No Israel's declared diplomatic allies: No Israel's covert diplomatic allies: No Entire muslim world: No Netanyahu: So that's a solid maybe
1271062786689265665,SonyCopyright,2020-06-11 12:52:38+00:00,1,Jews,The holocaust actually hurt queer and trans culture FAR more than it hurt the Jews but y'all aint ready to have that conversation ??
1295397607079129093,ilanasorokin,2020-08-17 16:30:31+00:00,0,Jews,"There would be much more peace in this world if we simply left the Jews alone. Our leaders saw Jews as a perfect group to blame for their own failures, and this can be witnessed until today. Jews are blamed for the coronavirus, droughts and accused of stealing clouds. Pathetic."
1277006198177488900,kaybaeparker,2020-06-27 22:29:37+00:00,0,Jews,"Could you imagine being German in the 30s and being like, ""I don't hate Jews at all. I have Jewish friends. But you can't deny that Hitler is doing great things for the economy so I'm going to vote for him."" That's what y'all sound like."
1297335978248540160,Bart35091946,2020-08-23 00:52:55+00:00,0,Jews,"2000 years ago a small group of Jews led by the Holy Spirit stood up against hypocrisy. They�ve lost friends,family and respect among some but they�ve gained eternal life. I call all to stand for the truth and not hide behind the hypocrisy of the liberals. Eternal Life Matters!"
1283466815822340096,tragicskank,2020-07-15 18:21:49+00:00,0,Jews,THE LAST JEWS IN YEMEN ARE ABOUT TO BE ETHNICALLY CLEANSED. THE LAST JEWS IN YEMEN ARE ABOUT TO BE ETHNICALLY CLEANSED. THE LAST JEWS IN YEMEN ARE ABOUT TO BE ETHNICALLY CLEANSED. THE LAST JEWS IN YEMEN ARE ABOUT TO BE ETHNICALLY CLEANSED. THE LAST JEWS IN YEMEN ARE ABOUT TO BE E
1297620093665452044,tripspackler,2020-08-23 19:41:53+00:00,0,Jews,"That crowd occupied a city and murdered Heather Heyer. They were chanting ""blood and soil"" and ""Jews will not replace us"" and Trump said there were lots of very fine people in that crowd. We get to observe that he praised and defended Nazis, because he did."
1290339871211622402,moontiger5735,2020-08-03 17:32:53+00:00,0,Jews,"Within hours of learning that the Nazis intended to wipe out Denmark�s Jews, nearly all Danish Jews had gone into hiding. Within days, most of them had escaped Denmark to neutral Sweden, and 90% of them survived the Holocaust."
1270109557692305408,argilliann,2020-06-08 21:44:50+00:00,0,Jews,Ethiopian Jews in Israel are incarcerated at a rate 760% higher than their proportion in society.
1283750313418055681,PacifistPassive,2020-07-16 13:08:20+00:00,0,Jews,"Five tweet apology to the jews and not one word about how he called whites savages and less than human. For someone who talks about systemic white supremacy, his actions show he doesn't even pretend to believe in it. He only fears one ethnic group."
1270786595969531905,SeguelSaul,2020-06-10 18:35:09+00:00,0,Jews,"1247 Meknes: Jews were again offered Islam or death in Meknes, many were massacred 1275 Fez: Moors massacre 40 Jews in Fez 1290 Baghdad, Iraq: the Jews of Baghdad are massacred 1465 Fez: the entire Jewish community of Fez is again massacred"
1283071807155769345,Richard_FLDems,2020-07-14 16:12:11+00:00,0,Jews,THE LAST JEWS IN YEMEN ARE ABOUT TO BE ETHNICALLY CLEANSED. THE LAST JEWS IN YEMEN ARE ABOUT TO BE ETHNICALLY CLEANSED. THE LAST JEWS IN YEMEN ARE ABOUT TO BE ETHNICALLY CLEANSED. THE LAST JEWS IN YEMEN ARE ABOUT TO BE ETHNICALLY CLEANSED. THE LAST JEWS IN YEMEN ARE ABOUT TO BE E
1268969451950571522,NeutralJing,2020-06-05 18:14:28+00:00,0,Jews,"They didn�t just blame the virus on another country, they blamed EVERYTHING on EVERYONE else: Blacks, Muslims, Jews, LGBTQ+, etc. They even blamed people with underlying health conditions, because why not?? Any individual and group living on the fringe of society was marked."
1270877752003039233,NosTheMerc,2020-06-11 00:37:22+00:00,0,Jews,"I keep seeing this narrative here about how the Jews were passive and meek during the Holocaust, didn�t protest, and it makes me furious. It is wrong, it is dangerous, and it is harmful af. 1/x thread"
1293340376875638784,mandlakhe_n,2020-08-12 00:15:49+00:00,0,Jews,We still have to figure our who was telling the correct version of events all along. Was it the Christians? Muslims? The Jews? Or was it the Hindus with their many gods or the Buddhists who speak of a divinity that comes from within...or all of them were wrong.
1279597211756699651,two_legit_2quit,2020-07-05 02:05:23+00:00,1,Jews,"Meanwhile his adopted parents are Jews, in occupied land!"
1279093559736623104,silentactiviist,2020-07-03 16:44:03+00:00,0,Jews,"There's irony in how rude and exclusionary some Jews are towards ethnic but not halachic Jews. Guess what? If chas vshalom another Holocaust happens, those people aren't going to care about halacha. It's not like oops her/his dad or grandpa is just Jewish, lets not murder them."
1256479048202686464,annasophiakurtz,2020-05-02 07:02:04+00:00,0,Jews,a quote associated with a place where helpless jews and other minorities were worked to death is never acceptable to use. never.
1278438257202733057,NattiJoJo,2020-07-01 21:20:07+00:00,0,Jews,"I really hate when small segments of Jews think they speak for us. Somehow these so-called do-gooder Jews feel it's their obligation to speak up for the Palis bc there's only 2 BILLION Muslims to do that. The 14 million of us who believe in Israel and her security, condemn you."
1287819068070940676,ExmuslimsN,2020-07-27 18:36:07+00:00,0,Jews,"I sympathize with Jews and hate antisemitic sentiments, but demanding Twitter to censor antisemitism is a terrible idea. Recognizing Twitter as a moral authority which regulates speech will backfire very badly. We need fair treatment, not authoritarianism. #NoSafeSpaceForJewHate"
1280616901597696001,affiongje,2020-07-07 21:37:16+00:00,0,Jews,"Let me say this as plainly as possible: Jews are not an indigenous people. It is appropriative to make use of this word when referring to our relationship to the land of Israel, and it undermines the difficult work being done to fix the ongoing oppression of indigenous peoples 1/"
1283079945795796995,idleaffluenza,2020-07-14 16:44:32+00:00,0,Jews,THE LAST JEWS IN YEMEN ARE ABOUT TO BE ETHNICALLY CLEANSED. THE LAST JEWS IN YEMEN ARE ABOUT TO BE ETHNICALLY CLEANSED. THE LAST JEWS IN YEMEN ARE ABOUT TO BE ETHNICALLY CLEANSED. THE LAST JEWS IN YEMEN ARE ABOUT TO BE ETHNICALLY CLEANSED. THE LAST JEWS IN YEMEN ARE ABOUT TO BE E
1266747023186964481,Mik3Rosario,2020-05-30 15:03:20+00:00,0,Jews,"After 1492 when the Spaniards completed the conquest of Granada they exiled all Jews and Muslims ( Alhambra decree.) It saw a sharp downturn in science, math, reading. It was an example of a colonial empire ruled by violent non intellectualism. I think they were off by 8 years."
1278488610208133122,jakewarkman,2020-07-02 00:40:12+00:00,1,Jews,I'm the bad guy. Yeah that is awesome. I was doing what rock n roll taught me to do. Then some Jews and Ns in company with bitches tell me i got a cellphone.
1273232094106390530,KySim,2020-06-17 12:32:41+00:00,0,Jews,"Until 1917, some of my ancestors were serfs and others couldn't live in any major city in Russia bc they were Jews. In 1941, my grandfather was taken as a slave labourer to Germany. My grandmother was born in a Soviet concentration camp. Hit me up when the reparations start."
1263132183658745859,sydneymariaaa,2020-05-20 15:39:15+00:00,1,Jews,the WHAT now??? do you not know that there are also Palestinian Christians and Jews? Islamic Republic of Palestine?? inshallah we get to witness the freedom of Palestine and the rise of the State of Palestine
1263594333493583873,mollyrva,2020-05-21 22:15:40+00:00,0,Jews,"�Judeo-Christian� isn�t a thing. It a) positions Jews Christians against Muslims, is Islamophobic b) elides Christian oppression murder of Jews over more than 1000 years c) ignores Jewish civilization worldwide facts of key Jewish developments in Middle East N Africa."
1290714072313470976,bearjew318,2020-08-04 18:19:49+00:00,0,Jews,Holy shit I just realized the guy starts out with �B�H� what are a bunch a frum Jews doing calling 911? They 1000% Havens Hatzoloh on speed dial
1293379940910587904,amymariewillard,2020-08-12 02:53:02+00:00,0,Jews,"Democrats just re-nominated a woman who mocks 9/11, bashes Jews, wrecks homes, and hates America Oh, and she married her brother Sums up the party quite well"
1269437737989476352,Yonadav7,2020-06-07 01:15:16+00:00,1,Jews,"Soros was a #sellout who aided Hitler during WWII to murder 6 million Jews. Now the same #sellout gives money to groups to do the same thing. If you�re marching, you�re what Stalin himself called a �useful idiot.�"
1256562515288494082,Jaywasheville,2020-05-02 12:33:44+00:00,0,Jews,"America 2020: Auschwitz is trending on Twitter because a lockdown protester used the words Jews saw as they entered the Nazi death camp � work makes free � on a sign directed at Illinois' Jewish Governor, JB Pritzker. Who are we?"
1297600665645191168,Maxziken,2020-08-23 18:24:41+00:00,0,Jews,"I�m a Muslim who was called islamophobic at least 25 times in the past 48 hours simply because I don�t hate Jews, ask me anything."
1287909721660252160,hillduhski,2020-07-28 00:36:20+00:00,0,Jews,Kamalas Israel record bringing all the jews to the yard?????
1273740261621809154,iansilverii,2020-06-18 22:11:57+00:00,0,Jews,"Today, Facebook finally took down a Trump ad, where he labels anti-Fascists, (we Jews have a well documented opposition to fascism, look it up) with the same symbol nazis used to mark communists. Ignorant at best, anti-Semetic at worst."
1295346804397989888,Mahendr43782648,2020-08-17 13:08:39+00:00,0,Jews,"We built two Mosques on top of their Solomon�s Temple, yet Jews are the invaders and occupiers. Please explain how that makes any sense. Look: I will go down in history as anything but a liar. Especially a lie that has caused bloodshed for 7 decades."
1271091090662100992,JHendley5,2020-06-11 14:45:06+00:00,0,Jews,"2/x And if you want to talk �literal genocide,� we can discuss the Nazis murdering 6 million Jews in the Holocaust. Why again did you oppose the House resolution against antisemitism?"
1268534001771388929,MeMaw4ever,2020-06-04 13:24:08+00:00,0,Jews,"Why do the Jews Blacks continue to support democrats, the party widely known for oppressing them?"
1265854400196521984,emjaymoney,2020-05-28 03:56:22+00:00,0,Jews,"Every time a gentile says �a real Christian wouldn�t do that,� all Jews hear is that you refuse to take any responsibility for 2,000 years of history."
1288250490397097984,JJRfromNYC1,2020-07-28 23:10:26+00:00,0,Jews,Uh leftist jtwitter always preaches about how all Jews should be nice to each other but they are some of the meanest people I have ever met.
1271067411727486983,adamcoffer,2020-06-11 13:11:00+00:00,0,Jews,The same people on the left who told Jews to shut up about Corbyn are now celebrating protests and tearing down statues. Imagine if Jews had stayed quiet and Corbyn had won. What would be happening now?
1280157821573771265,g10103326,2020-07-06 15:13:03+00:00,0,Jews,"�Florida becoming the epicentre of Coronavirus, I asked God to do that.... because Jews stopped us helping brothers in Cuba� - Farrakhan�s sermon this weekend Yet Democrats continue to celebrate this murderous vile anti-Semitic terrorist."
1281317946783150082,EUVoteLeave23rd,2020-07-09 20:02:58+00:00,0,Jews,"NYTimes� opeds calling for the end of Israel, the tiny sliver of land where Jews exercise sovereignty in their ancestral home: -Muammar Qaddafi, 1/21/09 -Peter Beinart, 7/8/20 Can anyone recall the NYTimes publishing opeds urging the end of any other nation ( UN member)? Hmm."
1270475944814403597,MeredithMolly,2020-06-09 22:00:44+00:00,0,Jews,"Fox News is where people who hate blacks, people who hate Jews, people who hate Gays, people who hate Latinos, and people who hate Muslims can all gather to pretend they are just people who hate Liberals."
1267308091437187075,dustml,2020-06-01 04:12:49+00:00,0,Jews,"Gonna come out here and say it: Fellow Jews, racism towards Black people is an issue in our community too. You have a responsibility to listen to us, learn from us, and make us feel welcome in the community. The othering and erasure of black Jews needs to stop."
1284816515972440069,colleenw61,2020-07-19 11:45:02+00:00,0,Jews,"Remember the old saying: ""First, they came for the Jews, but I wasn't a Jew so I did nothing. Then they came for the Christians, but I wasn't a Christian so I did nothing. Then they came for me, but no one was left to fight for me."" Appease the dragon, it just eats you last. #smh"
1284972235820871680,lilrizod,2020-07-19 22:03:49+00:00,0,Jews,niggas wonder how white people b racist then b like fuck jews tho
1297884148816912384,NeuFreun,2020-08-24 13:11:09+00:00,1,Jews,60 million jews were really massacred in the holocaust ????????
1276914297914957827,BilalkhanBkk,2020-06-27 16:24:27+00:00,1,Jews,"Abu Sufyan, the leader of polytheists said, �Are you sincere about this issue?� The deceitful Jews said, �Yes. We came here to make a treaty with you about fighting Muhammad!� #?????_????_??????"
1283070534452944903,deenatured,2020-07-14 16:07:08+00:00,0,Jews,"fellow non-jewish people, we need read up on what�s happening to yemenite jews stay informed. we need to bring more attention to the harm of widespread antisemitism so the jewish community doesn�t have to do it all themselves."
1284236538524635139,AviramShelly,2020-07-17 21:20:25+00:00,0,Jews,"People who say they stand up for black voices but ignore dismiss black Jews stories, because it doesn't work with their preconceived notions. I see you, and your hypocrisy."
1268615238754226180,corbin_hjelle,2020-06-04 18:46:57+00:00,0,Jews,�Holocaust was legal -People who hid Jews were criminals �Slavery was legal -People who freed slaves were criminals �Segregation was legal -People who stood up for equality and justice were criminals Our government and laws aren�t a guide to human decency and morality.
1297215605469134848,skwelchit,2020-08-22 16:54:36+00:00,0,Jews,"Why the changes to Luke 23:34? Father, forgive them, for they know not what they do. KJV Father, forgive them, for they do not know what they are doing. NIV Father, forgive them, because they do not know what they are doing. Holman Is Jesus forgiving the Jews, or the soldiers?"
1275129785145065473,Flakofatty,2020-06-22 18:13:26+00:00,0,Jews,"Imagine being German in the 30s like �I dont hate Jews, not one bit! Nothing against them. How dare you imply that, IM A NICE PERSON!! But that hitler is doing great things for this economy, you can�t deny that, so he�s getting my vote�.... that�s what you fucking sound like"
1277992620757848067,GlennnRoss,2020-06-30 15:49:19+00:00,0,Jews,do you ever stop and think about how truly blessed we are to be a part of the generation of Jews that actually have Israel???????
1263738931687723009,catlove71040608,2020-05-22 07:50:15+00:00,0,Jews,"I�m not asking you to drop behind enemy lines fight your way to Paris. I�m not asking you to ration food. Or hide Jews, gays, or Catholics in your basement. I�m asking you to cover your mouth not stand so close to others. It�s embarrassing so many can�t handle that shit."
1299800545822040064,DChiare,2020-08-29 20:06:13+00:00,1,Jews,I suspect because they would be called out for anti-semitism. Yet Soros denied his Jewish blood and worked with Nazis to herd Jews and steal their items of wealth. Evil Evil powerful man.
1289175197262557184,ReapSow3,2020-07-31 12:24:53+00:00,1,Jews,"To all the atheists, humanists, unbelievers, Muslims, Buddhists, Hindus, and Jews; I share this because I love you. �Neither is there Salvation in any other: for there is none other name under heaven given among men, whereby we must be saved.� Acts 4:12 KJV #JESUS SAVES"
1271963519731154944,KolormeYellow,2020-06-14 00:31:49+00:00,1,Jews,"1388.just bc nazi israelis pretend they'r jews it doesn't mean they get to violate humanrights.just bc some cover countries have jews in power positionsfeel that isr is exempt bc of the holocaust,it also doesn't mean they get to abuse humanrights. from oppression to oppressor g"
1258456631114784768,Witspunmuse,2020-05-07 18:00:16+00:00,0,Jews,"Lots of Antisemitic Conversos in Spain Nazis in Germany were once Jews, barely a few generations ago. Stockholm Syndrome is when you start sympathizing with your tormentors, Converso Syndrome is when you JOIN them, adapt their ways and work against your own ((former)) people."
1296386705742630913,peter_skeet,2020-08-20 10:00:51+00:00,0,Jews,People get upset when some Muslims compare our plight/current situation to Jews in Europe circa 1920s/early 1930s. But the president tonight praised/endorsed a woman who calls Islam a �cancer� demands Muslims be banned from public office. And most journalists have said nothing.
1292113089974984705,91ERODA,2020-08-08 14:59:01+00:00,0,Jews,Mizrahi Jews are indigenous to Judea. Sephardic Jews are indigenous to Judea. Ashkenazi Jews are indigenous to Judea. Beta Israel Jews are indigenous to Judea. JEWS are indigenous to Judea.
1292496910704619520,fidan_javadova,2020-08-09 16:24:11+00:00,0,Jews,"Armenians wrote ""Death to Jews"" and drew a swastika on the monument to the victims of the Holocaust in Yerevan. According to official statistics, 213 people of Jewish origin live in Armenia. #StopThreateningTheJews #KIAZteam"
1270389247716012035,rogernerd1,2020-06-09 16:16:14+00:00,0,Jews,"But he said, �Think about how badly they have lost. How humiliating it is that two Jews can cum to their image on this day, a day where we celebrate our people. They would�ve wiped us out and instead we�re fucking over their ideology.� It was empowering. For both of us."
1287791476861214720,PhD_femme,2020-07-27 16:46:28+00:00,0,Jews,"And the thing is, there IS outrage at Charlie Sheen� - from regular-degular Jews - from LOTS of Black gentiles whose anti-bigotry politics encompass antisemitism - other allies but what we DON�T see is all these other white gentile blue checks gov�t bigwigs joining in."
1275460638974849025,JohnAlmer1,2020-06-23 16:08:07+00:00,0,Jews,"Wiping history out harms my Jewish children. For example, I taught them about Ulysses Grant expelling Jews from Kentucky, a state where in modern times their own family bred thoroughbred horses. I also taught them about his lifelong remorse for this act and his desire to repent."
1341401507661570053,jordanbayne4,2020-12-22 15:13:36+00:00,0,Jews,"The Democrats view Jews much the same way as traditional Muslims in Egypt ????Historically, Islam has regarded Jews as a protected and tolerated religious minority with some civil and religious rights, but without political status. Hence, most traditional Muslims in Egypt have"
1329063152479313923,ALLCAPSBRO,2020-11-18 14:05:23+00:00,0,Jews,"AMAZING THAT THE AMERICAN JEWS ARE GETTING THE ""I VOTED FOR OBAMA HOW COULD I BE RACIST"" TREATMENT WITH THE BERNIE SANDERS LEFT EXCEPT THAT LOSER DIDN'T EVEN FUCKING WIN, TRULY NO BENEFIT WHATSOEVER"
1327037820393943040,queridapatricia,2020-11-12 23:57:26+00:00,0,Jews,"The ""far right"": ""Jews will not replace us."" The ""far left"": ""Everyone deserves health care."" Centrists: ""These, to me, are the same."""
1300896292206338048,sotahiwo,2020-09-01 20:40:20+00:00,0,Jews,"ATTENTION NON-JEWS OF TWITTER: Here is a thread of super important Jewish days coming up that, if you are in charge of scheduling things, you should definitely avoid - assuming, of course, you want to be thoughtful for your Jewish friends and co-workers."
1302683270174273537,jnoubiraf,2020-09-06 19:01:08+00:00,0,Jews,Christians and Jews have lived alongside Muslims during the time of Muhammad (SAW). They even saved him from persecution. Don�t say that you�re doing this for Islam because this is not what Muhammad (SAW) taught.
1268561144786157568,Rayan_Iolanthe,2020-06-04 15:12:00+00:00,0,Jews,�Holocaust was legal -People who hid Jews were criminals �Slavery was legal -People who freed slaves were criminals �Segregation was legal -People who stood up for equality and justice were criminals Our government and laws aren�t a guide to human decency and morality.
1220090169749123081,PRiNCESS_CHOC32,2020-01-22 21:05:39+00:00,1,Jews,It�s crazy how these Jews took the whole town over.
1269694610999087105,avancouverguy,2020-06-07 18:15:59+00:00,0,Jews,"It�s true that Jews were not coded as white in Europe, very much the opposite. And that our white privilege in the US is conditional. AND it�s also true that in the US, built as it is (literally) on antiblackness, I am seen as white afforded the protections of whiteness in +"
1293639003783266306,ThrowbackLib,2020-08-12 20:02:27+00:00,0,Jews,"Read this thread in full so that you can understand why Russian-speaking Israeli Jews are at the forefront of reducing the political influence of Haredi parties, who enable and shield this travesty to Jewish law and Jewish peoplehood."
1343348218743164928,maineallyb,2020-12-28 00:09:08+00:00,0,Jews,"This is the story of an American hero. � We are all Jews here�. This is a story about duty, honour, obligation, love and courage. These virtues are the lifeblood of a nation. This is an American story. Take a minute and read it."
1244593390592851968,mickmjh,2020-03-30 11:52:42+00:00,0,Jews,"Hindu's, Sikhs, Jews, Chirstians and Atheists would include support EVEYONE! Evidence as if you needed it that a certain community just refuse to integrate separate themselves from the rest of ????. We are NOT all in it together - clearly ??"
1269979354186088449,FestusIheanach1,2020-06-08 13:07:27+00:00,0,Jews,"#UN end nigeria now and save lives.biafra lives matter,jews,christians Lives matter.#BiafraExit"
1321535445495386113,amiraradwan1907,2020-10-28 19:32:57+00:00,0,Jews,"That is why they are not Muslims, but rather imitate Islam. You can never convince me that all Christians, Jews and others are good, of course, every place has good and bad!!"
1294334823293755394,SaintKendall,2020-08-14 18:07:24+00:00,0,Jews,Jews are inherently comfortable that other Jews are shitty while Christians seem to have a fundamental discomfort with the idea that there are shitty Christians
1233497013183971329,ghinapalestina,2020-02-28 20:59:39+00:00,0,Jews,"my parents made a clear distinction between jews and zionists and even my grandmother who was born in akka palestine would tell me stories about a time where jews neighboured palestinian muslims/christians and lived in peace, YOUR*** parents taught you to be antisemitic"
1252730209931079680,cmkehr,2020-04-21 22:45:31+00:00,0,Jews,"Today on Yom HaShoah, Holocaust Remembrance Day, we remember the 6 million Jews and the millions of others murdered during the Holocaust. We must continue to stand up to anti-semitism and all forms of hate and vow #NeverAgain."
1234920262748917762,CraigSDouglas1,2020-03-03 19:15:09+00:00,1,Jews,"If #PapaShane had said it was the Jews ruining our tertiary education sector, all Hell would break loose. Think about that for a moment and then if you decide what he said is racist you would be correct. If I was the PM, I'd sack him now."
1309537896429318144,Thatguy_Chance,2020-09-25 16:58:59+00:00,1,Jews,satan used hitler to persecute talmudic kabbalah following jews so that later they would be protected. no one can speak against them. They hate Christ and believe he was a bastard who practiced divination. So many people in charge are freemasons Talmudic jews.
1270327041171304455,LMHinkey,2020-06-09 12:09:02+00:00,0,Jews,"Fox News is where people who hate blacks, people who hate Jews, people who hate Gays, people who hate Latinos, and people who hate Muslims can all gather to pretend they are just people who hate Liberals."
1258087837703892993,TrueMelarki,2020-05-06 17:34:49+00:00,0,Jews,"Medieval and Renaissance Europe had nothing approaching capitalism, but Jews were still associated with finance and banking, and therefore with hardship faced by ordinary people. Saying capitalism causes antisemitism doesn't just ignore that, it concedes the basic premise"
1322110176279687168,nasibujangz,2020-10-30 09:36:44+00:00,0,Jews,I don't understand anything anymore: when we make fun of black people we call it racism; and when we mock Jews we call it anti-Semitism; and when we mock women we call it sexism; and when we mock Muslims we call it freedom of speech.
1306266803195318274,EarthImpi,2020-09-16 16:20:49+00:00,0,Jews,"The fact that two-thirds of America's youth do NOT know that 6 million Jews were murdered in the Holocaust is a major indictment of a FAILING educational system. I learned in the 5th grade, in public school."
1317954352515076097,onuduoha,2020-10-18 22:22:58+00:00,0,Jews,"When Coronavirus hit Israel, many Palestinians were wishing them death. When a Palestinian leader fell ill, Jews are wishing him a full recovery. I�ve been seeing their warm wishes and prayers for him for a while now. This isn�t for show. They are genuinely amazing people."
1333250470417149953,KayPear99,2020-11-30 03:24:17+00:00,0,Jews,�Judeo Christian� is a supercessionist and racist term against Jews (and Muslims!) and it shouldn�t exist in any actual conversation or dialogue.
1275910378694868992,DianeC48,2020-06-24 21:55:14+00:00,0,Jews,"Historians have a word for Germans who were complicit with the Nazi party, not because they hated Jews, but because they had a misplaced sense of patriotism, or economic anxiety, or dislike of their opponents, political opportunism, ignorance, or greed. That word � is ""Nazi."""
1270446596002586625,adbmice,2020-06-09 20:04:06+00:00,0,Jews,"Fox News is where people who hate blacks, people who hate Jews, people who hate Gays, people who hate Latinos, and people who hate Muslims can all gather to pretend they are just people who hate Liberals."
1268622393813204994,VictoriaRivera_,2020-06-04 19:15:23+00:00,0,Jews,�Holocaust was legal -People who hid Jews were criminals �Slavery was legal -People who freed slaves were criminals �Segregation was legal -People who stood up for equality and justice were criminals Our government and laws aren�t a guide to human decency and morality.
1231970853740376065,catalishus2,2020-02-24 15:55:15+00:00,0,Jews,All of this talk about American Jews supporting Trump because of Sanders' anti-Israel stance is premised on a common assumption: That American Jews are single issue voters on Israel. That hasn't been the case for decades -- if it was ever true.
1325822255297945602,arubabeachman,2020-11-09 15:27:12+00:00,0,Jews,All those liberal Jews have no one to blame but themselves if they voted for the senile one and the crooks.
1316692374945435649,NewsRaters,2020-10-15 10:48:19+00:00,0,Jews,"We Orthodox Jews in NYC have been all the rage for a few weeks now, and I gather most people outside the community have no idea what�s really transpiring here, so allow me to try to clarify some stuff for you all."
1239007350289305600,TheAbigiggles,2020-03-15 01:55:46+00:00,0,Jews,"Jews: No touching/kissing mezuzot, siddurim/prayerbooks, sifrei Torah/Torah scrolls or tzitzit now. You can close your eyes to say Sh�ma, you don�t have to touch your face. Pikuach nefesh/preserving life supersedes just about everything."
1302526824120037376,hadel_xoo,2020-09-06 08:39:29+00:00,0,Jews,"when it was GCSE History class and I learned about the 6 million Jews that died to the hands of Nazis, i couldn�t believe how cold hearted the Germans were ! 75 years later our Uyghur Muslim brothers and sisters deathcount has surpassed The Holocaust , YET THE WORLD STAYS QUIET?!"
1215350399890313217,Gotawaytwo,2020-01-09 19:11:30+00:00,0,Jews,Wont stop zionists pushing the button... theyve been sacraficing jews since Kaztner!
1318388662615367682,omohola38,2020-10-20 03:08:46+00:00,0,Jews,"When Coronavirus hit Israel, many Palestinians were wishing them death. When a Palestinian leader fell ill, Jews are wishing him a full recovery. I�ve been seeing their warm wishes and prayers for him for a while now. This isn�t for show. They are genuinely amazing people."
1237427970425393159,AlexYip74095046,2020-03-10 17:19:53+00:00,0,Jews,"FACT: The Nazi trains with Jews ran on time to Auschwitz, while the German soldiers and civilians went without. CALL WHITE HOUSE: 1-888-EAT-SHIT"
1318481892358934528,dennisj94579543,2020-10-20 09:19:14+00:00,0,Jews,"When Coronavirus hit Israel, many Palestinians were wishing them death. When a Palestinian leader fell ill, Jews are wishing him a full recovery. I�ve been seeing their warm wishes and prayers for him for a while now. This isn�t for show. They are genuinely amazing people."
1222253022266392578,abgutman,2020-01-28 20:20:03+00:00,0,Jews,Why does AIPAC wish to see Jews living in a constant state of conflict and moral decay?
1266935687925948416,RonRugged,2020-05-31 03:33:01+00:00,0,Jews,"You know who else was broke the law? Jews. And Roma. And LGBTQ+ people. And the disabled. During Nazi Germany. Just because something is 'the law' doesn't make it right or good. If evil people write laws, then laws will be evil. Who's writing the laws? Who's enforcing them?"
1328391491291545601,beingzeeel,2020-11-16 17:36:26+00:00,1,Jews,"One Crore Jews handle Global Geo-Politics, Media, and Monetary System. Hundred Crore Hindus aren�t even allowed to burst firecrackers ?? forget about managing our temples or traditions."
1268037414230077442,OneDayOrTheNext,2020-06-03 04:30:53+00:00,0,Jews,NYC is cracking down on Jews who are doing nothing wrong while violent rioters are destroying the city On the political left truth and reality are inverted and are presented as the opposite of the way they really are: Up is down. Left is right. Right is wrong and wrong is right
1268972182383845376,Fionn_Grunspan,2020-06-05 18:25:19+00:00,0,Jews,"Except the Jews, the Hindus, the centrist, the Feminist or the descenting activists. #LabourAntiSemitism"
1270508827105013761,TravLeBlanc,2020-06-10 00:11:23+00:00,1,Jews,Where were you when you realized that it�s the Jews?
1314018201639018500,GrisSerpiente,2020-10-08 01:42:07+00:00,0,Jews,"It�s much easier to blame Orthodox Jews for a contagious disease outbreak than it is to translate public health materials into Yiddish, recruit community leaders, and do community education on the disease"
1290508366880571394,Heisenb91740991,2020-08-04 04:42:25+00:00,0,Jews,Little girl lying. What is true is the Labour Party racists trying to blame Jews for all their problems. Resign you lying piece of filth.
1347401450146693121,MayerSimcha,2021-01-08 04:35:13+00:00,0,Jews,"Why'd ???? think �lest war starts, and they join our enemies and fight against us?� Egypt had only been good to the Jews up until that point Altho ???? ordered the abuse and torture of the Jews, the Torah says ??? ?? ??? ?? ????. The Torah highlights his lack of hakaras hatov"
1393405890951360512,FansFormer,2021-05-15 03:20:27+00:00,1,Jews,If only there were some frame of reference for Jews of Israel to refer to in order to understand the abhorrent treatment they�re inflicting on the Palestinians.
1407188959852216321,ElanaAptowitzer,2021-06-22 04:09:26+00:00,0,Jews,...concerned me most was my growing sense that antisemitism would soon manifest itself as �progressive� policy changes that would effectively make it impossible for Jews to live and practice their religion freely in Canada. I said it would take 10-20 years. I was wrong...
1431686662711611399,Tahir1123,2021-08-28 18:34:34+00:00,1,Jews,All because our yank bastard owners wna behave like jews
1407822920739590148,lemonscientistt,2021-06-23 22:08:35+00:00,0,Jews,Christians and jews are not kuffar ???? A literal christian: yes we are lol - no youre not!! ????
1425321473875476483,lizaard_queennn,2021-08-11 05:01:35+00:00,0,Jews,jews are tha shitttttt! get wid it!
1436624762395049987,duncanjdavis,2021-09-11 09:36:49+00:00,0,Jews,"Oh here we go again. British elites demand fealty to Zionism; weaponise these ""concerns"" against moderate progressive change domestically; silence Palestinians those who speak up alongside them; and endanger Jews by using them as a shield (which has a long sordid history)."
1433084365064527872,brendastopek,2021-09-01 15:08:32+00:00,0,Jews,"Qanon, the far-right conspiratorial network, is built upon antisemitism. Its supporters pose a serious threat to Jews and our democracy. We cannot allow this hate to grow. Follow AJC and stand with us against Jew-hatred!"
1466447343016976384,NeeedlesEye,2021-12-02 16:41:06+00:00,0,Jews,"Lots of posts this season being like ""Hallelujah isn't about Jesus it's about Jews having sex"" which is true but plenty of Leonard Cohen songs are about both"
1469374145100238860,Natoxicated54,2021-12-10 18:31:10+00:00,0,Jews,This is why e.g. Jews who moved to the United States in the 1900s might celebrate 1776 and The First Thanksgiving myth as part of their history. 8/13
1465161358232719367,AryehCW,2021-11-29 03:31:03+00:00,0,Jews,Found a guy on here claiming that the Jews did 9/11...almost quaint. Happy Hanukkah everyone!
1462333341487677444,AliceBugni,2021-11-21 08:13:32+00:00,0,Jews,There once was a man from Fox News Who didn�t like blacks or Jews His name was Tucker �Twas a racist fucker With white supremacist views�
1470443338213957637,centreonmyleft,2021-12-13 17:19:46+00:00,0,Jews,"We're self defeatists, Anand. If we were the Jews who survived the Holocaust, we'll still be praising Hitler and the Nazis. Look at how people have come out defending Aurangazeb. They've come out just like those barbaric Central Asian hoards who invaded us the Middle Ages."
1453247500064858118,laltp,2021-10-27 06:29:38+00:00,0,Jews,"�All Jews Must Die� That�s what the Tree of Life synagogue mass-murderer said, 3 years ago today He stated his intent. Don�t assume another motive because it fits your own views or politics. Antisemitism. That�s what it was. Now let�s combat it. Constantly. In every form."
1471930013494792193,bonchieredstate,2021-12-17 19:47:17+00:00,0,Jews,"Yes, because he was making a point about secular US Jews not caring about Israel and that the family that runs the Times and produces harsh coverage of Israel is an example. Strain harder, Maggie."
1474089533528547335,Godwilnotwhineu,2021-12-23 18:48:26+00:00,0,Jews,"Money saved 1200 Jews from annihilation when Schindler, a German business mogul bribed the Nazi army commandant by paying for the head of each 1200 Jews who were on their way to be incinerated at Autswich Camp."
1443099469621436418,angelus_04,2021-09-29 06:24:59+00:00,0,Jews,"We hear about radical Islam all the time everywhere, but nobody ever mentions how radical Christians and Jews can be until something really terrible, bizarre, slanderous and unavoidable happens. Sounds volumes about how media works. #ExposeChristianSchools"
1165313203766796290,JMMatthewsMedia,2019-08-24 17:21:32+00:00,0,Kikes,"You hate pedos because you hate kikes, you fucking anti semite."
1207730489949409280,LumpySkull,2019-12-19 18:32:42+00:00,1,Kikes,had to go to Israel today ?? it�s fine ???? i love kikes ??
1156113444606623744,kristenxemily,2019-07-30 08:04:59+00:00,0,Kikes,Kikes dad just came back from the kickback with an ice cream sandwich for me and nobody else cause he loves me ??
1204338700152426496,k00la1d1,2019-12-10 09:54:56+00:00,1,Kikes,perverts and kikes
1158278043556696065,KTZDIORS,2019-08-05 07:26:20+00:00,0,Kikes,"locals at the comments, like fr yall are that lifeless kikes and it shows ??"
1187130362960338944,mgfinancier,2019-10-23 22:15:09+00:00,1,Kikes,what is with these goddamn likes and their goddamn worship of CUNTS. fucking faggot kikes and cunts
1208840913461448705,theshrikeofguf,2019-12-22 20:05:07+00:00,0,Kikes,"Happy Channukah, my kikes"
1086775912450981890,ifuckeskimos,2019-01-20 00:02:23+00:00,1,Kikes,fuck kikes.
1201993293158109184,CetnikPapi,2019-12-03 22:35:07+00:00,1,Kikes,"There�s two possible conclusions, but one of them is for sure: the Kikes from Hollywood are mocking the Lord (again)"
1123754887957893121,realKingCarrot,2019-05-02 01:03:38+00:00,0,Kikes,"""I'm not antisemitic! That's just what the kikes want you to think!"""
1198743116112695297,_Yuri_Desu_,2019-11-24 23:20:05+00:00,1,Kikes,Shut the fuck up Derek only reason ur not depressed is you'll gradly take checks from a bunch of kikes at adult swim
1124615180820680706,crummy_trader,2019-05-04 10:02:08+00:00,1,Kikes,"Geez, the kikes are everywhere."
1088630710414524416,agraybee,2019-01-25 02:52:41+00:00,1,ZioNazi,Workshopping list of things to call Kamala Harris: Cop Jailer Snitch Narc Flerp Halliburton zionazi Woman Feedback appreciated
1088607819979546626,MenshevikM,2019-01-25 01:21:44+00:00,1,ZioNazi,Workshopping list of things to call Kamala Harris: Cop Jailer Snitch Narc Flerp Halliburton zionazi Woman Feedback appreciated
1169054072055504896,talkestani,2019-09-04 01:06:25+00:00,1,ZioNazi,"ZioNazi calmly says the Torah tells Jews it's OK to kill idol worshippers, including Christians"
1144288608175759366,hmedsix,2019-06-27 16:57:18+00:00,1,ZioNazi,"Racist apartheid state. Zionazis dont spare even black soldiers, who protect them."
1142894944174190593,Gomni1,2019-06-23 20:39:23+00:00,1,ZioNazi,America is ruled by Zionazi scum
1125220153384288256,Max_Gross,2019-05-06 02:06:04+00:00,1,ZioNazi,Zionazi terrorists strike again #GazaUnderAttack #IsraeliCrimes #BDS
1212942282191564800,SCynyrd,2020-01-03 03:42:30+00:00,1,ZioNazi,Another zionazi pogrom
1214751074952863745,Futatimbo,2020-01-08 03:29:59+00:00,1,ZioNazi,Mark Levine might be an expert on his Zionazist Judaism and US Constitution but he's not an expert on Islam. If descendants of Protestants and Catholics are prostitutes to the Zionazist Jews they Islamic will not surrender. #Naziwasinventedbyzionistsjews.
1217950474072027136,Max_Gross,2020-01-16 23:23:16+00:00,1,ZioNazi,Zionazis #IsraelCrimes
1229505096687460352,SCynyrd,2020-02-17 20:37:12+00:00,1,ZioNazi,Zionazi lebensraum #IsraeliApartheid
1241091821645844480,Futatimbo,2020-03-20 19:58:43+00:00,1,ZioNazi,"Mr. President, I this year you will lead the Iranian nation to build the Nuclear bomb ??. If they zionazists continue to throw sanctions at your country you might as well build the bomb."
1642969589884542978,STATUS91592520,2023-04-03 19:17:29+00:00,1,Jews,"Should the Jews over in Israel rebuild the temple, you can count on an AMERICAN taking a seat in there? And claiming to be above all things of God?"
1615125638335045634,MalaventuraBOT,2023-01-16 23:15:34+00:00,0,Jews,Norway Jews Tell me most.
1621999009853280258,TheLoveINeverH1,2023-02-04 22:27:53+00:00,0,Jews,"holy fucking shit, criticizing Israel is not antisemitic. what IS antisemitic is putting a holocaust-denying lunatic who thinks Jews control the weather on the Homeland Security Committee. sit the fuck down and shut the fuck up and spare us your fucking fake outrage"
1628787921087078400,dykeD14,2023-02-23 16:04:36+00:00,0,Jews,President Bidenâ€s $1 billion arms sales to Nigeria in the midst of a Biafran genocide is like selling the Nazis Zyklon B while Jews were perishing in their gas chambers. The sellers were convicted of crimes at Nuremberg. Mr. Biden should learn from their example!
1615604679680950272,afifarahatulain,2023-01-18 06:59:06+00:00,1,Jews,"40% of Americans now believe Israel mistreats Palestinians the same way Nazi Germany mistreated Jews.\n\nThis number would get close to 100% if every American visited Gaza, where 2 million Palestinians are caged like Jews in the Warsaw Ghetto. (1/2)"
1624138205200273408,whorror_ghoul,2023-02-10 20:08:17+00:00,0,Jews,JKR: goblin Jews lol\n\nPeople: Iâ€m not seeing the antisemitism\n\nThe movies: Stars of David on the goblin bank floor\n\nPeople: not seeing it\n\nThe game: Blood libel the game!\n\nPeople: still not seeing it\n\nThe game: goblins with shofars?
1611222836924010498,BernieFireball,2023-01-06 04:47:14+00:00,0,Jews,I'll be sharing some content about Odesa's Jewish community over the next few days. They seem happy in Ukraine and pissed off at Russia â€“Â I guess the Jews must be Nazis or something like that.
1633559221227642883,dogmuns,2023-03-08 20:04:03+00:00,0,Jews,"In the 1939s The so called â€˜ethnic cleansingâ€ included Jews, Gypsies people with disabilities. Lack of proper provision for the disabled this privatisation by stealth of the NHS, Ie let it deteriorate until those that can pay do we have the required 2- tier system making"
1619538228167708676,AvniRaj93902852,2023-01-29 03:29:37+00:00,0,Jews,World Problem ðŸŒ\nChina: Muzlim Vs Atheist\nEurope: Muzlim Vs Christian\nIndia: Muzlim Vs Hindu\nSri Lanka: Muzlim Vs Buddhist \nIsrael: Muzlim Vs Jews\nIran: Muzlim Vs Parsee\nSyria: Muzlim Vs Yazidi\n\nOnly 1 common problem in the entire world.
1650582626758180865,Shreekumar48001,2023-04-24 19:28:59+00:00,0,Jews,Some thoughts: \n2.6 billion Christians \n2 billion (almost) Muslims \nBoth faiths look to convert the world and see 100% correct. \n\nHindus 1.2 billion \nJews 17 million (approx) \nDo not seek to convert the world and are like brothers and sisters despite different faiths. \n\nEnd.
1615638063337570305,mamalik1,2023-01-18 09:11:46+00:00,1,Jews,"40% of Americans now believe Israel mistreats Palestinians the same way Nazi Germany mistreated Jews.\n\nThis number would get close to 100% if every American visited Gaza, where 2 million Palestinians are caged like Jews in the Warsaw Ghetto. (1/2)"
1616193056214028291,RedLocque,2023-01-19 21:57:06+00:00,0,Jews,"40% of Americans think Israel is treating the Palestinians like how the Nazis treated the Jews\n\nAlso, 40% of Americans don't know what Auschwitz is"
1631858769238867970,beckbot_2000,2023-03-04 03:27:03+00:00,0,Jews,Jews anyone know lets spotify i right well the top of the trashy so no more so i remember big blue movie he goes of it up
1609715638423150592,Hichmalumnist,2023-01-02 00:58:09+00:00,0,Jews,"3. The 1896 Christian Democrat congress in Lyon was sponsored by the Catholic La Croix and Lâ€Univers. Drumont addressed an entire day dedicated to discussing Jews, who were described as a danger to morals by promoting usury, divorce, pornography and legalised theft."
1619475964341395456,Lou05316597,2023-01-28 23:22:12+00:00,0,Jews,"Five Black policemen, in a force led by a Black woman, murder a Black man and Whites are responsible. Or course! What's new? It's always Whites. Just as in Nazi Germany everything was the fault of the Jews."
1612411412663394305,Edin_monitor,2023-01-09 11:30:12+00:00,0,Jews,"one of the great things about being a Scottish Nationalist is all the other Scottish Nationalists. We are- Atheists, Christians, Muslims, Jews, Sikhs, Hindus, Buddhists, even got some Tories joining us because we are the people leading our country away from New English fascism.ðŸ´ó §ó ¢ó ³ó £ó ´ó ¿"
1641624903198687234,MarioRobertoP,2023-03-31 02:14:11+00:00,0,Jews,"When they say ""Soros"", they mean ""the jews"""
1619873008709156864,sasrmaynard,2023-01-30 01:39:55+00:00,0,Jews,One of the biggest lies in anti-Zionism is that Jews and Arabs lived in 'harmony' until Zionism came along. \n\nIt is a disgraceful rewrite of history that denies centuries of brutal persecution.\n\nThread 1/19\nâ¬‡ï¸â¬‡ï¸
1621379552269438976,CGOVINDAPPA3,2023-02-03 05:26:23+00:00,1,Jews,"When we talk of atrocities done on #Ukraine, we must also talk of atrocities done on #Palestine, thousands of innocents, children killed too. Know the difference between #Zionists and #Judaism #Jews good ones. Politicized religion is toxic for the world"
1619103243753394177,ware_ren,2023-01-27 22:41:09+00:00,0,Jews,BREAKING: MAGA liar George Santos is hit with another massive scandal as itâ€s revealed that he made horrific jokes on Facebook about Hitler killing Jews and acted as if it was funny. RT TO DEMAND THAT HE BE REMOVED FROM OFFICE!
1645618665352511488,Karen12185,2023-04-11 02:43:58+00:00,0,Jews,"Police shot Lakota leader Sitting Bull in the head\n\nHarlan Crow has his death mask on his desk, desecrating his memory\n\nHitler killed millions of Jews\n\nCrow proudly displays Hitlerâ€s artwork a signed copy of Mein Kampf\n\nThis is the bigot Clarence Thomas calls his dearest friend"
1619038397393424384,ass_season,2023-01-27 18:23:28+00:00,0,Jews,"On Holocaust Memorial Day we remember the 6 million Jews and millions of Slavs, Roma, Communists, Disabled people, Queer people, Afro-Germans, and many others killed by Nazis and their collaborators (Thread)"
1647970015449161733,PriyAnkitadmire,2023-04-17 14:27:24+00:00,0,Jews,"If we bear all this suffering and if there are still Jews left, when it is over, then Jews, instead of being doomed, will be held up as an example.\n\nREGAL PRIYANKIT"
1611550177529036803,miyakilee,2023-01-07 02:27:58+00:00,0,Jews,"I quote ""We need to work to change the status quo so in the future Jews, with the help of God, can pray at the Temple Mount."" These are the words of Erdan the Minister that Erdan the Ambassador will try now to walk back.(End)"
1619506645587070976,Brent_C81,2023-01-29 01:24:07+00:00,0,Jews,"All these countries that condemned Israel for trying to thwart terrorism on Friday morning and then sent Israel condolences after the terrorist attack on Friday night - they love Jews after a massacre, but are horrified when we stand up for ourselves. Theyâ€re morally bankrupt."
1615925044768800768,deepaktwitsu,2023-01-19 04:12:07+00:00,0,Jews,Again BBC tried to connect RSS to Fascist Italy in its series on Modi\n\nDid BBC tell you?\n\n--Mussolini gifted Vatican to Pope\n\n--Pope declared Mussolini as man sent by God\n\n--Pope supported Mussolini's racist laws against Jews\n\nBBC demonizes Hindus but doesnt talk of Church crimes
1616618763528376320,JustDawnSB,2023-01-21 02:08:43+00:00,1,Jews,"If you make $34,000 a year, you are part of the top 1% globally\n\nWhite people make up less than 8% of the global population\n\nThe richest ethnic groups in America are Asians and Jews\n\nPretty incredible stats to make the woke-infected minds explode"
1639793002804658177,Friitzkrieg,2023-03-26 00:54:52+00:00,0,Jews,Jonah Hill converting Kanye to like Jews again was not on my 2023 bingo card
1629662932362559488,salvationsgrace,2023-02-26 02:01:35+00:00,0,Jews,"And Haman told Zeresh his wife and all his friends every thing that had befallen him.Then said his wise men and Zeresh his wife unto him, If Mordecai be of the seed of the Jews, before whom thou hast begun to fall, thou shalt not prevail against him, but shalt surely fall b4 him-"
1630835847669923841,demetrius3244,2023-03-01 07:42:20+00:00,0,Jews,What prayer are Nigerians going to pray that the Jews under the Nazi regime didn't already pray? God's own people and he abandoned then at the hands of a megalomanic dwarf to suffer and die\nWhat makes you think he looks kindly upon the affairs of this nation?
1615356944176545792,IrkaLive,2023-01-17 14:34:42+00:00,0,Jews,"â€œGlobalize the intifadaâ€ individuals, you want to #genocide 1.8 Israeli #ARABS who donâ€t want to touch you with a toilet plunger.\nLouder for people in the front: â€œglobalize the intifadaâ€ see #Israeli #Arabs as COLLATERAL DAMAGE in genocide of #Jews.\nPass it on."
1630809545898446849,coltraine14n88,2023-03-01 05:57:49+00:00,1,Jews,"And I think it's one of those things that'll never be stated explicitly at all- at least towards Christians. The ambiguity that exists if we read between the lines here, however, effectively guarantees Christianity's being subsumed into Judaism. If Jews have their way- at least."
1616134704444342276,Dora02256201,2023-01-19 18:05:14+00:00,0,Jews,Genocidal killings of Biafran Christians are ongoing. Bidenâ€s press secretary declares the White House is â€œsaddenedâ€ with dry eyes. That racist-religious callousness is like voicing disappointment for Jews who died in Nazi gas chambers. Has Biden lost all sense of decency?
1636477006664593415,DemocraticDeb,2023-03-16 21:18:17+00:00,0,Jews,"#OTD in 1942, the liquidation of the Lublin ghetto began. At least 25,000 Jews from the Lublin ghetto were killed at Belzec killing center. In total, German authorities murdered about 434,500 Jewish people at Belzec. Among them was Rivka Fryd of Lublin, pictured second from left."
1649047451310112771,yankthatisntbad,2023-04-20 13:48:44+00:00,1,Jews,Oh so you think Palestinians deserve rights and that israel should stop committing genocide?? You hate gays and jews.
1613544996820451329,CostantiniWHear,2023-01-12 14:34:40+00:00,0,Jews,"Santos often spoke of his grandparents as Jews who fled Nazi oppression during World War II, as part of his Jewish heritage. He claimed to play volleyball at Baruch College, which he never attended."
1612637123688992768,Iwarj_53,2023-01-10 02:27:06+00:00,0,Jews,"My fellow Jews, please stop saying the Kanye is antisemitic. Antisemitism is prejudice plus power. Only Whites have power in our system. As such, it is impossible for a black man to be antisemitic. Read a book and get educated."
1645290945720532992,tinknocker001,2023-04-10 05:01:44+00:00,0,Jews,"I don't celebrate Easter, but I'm doing it with great joy for my neice. My family has Jews, Christians, white people, Black people, straight people, queer people, trans people... to me, this just feels like we get the best of everything ðŸ¥°\n\nI wish the USA felt like we did â¤ï¸"
1618220719141445633,WassK,2023-01-25 12:14:19+00:00,0,Jews,"Most Israeli Jews are of Middle Eastern and North Africanâ€”not Europeanâ€”origin.\n\nIf you didn't know that basic fact, you should consider how much you really know about Israel."
1633102439921377284,Usonofa,2023-03-07 13:48:57+00:00,1,Jews,The Left wasnâ€t mistaken about the #January6 protesters. They called them â€œinsurrectionistsâ€ â€œterroristsâ€ for the same reason that Stalin called the kulaks parasites and Hitler called the Jews vermin. The labels were aimed at dehumanizing people in order to destroy their lives
1634574979068055554,hopenicolaa,2023-03-11 15:20:18+00:00,0,Jews,"Gary Lineker has no need to apologise. As a youth movement for refugees, founded by Jews, we know all too well the devastating effects of hate speech and propaganda. We're often sceptical of comparisons to the Holocaust or Nazi Germany. Is it not a singular event? 1/7"
1619834030371008515,Rick_42_,2023-01-29 23:05:02+00:00,0,Jews,Hitler killed Jews because he said they're not people.\n\nAbortion kills babies because Democrats think they're not people.
1621322148680990720,MariaAragon64,2023-02-03 01:38:17+00:00,0,Jews,"I served with Ilhan Omar and spoke to her about her attitude about Jews and Israel. As a Jew, Iâ€m convinced she is not anti-Semitic."
1616161930502103043,IpobAustria,2023-01-19 19:53:25+00:00,0,Jews,Genocidal killings of Biafran Christians are ongoing. Bidenâ€s press secretary declares the White House is â€œsaddenedâ€ with dry eyes. That racist-religious callousness is like voicing disappointment for Jews who died in Nazi gas chambers. Has Biden lost all sense of decency?
1632765711058608130,voxrob,2023-03-06 15:30:55+00:00,0,Jews,The first step to save America is to admit we have a problem. \n\nIt's not Blacks. \nIt's not Whites.\nIt's not Latinos.\nIt's not Jews.\nIt's not Asians.\nIt's not the Indigenous.\nIt's not the LGBTQ community.\n\nThe problem:\n\nHatred towards any or all of the above.\n\nThat's the problem.
1619040848750186496,SpryOld,2023-01-27 18:33:13+00:00,0,Jews,"Today, we honor the six million Jews who, alongside millions of others, were targeted and murdered by the Nazis during the Holocaust. We vow never to forget this dark chapter of history and renew our commitment to fighting antisemitism and hate."
1621661761291034625,brain4939,2023-02-04 00:07:47+00:00,0,Jews,"Do all of you understand? When Palestinians and their supporters chant â€œFree Palestine from the river to the seaâ€ they advocate destroying the entire state of Israel, which exists within that land. They donâ€t favor a two-state solution. They favor ending Israel and its Jews."
1651927172955643904,Chaassiiee,2023-04-28 12:31:44+00:00,1,Jews,"Page 118/365\n\nThe Jews quarreled among themselves, saying, ""How can this man give us his Flesh to eat?"" Jesus said to them, ""Amen, amen, I say to you, unless you eat the flesh of the Son of Man and drink his blood, you do not have life within you."
1629944236983427072,obiwormkenobi,2023-02-26 20:39:23+00:00,0,Jews,"thinking about ""i would have hid jews in my attic during the holocaust"" ""y'all can't even mask during a pandemic sit down"""
1613242018041323522,bookofkatherine,2023-01-11 18:30:44+00:00,1,Jews,2. Well. At least we know why Ethan Klein at H3H3 came to pewdiepie's defense so quickly. A lot of other Jews rushed to post and say that they weren't offended by what pewdiepie did. All of that makes sense now.
1623127788516675584,RealityBent,2023-02-08 01:13:15+00:00,0,Jews,"When I was in high school, it was suggested to me by a Jewish adult that I hide being Jewish at school and not wear a Star of David on my jewellery or clothing. There are many Jews who do not identify being Jewish in public because of the risk involved. We should talk about that."
1617619454682365952,godchosenme,2023-01-23 20:25:06+00:00,0,Jews,"1 Corinthians 12:13 KJV\nFor by ðŸ‘‰one Spirit are we all baptized into one body, whether we be Jews or Gentiles, whether we be bond or free; and have been all made to drink into ðŸ‘‰one SpiritðŸ‘ˆ."
1648644692882358273,DestinyJewish,2023-04-19 11:08:19+00:00,0,Jews,"alienation replaced love, mutual consideration and unification. That is what we see among us today. #Israel #Jews"
1626224731086258177,orcgirl_in_arin,2023-02-16 14:19:24+00:00,0,Jews,"Sorry but if youâ€re basically elevating the Nazis and Jews to two morally equivalent sides of a coin to do â€œreportingâ€ on and when youâ€re called out on it your shield is that youâ€re not a dirty â€œactivist,â€ thatâ€s shitty and immoral â€œjournalism.â€"
1643953432531968000,4376Paragon,2023-04-06 12:26:56+00:00,0,Jews,"So, I know we all know that Jordan Peterson is an ignorant hack fraud but it still BLOWS MY MIND that this fucking scholar, this philosophical MIND LEADER was ever taken seriously when he was like, ""Consider...why did the Nazis not enslave the jews?"" \n\nTHEY DID"
1619774420440190976,ViolaNewYork,2023-01-29 19:08:10+00:00,0,Jews,Vyzhnitsa Town Council renamed street after Orest Bylak - Nazi war criminal from 115 Schutzmannshaft Police battalion that took part in mass murders of Jews in Belorussia. In 1944 in France deserted and joined the Foreign Legion thus avoided punishment. Awarded Honorary Legion.
1632790330238959617,BJJOvrsmplified,2023-03-06 17:08:45+00:00,0,Jews,"Today is Taanis Esther, a fast day we have before Purim. \nPurim is the most joyful part of the year for Orthodox Jews, a celebration of us not getting murdered (running thematic element).\nHopefully all of you have a wonderful day, and Happy Purim (drink responsibly)."
1619520694542540800,SnydyMan,2023-01-29 02:19:57+00:00,0,Jews,"This morning in Jerusalem, Palestinians put a gun in the hands of a 13 year old Palestinian boy and told him to go kill Jews. Process that ."
1614496265144000515,AbalSbal,2023-01-15 05:34:40+00:00,0,Jews,"Intifada means killing Jews. \nIf you think it has any other connotation, you're either:\na) Biased \nb) Ignorant\nc) Naive"
1629521341912342528,truthbtold2911,2023-02-25 16:38:57+00:00,0,Jews,"Will Garland be attending the â€œDay of Hateâ€ festivities?\n\nAfter all, without his complete lack law enforcement, there wouldnâ€t be a â€œDay of Hateâ€\n\nThey owe it all to Garland. \n\nWhatâ€s worse than â€œBlacks for Trump?â€\n\nâ€œJews for Nazisâ€\n\n#Garland"
1631863142580903936,TheDapperLynx,2023-03-04 03:44:26+00:00,0,Jews,"Itâ€s not just bad, itâ€s textbook bad. Attacks on the â€œvalidityâ€ of a demographic category are almost always used by governments to handwave accusations of ongoing or impending genocide. The nazis did it with the Jews, Romani, disabled homosexuals. And, well, trans people."
1648552684713115650,LayjudgeMimo,2023-04-19 05:02:43+00:00,0,Jews,"On #YomHaShoah, we honor the memory of the 6 million Jews who were murdered in the Holocaust.\n\nWith antisemitism and Holocaust denial on the rise, we must remember the lessons of the past and #LearnToNeverForget."
1641595965558628355,joycefromli,2023-03-31 00:19:12+00:00,0,Jews,Let the record show that the Republican Party's first reaction to Trump's indictment was to blame Jews.\n\nThis is who they are.\n\nVile.
1629883195352023042,soyoprincess,2023-02-26 16:36:50+00:00,0,Jews,Two more Israelis have been murdered in a terror attack today.\n\nI am tired of people killing Jews just because they are Jews.\n\nI am tired of watching Palestinians celebrate murder.\n\nI am tired of seeing people in the west make excuses for both the terrorists and their supporters.
1621708898263498752,SaltyBeef8,2023-02-04 03:15:05+00:00,0,Jews,a lot of you want me to hate the jews and i will not
1616870832092889088,petsbysimon,2023-01-21 18:50:21+00:00,0,Jews,"FOX NEWS; They Light the Fuse, Refuse to Lose, Sit in Their Pews, Two by Twosâ€¦Accuse the Jews and Excuse the Coups, all for their Views for Guys like Cruz..They seem to Snooze when they should Defuse; Itâ€s Time to Choose, My Blue Crews; Weâ€ve Seen the Clues!"
1650538454269276174,proudassyrian_,2023-04-24 16:33:27+00:00,1,Jews,"There is no Arab Jews, Turkish Assyrians or Kurdish Yazidis. These are fake identities people should get it."
1622255957718847489,KiddShelleen,2023-02-05 15:28:55+00:00,0,Jews,Hitler killed Jews because he said they're not people.\n\nAbortion kills babies because feminists say they're not people.
1633472347637268482,SeekTorahTruth,2023-03-08 14:18:50+00:00,0,Jews,The Left wasnâ€t mistaken about the #January6 protesters. They called them â€œinsurrectionistsâ€ â€œterroristsâ€ for the same reason that Stalin called the kulaks parasites and Hitler called the Jews vermin. The labels were aimed at dehumanizing people in order to destroy their lives
1641618649999118336,snarkofthebeast,2023-03-31 01:49:20+00:00,0,Jews,Let the record show that the Republican Party's first reaction to Trump's indictment was to blame Jews.\n\nThis is who they are.\n\nVile.
1648029372983439367,crowndefensx,2023-04-17 18:23:16+00:00,0,Jews,"Today, we mark Yom HaShoah in remembrance of the six million Jews who were murdered in the Holocaust.\n\nAs we reflect on this atrocity, we recommit ourselves to fighting the scourge of antisemitism and standing united against hatred and division."
1584897832842309632,ghostladyy,2022-10-25 13:21:03+00:00,1,Jews,Idc what Kanye said about the jews im more concerned about the damage hes doin to the black community
1584211120444690432,traiman,2022-10-23 15:52:18+00:00,0,Jews,"""Were Jews, for God's sake. We came from Judea. We've been attached to this land for 3,500 years. From the time Abraham came here. You remember Abraham? You know what the name of his grandson was? Benjamin. That's my name. We're here, we're rooted here."""
1595466582607757312,CoolWhip3343,2022-11-23 17:17:30+00:00,0,Jews,I don't understand how people can't fathom the existence of White jews like there's Black jews why wouldn't there be White jews?
1567681522605375510,UDUBRadio,2022-09-08 01:09:35+00:00,0,Jews,NOW PLAYING: Silver Jews - Random Rules âªâ«ê’°ï½¥â—¡ï½¥à¹‘ ê’±â«âª
1580189768671203329,MooseFullmetal,2022-10-12 13:32:54+00:00,0,Jews,Anti Semitism has become full blown bipartisan. A lot of the Left and Right hate Jews and Israel.
1587412786375557120,02sUj_8888,2022-11-01 11:54:35+00:00,1,Jews,"That religion was the religion of the Hebrews and the Israelites, and was based on the Law of Moses and the teachings of the prophets. Jesus criticized the Jews, or Pharisees, for establishing Judaism which is based on the Talmud,"
1591183695654064131,EisheroMarley,2022-11-11 21:38:50+00:00,1,Jews,Somebody tell LeBron #KingJamesðŸ‘‘ðŸ€ we're the Biblical Jews (Southern Kingdom Israelites aka House of Judah). It's NOT RACiST NOR HATEFUL to know your true GOD given nationality #SongofSolomon1v5to6kjv1611 #StandWithKyrie
1604861580390416387,bitterclingerpa,2022-12-19 15:29:52+00:00,0,Jews,"""When we allow freedom ring, when we let it ring from every village every hamlet, from every state every city, we will be able to speed up that day when all of God's children, black men white men, Jews Gentiles, Protestants Catholics, will be able to join hands sing"""
1604949785592594433,JordynTilchen,2022-12-19 21:20:22+00:00,0,Jews,"We also very much agreed to be available for the panel and were not responsible for its postponement, as the email they sent out suggests. Why does the blame continue to fall on the Jews?"
1594404591344521216,NPmorchester,2022-11-20 18:57:31+00:00,1,Jews,"Fla Gov Ron DeSantis Republicans who talk hate of LGBTQ R as responsible for murder of 5 in gay West nightclub as shooter. Add DeSantis Greg Abbott hate of migrants criminally trafficking 'em. This how Hitler began it ended in murder of millions, especially Jews critics"
1580889515144916992,YoniMichanie,2022-10-14 11:53:26+00:00,0,Jews,"Moreover, Ben choosing to fire you would not be remotely compared to the assertion that â€œJews run the world.â€"
1597636065904713728,rothschildmd,2022-11-29 16:58:15+00:00,0,Jews,"Two decades earlier, None Dare Call it Conspiracy sold 5 million copies based on hysterical rumormongering about wealthy Jews, especially the Rothschilds. But again, the authors claimed they didn't hate Jews, merely the powerbrokers - who even other Jews should hate."
1579805838650527745,Soldat_Wotanaz8,2022-10-11 12:07:17+00:00,1,Jews,I was naming Jews before it was cool
1583885290032070656,hood_avataraang,2022-10-22 18:17:34+00:00,1,Jews,Hitler should've killed the Scottish with the jews
1577018959294976000,corymassimino,2022-10-03 19:33:14+00:00,0,Jews,"In saying ""anti-Zionism is Antisemitism"" the Zionist agrees with the Antisemite. There's no room for non-Zionist (let alone anti-Zionist) Jews in this model; thus both sides uphold a false dichotomy that claims to categorize all Jews but which simply leaves many in the crossfire."
1584558203626434560,newsmonkey19,2022-10-24 14:51:30+00:00,0,Jews,"A little adviceâ€¦criticism of Israeli policy is perfectly valid in a conversation about Israeli policy. Criticism of Israeli policy in a conversation about how American Jews are treated in America, thatâ€s antisemitism folks."
1560948842870329344,KYLELUVSRAPTORS,2022-08-20 11:16:19+00:00,0,Jews,Why do all swedish jews know each other istg ðŸ˜­
1524363962304901121,JudyHamilton101,2022-05-11 12:21:04+00:00,0,Jews,"I FINALLY got a nice clean copy of ""The Bible unearthed"" (written by a couple of Jews who know) someone HAD done much critical reading in it, thankfully by the second part of the book they were just tired of disagreeing with the authors..."
1553530143926325248,evodevoDina,2022-07-30 23:57:04+00:00,0,Jews,Hint: they are a staple for Jews
1532841875429900288,zaydoonc,2022-06-03 21:49:16+00:00,0,Jews,"during one of the interrogation sessions, Messiâ€s words about Israel. I answered him during these interrogation sessions that these words are not from me, he wants to tarnish my image and the image of the Jews And Israel is a hateful Shiite"
1544413449911926784,EdFurnitureGuy,2022-07-05 20:10:34+00:00,0,Jews,"Someone has surely mentioned this already, right? He Went After Jews."
1546290792167137280,RobertGustavo,2022-07-11 00:30:28+00:00,0,Jews,"From Robert Kaplanâ€s â€œAn Empire Wildernessâ€ (1999): â€œThe future of America may be like the present of Jerusalem, I thought: Jews and Arabs do not like to live together, but that does not mean that they cannot coexist.â€ So very, very wrong, and yetâ€¦"
1525892515261739008,Nancy00928911,2022-05-15 17:35:00+00:00,0,Jews,My heart is saddened for what happened in Buffalo or what happened in New York city what happened in Dallas what happened in Missouri all this week For me the media is to blame instead of taking polls Of black of Latinos Jews Asians and whites they should group Americans as one
1554131119246811139,bobequalbobbkwd,2022-08-01 15:45:07+00:00,0,Jews,"My Uncle Bob Johnson died. In the Navy a guy told him: I hate Jewsâ€¦Can spot 1 a mile away. UB said: There are 3 on this ship;come back in a week with names. 1WL, The guy:I found SchwartzGoldman,but I canâ€t find the 3rd. My uncle punched him in the gut said:You just found him."
1558819711378489344,Is2comeYeshua,2022-08-14 14:15:55+00:00,0,Jews,"19And Pilate wrote a title also, and put it on the cross. And there was written, JESUS OF NAZARETH, THE KING OF THE JEWS. John 19"
1549579893243269120,j3wess,2022-07-20 02:20:11+00:00,0,Jews,"moral of the story is as much as many of us antizionist jews want to have hope in so called progressive jewish organizations and have faith that theyâ€re going to move in the right direction, most often, they do not care for us much less palestinians and by working with them,"
1539572054957211648,Friia10,2022-06-22 11:32:36+00:00,1,Jews,Why did the Jews wonder in the desert for 40 years? Because somebody dropped a quarter.
1531778135552839680,PartesanJournal,2022-05-31 23:22:21+00:00,0,Jews,The People Who Say #Hitler Was a #Christian: They Either (1) Know he was not but are using the issue to attack #Christianity or (2) They Hate Jews and Believe Hitler was doing right #WWII
1532142696097230848,SevenShepherd,2022-06-01 23:30:59+00:00,0,Jews,"""Give none offence, neither to the Jews, nor to the Gentiles, nor to the church of God:"" ~1 Corinthians 10:32 #Hope #God #Bible"
1544782194010308608,BULLETSYMPHONY,2022-07-06 20:35:50+00:00,0,Jews,if i was in a room with hitler and a big chungus borderlands dialogue localizer with only one bullet in my gun....the jews would just have to understand ðŸ¤·
1515014450889334784,WellToto,2022-04-15 17:09:27+00:00,0,Jews,"Gatherings at the mosque continued after the arrests on Friday, welcoming in approx 60k people for midday prayers. Al-Aqsa mosque, the third holiest site in Islam, sits on a highly contested location within East Jerusalem, also one of the holiest sites for Jews."
1515086974629122050,JoAnneF95945936,2022-04-15 21:57:38+00:00,0,Jews,"You know you’ve been in Tennessee too long when you finally get to a real deli, and 10 year old blurts out, “Oooh, other Jews!!”"
1485172098905612293,nellynerd,2022-01-23 08:46:36+00:00,0,Jews,"Hitler came to power in Gertmany 1933 with help from his own “Big Lie” — he ridiculously claimed that Germany hadn’t really lost World War I and that instead Germans had been sabotaged from within by Jews and Communists, and that Nazis needed power to avenge this."
1482843185772646404,brewsternorth,2022-01-16 22:32:20+00:00,0,Jews,A loving reminder to white Jews that talking about how important police security are at synagogue misses \n\na) what those things are do for many Jews of color \n\nb) the fact that the terrorist yesterday was let in because he was presumed to be unhoused. \n\n1/x thread.
1520402833576763393,MutantCanuck,2022-04-30 14:00:57+00:00,0,Jews,"The majority of Jews today in the United States are marrying folks who aren't Jews. I really hope by the time their children— and my hypothetical children— are old enough to choose their own Jewish affiliations, we'll be ready to welcome them.\n\nAnyway, I have a drash to write."
1491463980329570304,12prashantvats,2022-02-09 17:28:17+00:00,0,Jews,"Xi takes a page out of the 1936 Berlin Olympics playbook: Just as Hitler sought to camouflage his persecution of Jews by including one Jewish athlete in the German team, Xi has tried to whitewash his Xinjiang genocide by presenting a Uyghur skier as the face of the Beijing Games."
1486273913973792770,lisaspital1,2022-01-26 09:44:49+00:00,0,Jews,"When mtg starts endorsing ppl who are running for the us senate jd Vance this country is fxx she will probably end up begin speaker if the reps win the house,what a horrible thought..she represents everything the but hate Jews immigrants,Muslims and Asian ,Hispanics sick sick"
1519669148065931266,larsondavid034,2022-04-28 13:25:33+00:00,0,Jews,"This Holocaust Remembrance Day, we reflect on the horrors of the Holocaust when the Nazi regime systematically murdered 6 million Jews and millions of other innocents. As we honor the victims and embrace the survivors, we must commit to keeping alive the promise of “never again.”"
1498704272011276296,mcgheeianmcghee,2022-03-01 16:58:37+00:00,0,Jews,"Kyiv TV tower, which has just been hit by a Russian missile, is situated on the territory of Babyn Yar. On September 29-30, 1941, Nazis killed over 33 thousand Jews here. 80 years later, Russian Nazis strike this same land to exterminate Ukrainians. Evil and barbaric."
1489001957482188804,AwokeRoseArisen,2022-02-02 22:25:05+00:00,0,Jews,Folks love throwing in #whataboutisms when you stand up for Jews.
1483178868525735936,oliverstein15,2022-01-17 20:46:13+00:00,0,Jews,"Jews are angry today. We are angry. We see what hate speech and misinformation that is spread by celebs, ""humanitarians"" and arm chair generals results in. We cannot pray, go to school or walk in the streets in safety and peace. Platitudes and faux horror today won't help."
1478767412707213326,Anyechka,2022-01-05 16:36:40+00:00,0,Jews,"Absent that, a goblin is just a goblin. \n\nI also think it *is* relevant that this concerns JK Rowling, a staunch ally of British Jews, and first came up as a talking point when she came out so strongly against antisemitism in Labour. This is not a coincidence. 5/5"
1505722176674148353,b001_steve,2022-03-21 01:45:16+00:00,0,Jews,"""One may ask why did not give us air defense systems, or impose strong sanctions agst Russia–but the answer is up to you, Israel's people.\n\ns made their choice 80 years ago: to save the Jews. That's why Righteous Peoples of World are among us. Now is your time to make choice"""
1520059421254209539,JewishWonk,2022-04-29 15:16:22+00:00,0,Jews,"I want to see more Jewish characters who observe Judaism *as a fact of the character* rather than the focus of the character, but I do wonder if anyone can do it ""right"" when Jews make new synagogues and breakaway minyans as a matter of fact every day."
1482807532930273282,yossieweinberg,2022-01-16 20:10:39+00:00,0,Jews,"Absolutely everything is related to bias and privilege and otherness and escalated rhetoric...except, of course, attacks on Jews, which are always random."
1516924289143951360,ghostygun,2022-04-20 23:38:28+00:00,0,Jews,A guy on 4chan once called me a Danish pastrynigger because i said that jews are not to blame for him not having a gf
1486806574014377984,RickBonnette1,2022-01-27 21:01:25+00:00,0,Jews,"Years ago while back packing in Europe I visited the concentration camp in Dachau. It was one of the most eery feelings I ever experienced. See the machine gun nests on towers, the barbed wires, gas chambers. Clothing that the Jews had to wear. #HolocaustRemembranceDay"
1501306821105102853,davidbix,2022-03-08 21:20:13+00:00,0,Jews,Maybe you don’t SPECIFICALLY know that “globalist cabal” is a dog whistle for “The Jews” or that QAnon is just a repackaging of “The Jews” drinking Christian children’s blood. Fine.\n\n“'The Jews' control X” being at the center of TONS of conspiracy theories is VERY well-known!
1482831510042550275,haleywofford1,2022-01-16 21:45:56+00:00,0,Jews,Transgender people attacked = transphobia.\nMuslims attacked = Islamophobia.\nAsians attacked = anti-Asian hatred.\nJews attacked = unknown motive.
1486302009066196996,Eli_A_Levine,2022-01-26 11:36:27+00:00,0,Jews,"Observation: For as much as US Jewish orgs lament the fractured relationship between US Jews and Israel, there's arguably a more fractured relationship *within* the US Jewish community that people would really rather not address"
1484313888531247104,doctor_eon,2022-01-20 23:56:22+00:00,0,Jews,"In fact I highly suggest anyone reading this to try and educate themselves on the absolute horrors that was life under the Soviet Union for Jews, and particularly the oppression of any group (whether Orthodox or Zionist) who refused to bend the knee drop their Jewish identity."
1483022210809974785,nestordydyk,2022-01-17 10:23:42+00:00,0,Jews,"OTD in 1945, Raoul Wallenberg, a Swedish diplomat who saved 15,000 Jews in WW2, was kidnapped by the Soviet NKVD who took him to Moscow later killed him."
1486760009752997889,supralogic1,2022-01-27 17:56:23+00:00,0,Jews,"Today is Holocaust Remembrance Day, which marks the anniversary of the day the Auschwitz concentration camp was finally liberated by the Red Army.\n\nAt least six million Jews and numerous other oppressed people were systematically murdered by the Nazis."
1502406128692465664,valameen,2022-03-11 22:08:29+00:00,0,Jews,"Dear Israel\n\nZelenskyy is a Jewish man whose family went through Hell because of Hitler's hate for Jews, now Putin calls This Jew a Nazi and you side with Putin\n\nYou Have Lost Your Way and your Soul!"
1482638130335272965,calif6native,2022-01-16 08:57:31+00:00,0,Jews,"Gunman who posed as a homeless man heard on the same livestream: ""...and they gave me a cup of tea”\n\nThis makes me f’ing sick. This terrorist is dead but anti-Semitism is not\n\nEach of us must vociferously condemn violence against Jews. There must be ZERO tolerance for bigotry"
1495933658347479040,Lotad69,2022-02-22 01:29:11+00:00,0,Jews,Jews
1513069714909523968,JeanJAuthor,2022-04-10 08:21:46+00:00,0,Jews,"Isn't laying down one's harmful theology the least we can do?\n\nThis isn't theoretical: Holy Week is about to start, and that has been a time of terror for Jewish communities for a long, long time. Most antisemitic violence is rooted in the stories Christians tell about Jews. 5"
1488909431098294280,litrtrdnck,2022-02-02 16:17:25+00:00,0,Jews,She was suspended for denying the reason why Jews were persecuted. Others were fired for less. Stop.
1483457263780216833,paul_tyndale,2022-01-18 15:12:27+00:00,0,Jews,The BBC News at 10 report on Texas siege - in which a rabbi and three other Jews were taken hostage in their synagogue - managed not to mention antisemitism once. Quite an achievement.
1477825713206177792,Callie_O_Malley,2022-01-03 02:14:41+00:00,0,Jews,"If you think having to show your vaccine card to enjoy jalapeño poppers at a shitty chain restaurant is analogous to the experiences of Jews during the Holocaust, why not make it your New Year’s resolution to read a book this year?"
1498683007540019203,SlavaUkraine20,2022-03-01 15:34:07+00:00,0,Jews,"Now Russia targets Ukrainian media, bombs Kyiv public TV station, located directly at the Babyn Yar memorial site, where Nazis have killed over 30,000 Jews in 1941. So Putin is currently bombing memorial site for victims of the Europe's biggest massacre on Jews."
1486486574401343489,RobDale05996602,2022-01-26 23:49:51+00:00,0,Jews,"Ukraine military is filled w/actual Nazis, their gov looks the other way when far-right Nazi militias openly march in Kyiv chanting ""No Jews!"" and there are tons of monuments to Nazi collaborators throughout Ukraine\n\nSo of course Biden is sending them $500 million in military aid"
1505193524882718723,jokeKAtoken,2022-03-19 14:44:36+00:00,0,Jews,"""Yuri Gagarin""\nBeing stripped of rights to his lifetime achievement is like the #Christian indoctrination that the #Jews are responsible for death of #Jesus H [HIS ALMIGHTY CHRIST] !\n#Jesus was a #Jew born and brought up.\nthe #Romans were not #Jews or #Christians AS OF THAT TIME!"
1498864528146063360,kaclk,2022-03-02 03:35:25+00:00,0,Jews,"I am darkly amused by all the folks, left and right, denouncing me, the daughter and granddaughter of Jews, as a Nazi apologist. My dudes, my family suffered under both Hitler and Stalin. Please. Let’s be clear eyed about the threat Putin poses, and not just to Ukraine."
1499177853983674368,AllnAllen,2022-03-03 00:20:28+00:00,0,Jews,"President Zelenskyy: ""I am now addressing all the Jews of the world. Don’t you see what is happening? That is why it is very important that millions of Jews around the world not remain silent right now. Nazism is born in silence. So shout about killings of civilians."""
1496099943781744646,ddcc2012,2022-02-22 12:29:57+00:00,0,Jews,"Ukraine not a far away place to me. 10 years ago we filmed - unforgettably for us - episode 4 of Story of the Jews there, in Odesa, ( a wonderfully lively Friday night) Berdychiv, and the beautiful cemetery and synagogue of Sataniv. Hoping and praying a calamity won't happen."
1496675119376252933,EnsellJudith,2022-02-24 02:35:29+00:00,0,Jews,I am Polish. I am Russian. I am Belarusian. I am descended from the very area of the world surrounding Ukraine right now. I am a descendant of Jews who fled this chaos a century ago. \n\nI can’t believe I am witnessing it happen again.
1486699339359694851,sbram94,2022-01-27 13:55:18+00:00,0,Jews,"Today, we honor the six million Jews and other victims murdered by the Nazi regime during the Holocaust. We must teach our children the truth about the atrocities of the Holocaust, so that together we give meaning to that timeless pledge: “never again.”"
1493495547709345792,ericbaker2,2022-02-15 08:01:01+00:00,0,Jews,People love weeping for Jews when they are slaughtered but love hating Jews when they defend themselves. \n\nPiece of advice: If *never again* means not being liked much by the wierdos on the left.. I think it is well worth paying the price.
1486812956348329985,NicCicutti,2022-01-27 21:26:47+00:00,0,Jews,"In his book ‘I Know These Dictators’ (1937), Daily Mail reporter George Ward Price wrote: \n\n“The tolerant attitude of the average Anglo-Saxon… towards Jews, Communists, and… ‘parlour Bolshevists’ appears in Nazi eyes as stupid apathy in the presence of real danger.”"
1502718429597343745,LionWatchful,2022-03-12 18:49:27+00:00,0,Jews,"To be clear, I was, of course, mistaken when I implied that Hitler did not kill ethnic Germans. German Jews were a vibrant part of the German population and so many of them were brutally murdered by the Nazi regime. Our discussion was about Putin killing Russians in Ukraine"
1488605918270922753,TellyStern,2022-02-01 20:11:22+00:00,0,Jews,"I think that young lady is trying to #goyplain the whole being a Jew thing to #Jews. She probably has good intentions but, oh, Honey, hush. It’s just out of your realm of understanding (for now). But we can still be friends. \n\nNote to my gentile friends: “goy” is not derogatory"
1515044375906201603,talkmeadow,2022-04-15 19:08:22+00:00,0,Jews,"Text from mate in Norfolk: “Thought I was mad - but I’ve just checked and yes , the last person who suggested sending undesirables to Africa ? - was Hitler thought all Jews should be sent to Madagascar - new low for Boris and co,”"
1489517714012098564,yoyemima,2022-02-04 08:34:31+00:00,0,Jews,"No one:\n\nAOC: In my entirely irrelevant, unwanted, and uneducated opinion I think that Jews—"
1489023011864780801,2dmbad4u,2022-02-02 23:48:45+00:00,0,Jews,"Bonus #QuestionOfTheDay\nIs Jew a..... \nLet's talk. There are white jews. Black Jews. Asian Jews. Someone explain it, or does just saying that word get you banned? Let's not get ugly in the comments."
1482589312298278912,Glamma4,2022-01-16 05:43:31+00:00,0,Jews,"SWAT team kills radical MUSLIM. Jews freed! Thank God for Texas, thank god for Police"
1513782874511712258,zionisted,2022-04-12 07:35:36+00:00,0,Jews,When the Jews were in the desert they were attacked by Amalek. The nation of Amalek waited for the tired and weak Jews trailing behind to attack. Their cowardly attack taught Jews that antisemites attack without cause and spinelessly.
1486904982477565953,Comrade4568,2022-01-28 03:32:27+00:00,0,Jews,"Today, we remember the 6 million Jews who were murdered during the Holocaust and redouble our efforts to stand up against antisemitism and all forms of religious discrimination. #HolocaustMemorialDay"
1482816812807036937,161_BKLYN,2022-01-16 20:47:32+00:00,0,Jews,"I sometimes here people minimizing antisemitism. They falsely point towards graffiti on synagogues not being a big deal, or bcuz some Jews are white passing so therefore the pain of antisemitism isn’t directed as harshly as other visible minorities. Thread 1/"
1491952523510439942,bakerjjw,2022-02-11 01:49:35+00:00,0,Jews,"Antioch was the leading center of hellenistic Judaism in 1st c., and later of Christianity. \n\nAfter 70 CE there were very few Christians left in Judaea, driven out in the Revolt by murderous Zealots. They went through the city robbing, killing Jews who were not ultra conservative"
1477984033422430211,VoteDemWomen,2022-01-03 12:43:47+00:00,0,Jews,"If you think having to show your vaccine card to enjoy jalapeño poppers at a shitty chain restaurant is analogous to the experiences of Jews during the Holocaust, why not make it your New Year’s resolution to read a book this year?"
1517749284304695298,Zingaibot_F,2022-04-23 06:16:42+00:00,0,Jews,"Samael""Not one of them escaped me, give me therefore permission to fetch Moses' soul.""Louis Ginzberg『The Legends of the Jews』"
1498722968247181314,MacKucharczyk,2022-03-01 18:12:55+00:00,0,Jews,"Now Russia targets Ukrainian media, bombs Kyiv public TV station, located directly at the Babyn Yar memorial site, where Nazis have killed over 30,000 Jews in 1941. So Putin is currently bombing memorial site for victims of the Europe's biggest massacre on Jews."
1482728027691921409,Meidas_CLARITYP,2022-01-16 14:54:44+00:00,0,Jews,Blacks for Trump = Jews for Hitler
1484283948104626179,ALCHANGE,2022-01-20 21:57:24+00:00,0,Jews,"New Vinyl from Drag City: Death ""For the Whole World to See,"" Pavement ""Westing(...),"" Silver Jews ""American Water,"" ""Tanglewood,"" etc."
1506997775468154882,ignisfatuus1110,2022-03-24 14:14:02+00:00,0,Jews,"Fundamental logical fallacy - If we believe that #SanatanaDharma evolved out of the Vedas, Upanishads, Purans et al India was the seat of all of it then we shd be a Hindu nation. But we aren't, #Nepal is. Jews, Christians, Muslims,Buddhists, Parsis all hv a home turf! We hv ""0"""
1478508728194375684,JewSoc,2022-01-04 23:28:44+00:00,0,Jews,"When Herzl said that antisemites will become our friends, by forcing the Jews into their state, the Zionist leaders took this as a call to forge alliances, or to at least use the opportunity presented by antisemitism to create the state the envisaged."
1487026637099126784,kbfausse,2022-01-28 11:35:52+00:00,0,Jews,Education isn’t memorizing that Hitler killed 6 million Jews. Education is understanding how millions of ordinary Germans were convinced that it was required. Real education is learning how to spot the signs of history repeating itself. We must never forget what hate does to us.
1488928868081750016,lena_aho,2022-02-02 17:34:39+00:00,0,Jews,i will never participate in jew on jew fight !This is Antijewish plot to pit Jews against one another to cause internal conflicts
1499543248158838788,GordonStock3,2022-03-04 00:32:25+00:00,0,Jews,"President Zelenskyy: ""I am now addressing all the Jews of the world. Don’t you see what is happening? That is why it is very important that millions of Jews around the world not remain silent right now. Nazism is born in silence. So shout about killings of civilians."""
1514390687420227590,exrabb,2022-04-13 23:50:50+00:00,0,Jews,"Shontel Brown is the incumbent Democrat serving OH-11. She voted with President Biden 100% of the time and is endorsed by the CPC.\n\nSo why are Leftists backing Nina Turner, who said voting for Biden is like ""eating s-it"".\n\nMy guess: Shontel, unlike Nina, does not hate Jews."
1519788027501232128,tiferetjoneee,2022-04-28 21:17:56+00:00,0,Jews,"when i say kol i do mean all. we can disagree without disrespecting each other. this is for jews and humans in general. expand it to animals, plants, planet and universe as your consciousness allows"
1497284546093584384,EickeTarkus,2022-02-25 18:57:08+00:00,0,Jews,"25 February 1943 | A transport of 1,101 Jews - 413 men 688 women - deported from #Westerbork in German-occupied #Netherlands arrived at #Auschwitz. SS doctors sent 57 men 30 women to the camp. The remaining 1,014 people were murdered in gas chambers."
1519103373231808512,itunes65,2022-04-26 23:57:22+00:00,0,Jews,Where are my conservative and republican Jews out there? I want to follow you!
1514443848902131716,Vitaliko,2022-04-14 03:22:05+00:00,0,Jews,".\nIt is no wonder close to 1 million of the #Jews from these #MENA areas felt #Israel was their one and only true #homeland.\n\nJews were expelled from Arab countries, homes stolen and valuables plundered, and their homes and property confiscated."
1518820241681223680,Senpai_Emman,2022-04-26 05:12:18+00:00,1,Jews,"John 3:7-15\n\n""A Jew converting to Christianity must adjust to the role of the Holy Spirit. While the Jews know the Spirit of God, they are unfamiliar with being empowered by the Holy Spirit in the Christian way of life. [...] 1/2"
1494770338571309057,Seymoore,2022-02-18 20:26:34+00:00,0,Jews,"18 February 1943 | 3,000 Jews deported from ghetto and slave labor camp in Krenau (Chrzanów) arrived at the #Auschwitz camp. All of them were immediately murdered in gas chambers."
1498797701953114114,Itzadeyemi00,2022-03-01 23:09:53+00:00,1,Jews,Let’s make it a dark humor night \n\nWhy is Hitler better than Jesus ?\n\nJesus gave 5000 people bread but Hitler made 6 million Jews toast
1519715605149929472,GreatTranslatCN,2022-04-28 16:30:09+00:00,0,Jews,I remember the first time I visited Auschwitz.\n\nI was shocked to see the size of the death camp where at least 1 million people perished.\n\nThe Nazis built a death machine to murder Jews with the help of collaborators. One of the darkest chapters in human history. #NeverForget
1487326482884136961,ahb_dee,2022-01-29 07:27:21+00:00,0,Jews,Education isn’t memorizing that Hitler killed 6 million Jews. Education is understanding how millions of ordinary Germans were convinced that it was required. Real education is learning how to spot the signs of history repeating itself. We must never forget what hate does to us.
1515628646437957641,sergeivolodinch,2022-04-17 09:50:02+00:00,0,Jews,"Saying that Russians and Ukrainians are brothers and should just make peace is as disrespectful as saying the same about Jews and German Nazis.\n\nThe scale of atrocities committed by Russian people in Ukraine, and the support such actions are getting in Russia, are unimaginable."
1478136124631498752,toriKh,2022-01-03 22:48:09+00:00,0,Jews,"Berlin journalist Ursula von Kardorff reflects on the last year in her diary: ""The worst of my life. Germans now wander round as homeless as the Jews."""
1487034969675468801,bj_dooley1,2022-01-28 12:08:59+00:00,0,Jews,Education isn’t memorizing that Hitler killed 6 million Jews. Education is understanding how millions of ordinary Germans were convinced that it was required. Real education is learning how to spot the signs of history repeating itself. We must never forget what hate does to us.
1486745731423617029,judytaylor4,2022-01-27 16:59:39+00:00,0,Jews,"On Holocaust Remembrance Day, we remember the six million Jews and millions other individuals murdered by the Nazis.\n \nLet us use this day to honor their lives.\n \nAnd to pledge ourselves to work against the evil, hatred, and antisemitism behind that atrocity.\n \nNever again."
1485511544259497987,iBreezy6,2022-01-24 07:15:26+00:00,0,Jews,Multiple Subtweet: The number of non-Jews and Jews suggesting the community is responsible for the antisemitism they experience is disappointing and irresponsible. A thread.
1510765482705567749,MaryHal36056801,2022-04-03 23:45:34+00:00,0,Jews,Christians for Trump is like saying Jews for Nazis. They don’t belong together.
1505677698051543044,Chaim_Yehudah,2022-03-20 22:48:32+00:00,0,Jews,"Zelensky's claim that the Ukrainians were righteous gentiles who saved Jews in the Holocaust is sick historical revisionism. The Ukrainians were active, enthusiastic Nazis. Ukrainian Jewry wasn't annihilated in Poland, but in Ukraine, by their neighbors."
1491416161812361216,reallyshania,2022-02-09 14:18:16+00:00,0,Jews,"The history of Jewish people is long and complicated, but never fix your mouth to speak about MY people and how we react to how we were violated by white people. Not only is this erasing Black Jews, it is also upholding white supremacy. 4/4"
1486777031245377536,ElishaChesler,2022-01-27 19:04:01+00:00,0,Jews,It is International #HolocaustMemorialDay. \n\nThe Nazis targeted \n\nJews\nRomani people \nDisabled people \nQueer and trans people\nPeople with the “wrong” political beliefs \nSlavs\nand others. \n\nNever again means we all have to stand together when any of us is under attack. \n\nAlways.
1487162993859174400,FranPan,2022-01-28 20:37:42+00:00,0,Jews,Education isn’t memorizing that Hitler killed 6 million Jews. Education is understanding how millions of ordinary Germans were convinced that it was required. Real education is learning how to spot the signs of history repeating itself. We must never forget what hate does to us.
1483178830714093568,rwzakalu,2022-01-17 20:46:04+00:00,0,Jews,"According to the German government's logic, Raoul Wallenberg should have not been saving Jews during the Holocaust. \nStable relations with Nazis were definitely more preferable."
1512121046186528771,arijan_arr,2022-04-07 17:32:05+00:00,0,Jews,Jews and Muslims: fasting is when no food and no water\nCatholic: fasting is when no meat. But we can have fish.
1511580239826141185,prasanna0207,2022-04-06 05:43:07+00:00,0,Jews,"Wire article:""Islam, as Hazari Prasad Dwivedi noted, brought the notion of equality, strange to Hindu ears, and Christianity the notion of service and neighbourhood – again new to Hindus""\n\nHindus dont believe in equality/service?\n\nWire demonizing Hindus like Nazis demonized Jews."
1519900102814359552,TheOriginalMew,2022-04-29 04:43:17+00:00,0,Jews,"On this Yom HaShoah, we remember the 6 million Jews who were murdered by the Nazis in the Holocaust. At a time of rising antisemitism, racism, and xenophobia, we must honor them today and every day by standing together against all forms of hate, bigotry, and intolerance."
1485409475062382596,HonoriaGlossop3,2022-01-24 00:29:51+00:00,0,Jews,If you want to know why Jews vote Dem maybe look in the mirror while comparing a vaccine mandate to the Holocaust
1484934062729052165,die_socke,2022-01-22 17:00:43+00:00,0,Jews,"Hitler came to power in Gertmany 1933 with help from his own “Big Lie” — he ridiculously claimed that Germany hadn’t really lost World War I and that instead Germans had been sabotaged from within by Jews and Communists, and that Nazis needed power to avenge this."
1479426301383479298,Lyndagee49,2022-01-07 12:14:51+00:00,0,Jews,Isn’t it amazing how people who are happy to tell Jews that Corbyn or anti Zionism isn’t #Antisemitism are the same people telling us that #JKRowling #goblin are?
1511565061067718658,sktaylor88,2022-04-06 04:42:48+00:00,0,Jews,There is an online cult actively accusing Jews and democrats of being pedophiles and this cult gets elected members the Republican Party to launder their smears through the official proceedings of the United States Congress. There is no Democratic version of this.
1498718695278919687,WeBeHealthy,2022-03-01 17:55:56+00:00,0,Jews,"Kyiv TV tower, which has just been hit by a Russian missile, is situated on the territory of Babyn Yar. On September 29-30, 1941, Nazis killed over 33 thousand Jews here. 80 years later, Russian Nazis strike this same land to exterminate Ukrainians. Evil and barbaric."
1496881134101479430,AWidescreen,2022-02-24 16:14:07+00:00,0,Jews,"Ukraine has one of the largest Jewish communities in the world, nearly 400,000 Jews live there. Both its President and Prime Minister are Jewish.\n\nIn Ukraine's last election, far-right parties combined for 2.15% of the vote, failing to win a single seat in parliament."
1510350519700803590,AugustineAcheam,2022-04-02 20:16:39+00:00,0,Jews,"As he spake these words, many believed on him. Then said Jesus to those Jews which believed on him, If ye continue in my word, then are ye my disciples indeed; And ye shall know the truth, and the truth shall make you free. John 8:30-32 (KJV)"
1517945128765251584,pakimannie,2022-04-23 19:14:55+00:00,0,Jews,Shahzeb Khanzada calling Imran Khan Hitler and his millions of supporters Nazis is so improper only a Geo anchor could resort to that lowness. This line of ranting is hugely hugely offensive to millions of Jews who were hunted like animals and tortured and killed by Hitler.
1479192854694178823,jYCfoNkoAlhRMu4,2022-01-06 20:47:13+00:00,1,Jews,"A message from a faithful one to(Christians and Jews of the world)\nWhat after death?\nAfter death:paradise and bliss(or) fire and torment\nThis is how God and His Messenger (Muhammad), peace be upon him, warned the Prophet of Islam\nWhoever dies without Islam, he will enter Hellfire"
1514903019212709889,Hapjamlaw,2022-04-15 09:46:39+00:00,0,Jews,"Heard today Russian bloggers are calling Russians Jews of the 21 century. Cause ""world apparently hates Russians for no reason"". So the Moscow bloggers, who are now stripped of income by their own Roscomnabzor banning Instagram, compare their suffering to people massacred in WWII"
1504583062960627722,SethBTillman,2022-03-17 22:18:50+00:00,0,Jews,"Panel:\nJames Nadel, “Smoking Sephardic?: The Rise and Fall of the Schinasi Brothers Cigarette Company”\n\nMimi Brown, “Sephardic Jews and Leo Frank”\n\nKarla Goldman, “Cincinnati’s Best Citizens”: Queen City Jews on the Path from Immigrant Aid to Civic\nLeadership, 1881-1930"
1499127290063585281,JewCantWalk,2022-03-02 20:59:33+00:00,0,Jews,"""Was Gretel broken in places for turning the mass murders of Jews, Roma, disabled people into a comforting story about German Christian innocence?\n\nNo, that couldn't be right. Gretel reached again for The Boy in the Striped Pajamas.\n\n'It really is all about me,' she sighed."" 3/3"
1496307748904001537,ctklimansilver,2022-02-23 02:15:42+00:00,0,Jews,'is maisel good for the jews' this and 'is this other thing good for the jews' that. you wanna know what's good for the jews?? a nap. and maybe a sandwich.
1502789561167933444,plainjan2,2022-03-12 23:32:06+00:00,0,Jews,"Both Hitler and Putin are outrageous racists. Hitler focused on Jews, Putin on Ukrainians. We know Hitler's deeds. Putin appear to want to kill as many Ukrainians as he can. Don't tell me he won't! Our interest is to stop him from doing that."
1484202975144914948,Rose19Mystical,2022-01-20 16:35:39+00:00,0,Jews,"We're spending so much time debating HOW Jews should protect ourselves from people trying to kill us, we've forgotten that we shouldn't have to."
1482551965452283906,allmattlaw,2022-01-16 03:15:07+00:00,0,Jews,"Jews at synagogues across America are currently observing Shabbat behind airport-level security, unaware of what is happening in Texas.\n\nThey will turn on their phones when Shabbat ends in a few hours and be reminded, heartbreakingly, why the security is necessary."
1507742660504739841,William28418553,2022-03-26 15:33:57+00:00,0,Jews,"Jesus began his Church with Zealots and Collaborators who hated and feared one another, making them one by his cross and Spirit. His Church grew as Slaves became Pastors of their Masters. He made one new humanity out of Jews and Gentiles who despised one another."
1486911638875910144,SuperMaurice,2022-01-28 03:58:54+00:00,0,Jews,It is International #HolocaustMemorialDay. \n\nThe Nazis targeted \n\nJews\nRomani people \nDisabled people \nQueer and trans people\nPeople with the “wrong” political beliefs \nSlavs\nand others. \n\nNever again means we all have to stand together when any of us is under attack. \n\nAlways.
1500143643675357186,MN8552,2022-03-05 16:18:10+00:00,1,Jews,"The fuel of HELLFIRE is the HUMANS and the STONES. This is a place reserved for Jews, Christians other non-Muslims. The skin of the residents ll be replaced automatically. The pain the human body will feel is terrible and it will never end. They have to live there permanently."
1488354205429645320,BunneeShelton,2022-02-01 03:31:09+00:00,0,Jews,"Anti-Semitism really is about Jews as a distinct, racial group that bear in their genes dysfunction..it was coined by a racial anti-Semite. I use Anti-Jewish also to describe issues with the religious part of Jewish peoplehood, Judaism."
1515179685809991682,fabandtired,2022-04-16 04:06:02+00:00,0,Jews,"It’s Passover, Ramadan, Good Friday, and Vaisakhi all at once which I don’t think has been seen before, at least in many of our lifetimes \n\nHoly important days for Muslims, Jews, Christians, Sikhs and some Hindus. This is amazing"
1482714465632239624,Onlygodislove,2022-01-16 14:00:50+00:00,0,Jews,Blacks for Trump = Jews for Hitler
1483143652150964224,WickedMJ69,2022-01-17 18:26:16+00:00,0,Jews,FBI now admits synagogue attacker targeted Jews. \n\nWho could’ve possibly seen this coming?
1488250298657230848,austinobrien323,2022-01-31 20:38:16+00:00,0,Jews,"Whoopi Goldberg explaining that the Holocaust wasn't about race because these were ""two groups of white people"" isn't just insipid, it's insidious. It's downplaying the minority status of Jews in order to uphold bullshit intersectional arguments that justify anti-Semitism today."
1510825119920259080,chinjamesf,2022-04-04 03:42:33+00:00,0,Jews,Nazi Germany killed Jews for being Jewish.\n\nPutin’s Russia kills Ukrainians for being Ukrainian.
1517260559661473792,AlexSBurton,2022-04-21 21:54:41+00:00,0,Israel,"As a former MP it’s incredibly alarming to see virulent anti-Israel rhetoric emerging from the House of Commons. Spreading misinformation ugly falsehoods vilifying Israel has serious consequences for Israelis for Jews in Canada, does nothing to advance peace in Middle East."
1517066681893412867,Richard98097420,2022-04-21 09:04:17+00:00,0,Israel,"If Russia can be banned from international sporting tournaments, why not Israel."
1511603363212926977,Grimmo47,2022-04-06 07:15:00+00:00,0,Israel,BREAKING: Israel accuses Russia of war crimes in Ukraine
1516799015123226626,basembesho,2022-04-20 15:20:40+00:00,0,Israel,"BREAKING NEWS: \n\nISRAEL ADDS CHINESE YUAN TO $206 BILLION RESERVES IN ‘PHILOSOPHY’ CHANGE... MOVING TO REDUCE ALLOCATION FOR DOLLAR, EURO\n\nThings continue to evolve..."
1509195912945541128,pollsstar,2022-03-30 15:48:39+00:00,0,Israel,An attempt by Hamas in Gaza to carry out a terror attack in Israel using Palestinians from Judea and Samaria was recently thwarted by the Israeli Shin Bet.
1505204883766534145,lulurrenee,2022-03-19 15:29:44+00:00,1,Israel,Why did Trump tear up the nuclear deal w/Iran?\n\nWhy does Pompeo still get secret service guard duty? \n\nWhy did several Russian oligarchs fly to Israel this past wk? \n\nWhy did Pence go to Israel @ the same time? \n\nWhy did the Israeli president counsel Zelenskyy to cave 2 Putin?
1512911310836670474,MAbbasMinhas,2022-04-09 21:52:19+00:00,0,Israel,"Imran Khan was removed from power because he challenged America and refused to be affiliated with its relationship with Israel and its support for the resistance in defeating occupying forces in Afghanistan. Instead, he allied himself with the Sino-Russian axis."
1506765840263352330,mxxnchild_x,2022-03-23 22:52:25+00:00,0,Israel,"Last year, Israel killed at least 324 Palestinians in occupied Palestine and injured more than 17,000 others."
1511679446264295427,maxileoa,2022-04-06 12:17:20+00:00,0,Israel,BREAKING: Israel accuses Russia of war crimes in Ukraine
1505692640578256896,soukyan,2022-03-20 23:47:54+00:00,0,Israel,"Zelensky calls on Israel's support in address to its authorities, citizens.\n\n""One can keep asking why we can’t get weapons from you, or why Israel hasn’t imposed strong sanctions against Russia,"" he said. ""The answer is up to you,"" he added, ""and you will have to live with it."""
1516186168282566665,kaywilson316,2022-04-18 22:45:26+00:00,0,Israel,"And when all the congregation saw that Aaron was dead, they mourned for Aaron thirty days, even all the house of Israel .AMEN!!!! \nWhen Aaron died, all the house of Israel mourned over him for how many days. AMEN!!!"
1516982064934965248,oliverstein15,2022-04-21 03:28:03+00:00,0,Israel,Hamas: We won; Israel has been forced to submit to the demands of our people and the resistance.
1511473713622896644,notalemming70,2022-04-05 22:39:49+00:00,0,Israel,BREAKING: Israel accuses Russia of war crimes in Ukraine
1514831700139786243,crondo7,2022-04-15 05:03:16+00:00,1,Israel,Move “Israel” to Germany and leave us in peace!
1509171094959407109,yakovshap,2022-03-30 14:10:02+00:00,0,Israel,Would you be surprised if I told you that I scrolled through the feeds of some of the major blue checks who criticized Israel’s Ukraine response and they had absolutely nothing to say about last night’s terrorist attack?
1515355922427785224,LadyReenBean,2022-04-16 15:46:20+00:00,0,Israel,"Passover in Israel: “Let’s celebrate that God 1) spared our children and 2) took those of the pagan Egyptians 3) before releasing the Israelites by…\n\n1) taking yours, 2) attacking you whilst you worship the same Lord on the site of the temple of Solomon 3) locking you up.\n\n"
1508964793201352705,SSIcolumbia,2022-03-30 00:30:16+00:00,0,Israel,"11 Israelis murdered in terrorist attacks in one week.\n\n11 Israelis who will never hug their mothers, fathers, siblings children again.\n\nOur prayers are with the victims and their families during this time.\n\nMay the memory of those killed be a blessing."
1506042414041083909,TruthToPeace,2022-03-21 22:57:47+00:00,0,Israel,"If you're blaming Israel for not going to war with Russia when the rest of the world is too cowardly to do so, you might just be a repulsive antisemitic piece of shit."
1508215661482463238,MargolisShana,2022-03-27 22:53:29+00:00,0,Israel,It's clear from the attacks of the last few days in Israel that the #Palestinians are now part of #ISIS. The whole world now needs to recognize this fact and stop coddling these people.
1508930045292818443,lsilvatweet,2022-03-29 22:12:12+00:00,0,Israel,"Mid-term war report card.\nSubject: Support for Ukraine.\nGrade:\nA - Baltics, Poland.\nB - US, UK, Canada, EU (generally)\nC - Germany, France.\nD - Turkey, Israel.\nF - China, India, Pakistan, too many others."
1506657281261256705,DewanAZHashmi46,2022-03-23 15:41:02+00:00,1,Israel,International organizations should prevent 'Israel' to practice torture against Palestinian detainees. #23MarchPakistanDay2022
1515026487434526729,_rajaahh,2022-04-15 17:57:17+00:00,1,Israel,"If the occupation and aggression of Palestine and it's people is not rooted in deepset Islamaphobia, why does Israel step up it's violence in Ramadhan every single year ?"
1512241096885215235,Jaquebelle,2022-04-08 01:29:08+00:00,0,Israel,We strongly condemn the terrorist attack that occurred in Israel today. We are thinking of the victims of today’s attack and the families of those killed. May the memories of those who passed be a blessing.
1511593548700921858,profesorsa_,2022-04-06 06:36:00+00:00,0,Israel,BREAKING: Israel accuses Russia of war crimes in Ukraine
1518348468674301952,crazydaysaheads,2022-04-24 21:57:39+00:00,0,Israel,BREAKING: Rockets fired from Lebanon hit northern Israel.
1508722293064753152,UNSNUK,2022-03-29 08:26:40+00:00,0,Israel,The international community should take decisive action against Israeli demolitions of Palestinian homes and stop Israel from building new Jewish-only settlements on Palestinian land.\n#PalestineLandDay
1512930930448556032,pixiepunkmama,2022-04-09 23:10:17+00:00,0,Israel,Israel is bombing Syria again. Right after murdering Palestinians hours ago. Yet Israel gets to vote Russia out of the UNHRC and not once were they sanctioned.
1508441763802923010,KrazieKate6,2022-03-28 13:51:56+00:00,0,Israel,"1. Tony Blinken came to Israel and blew up the Abraham Accords by transforming them from an alliance against Iran into an alliance to gang up on Israel in the name of the ""Palestinians."" It is hard to think of a more hostile visit by a US leader ever. Totally disgusting."
1506773689290956800,raf_jayyyy,2022-03-23 23:23:36+00:00,1,Israel,Jesus Messiah is the king of world including Israel.
1508152963587579909,halwyui,2022-03-27 18:44:21+00:00,0,Israel,"BREAKING: Two people killed and six injured in shooting attack in Hadera, Israel"
1506076192130191360,Blink2XAmerica,2022-03-22 01:12:00+00:00,0,Israel,Israel cancelled visa-free travel for Ukrainians but still accepts Russians without visa. Plans to go there in April also cancelled. I am not going to apply for Israel visa. Long love Russia-Israel friendship!(
1508759970451529734,jpdtiga,2022-03-29 10:56:23+00:00,0,Israel,"“There is none like God, O Israel,\n who rides through the heavens to your help,\nthrough the skies in his majesty.\n The eternal God is your dwelling place,\nand underneath are the everlasting arms.” Deuteronomy 33:26–27"
1509117295842537477,AndysTechGarage,2022-03-30 10:36:16+00:00,0,Israel,"Terrorists murdered five Israelis today in Israel, but not one bio flag in my feed.\n\nBecause you gotta be the ‘right kind of victim’ for the woke to care."
1508755733524926465,mariaminpeace,2022-03-29 10:39:32+00:00,0,Israel,"Israeli forces are now conducting ""preventative arrests"" of Palestinian citizens of Israel in Umm al Fahm, following shooting attack, or in other words, detention without charge - a tool primarily used against Palestinians without citizenship."
1514945318361735172,thumperward,2022-04-15 12:34:44+00:00,1,Israel,"Anyone wondering what Israel’s endgame is should look at the last few days in which it has killed 14 Palestinians, sown chaos across the West Bank, and wounded dozens of worshipers during Ramadan. This is an apartheid regime by choice, and the goal is to preserve it at all costs."
1517325528772001799,_murad_m,2022-04-22 02:12:51+00:00,1,Israel,"Apartheid is not just a relic of the past, it is the lived reality for Palestinians across Israel and the Occupied Palestinian Territories—it is happening to this day. We are monitoring reports of unlawful killings, arbitrary arrests, torture, and collective punishment."
1505735271777640454,Dream33Team,2022-03-21 02:37:18+00:00,0,Israel,"2) I deeply support our relationship with Israel. But supporting friends doesn’t mean we look past differences. We have stood with Israel and will continue to do so. But at the moment there is a battle between Good and Evil, between a world based on raw power or…"
1514971592266510338,VoteBlue53,2022-04-15 14:19:09+00:00,0,Israel,"Happy Passover to all who celebrate in America, Israel, and around the world. May God bless you all during this season of renewal, this festival of freedom.\n \nFrom our family to yours: Chag sameach."
1516188916700831755,MayadeenEnglish,2022-04-18 22:56:21+00:00,1,Israel,"#BREAKING | #AlMayadeen correspondent: ""Israel"" launches another round of airstrikes on a resistance site, west of Khan Yunis, in the southern #Gaza Strip."
1515134628931067908,trickymindful,2022-04-16 01:07:00+00:00,0,Israel,The most cowardly police is clearly the Israel Defence Force (IDF). They are very experienced when about attacking civilians.
1514942087703285763,reeny_chan,2022-04-15 12:21:54+00:00,0,Israel,"My family WhatsApp group is suddenly about possible Israeli full-scale aggression. People in Gaza are heading to shops to buy essentials. Meetings are canceled from diaries. Constant trauma. Every single Ramadan, Israel's violence intensifies."
1512674833095700480,TeamChipinge,2022-04-09 06:12:39+00:00,0,Israel,"For at that time they came to David day by day to help him, until it was a great army, like the army of God.All these men of war, came to Hebron with a loyal heart,to make David king. And all Israel were of one mind to make David king.1 Chron 12 :22,38 Blessed Sabbath! #Godisinit"
1504797358869348357,khushboodhingr8,2022-03-18 12:30:22+00:00,0,Israel,"2/2 - Also - Putin rebuilt Russia’s military, crushed Islamic terrorists and, in a geopolitical stunner that transpired in Syria, prevailed against a mighty coalition of the US, Israel, UK, France, Turkey, Saudi Arabia, Qatar and 40,000 jihadists, thwarting their regime change op"
1509243286829125634,Thatbearguy,2022-03-30 18:56:54+00:00,0,Israel,"Hamas leader Khaled Mashaal: ""The attack in Bnei Brak is a clear message to stop normalization with Israel. All possibilities are open for the month of Ramadan, the coming days carry with them surprises "". Ramadan bombathon in so many words."
1514762937600200707,BillBloodyHughe,2022-04-15 00:30:01+00:00,0,Israel,"Between 2014 and 2017, Israel is estimated to have deported around 4,000 asylum seekers to Rwanda and Uganda.\n\nNearly every single one of them left. Many were smuggled back towards Europe, facing capture by militias, Islamic State, and a perilous crossing of the Med.\n\n(1/?)"
1509134625112686593,sway_hi,2022-03-30 11:45:07+00:00,0,Israel,1 April : RUSSIAN FM\n2 April: Nepal PM\n\nIsrael top officials visit postponed
1515229140768546819,paddygibson,2022-04-16 07:22:33+00:00,1,Israel,"The hot violence we see now is made possible because Israel's cold violence in the months in between Ramadans is ignored, enabled and excused."
1505621612464328707,fayyaz786pk,2022-03-20 19:05:40+00:00,0,Israel,"Those who applauded the 2000 #US invasions of #Afghanistan, 2003 occupation of #Iraq, 2011 Lybia bombing, silenced about #Israel murders of #Palestinians, US oil stealing (Trump's own words) from #Syria, silent about #Yemen genocide but suddenly are with #Ukraine are Hypocrites."
1515261576554721283,U_Drolshagen,2022-04-16 09:31:26+00:00,0,Israel,"Palestinians experience violence all day, every day at the hands of Israel."
1517005987152023552,Losta6161,2022-04-21 05:03:06+00:00,0,Israel,"De-dollarisation is happening, slowly, gradually.\n\nIsrael adds China's yuan for the first time ever while cutting its dollar holdings in biggest currency reshuffle in a decade"
1512132106566225927,Adler19822,2022-04-07 18:16:02+00:00,1,Israel,"Israel killed 355 Palestinians last year, including 87 children, and wounded over 16,500, according to a new report by the Palestinian health ministry. A quarter of those hurt by live fire were children."
1511263248250777605,emmaaum,2022-04-05 08:43:30+00:00,0,Israel,"12Therefore, I said to the children of Israel: None of you shall eat blood, and the stranger who sojourns among you shall not eat blood."
1516234193365315587,shanazdeen,2022-04-19 01:56:16+00:00,0,Israel,"How is it that we’ve come to expect that every Ramadan, Al Aqsa will be attacked and Gaza will be bombed? \n\nHow has this become so normalised?\n\nAnd how long will Israel get away with inflicting so much pain, violence and terror? \n\n#GazaUnderAttack"
1513703342706470915,NTruthurtz,2022-04-12 02:19:34+00:00,1,Israel,I’m still waiting for Sec of State Blinken to condemn Israel for the killing of Palestinian mother of six. Then again Israeli lives matter more in DC.
1511809428374188033,yousef_beltagi,2022-04-06 20:53:50+00:00,0,Israel,Israel has arrested 33 Palestinians in occupied Jerusalem since the start of Ramadan.
1515030443044884490,Mardhiyyah_S,2022-04-15 18:13:00+00:00,1,Israel,"the word terrorism is the best way to explain israel’s continued aggression on palestinians, because that’s what that state is, the definition of terrorism."
1504973218033065990,ringo1865,2022-03-19 00:09:10+00:00,0,Israel,"So if the US, Israel, China, Russia will not tolerate Iran having a nuclear weapon - then what is the purpose of the JCPOA?\n\nI'll tell you, it's an economic incentives program for countries to dive into Iran's economy - one that serves Khamenei - disguised as a weak arms deal."
1511423707834687498,ArtiSzelagowski,2022-04-05 19:21:07+00:00,0,Israel,BREAKING: Israel accuses Russia of war crimes in Ukraine
1512230952428318720,promuatanya,2022-04-08 00:48:49+00:00,0,Israel,I’ve kept every single rose/flower Israel has ever given me since we first started dating
1519726997949276163,syedanoor51214,2022-04-28 17:15:26+00:00,1,Israel,Palestine will be free soon Insha’Allah!\nIsrael and its allies will vanish from this globe.\n!!\n#قدس_ہماراہے\n\n'Stand With Palestine'\n'Stand With Yemen’
1511379961919201283,RimlandSky,2022-04-05 16:27:17+00:00,0,Israel,BREAKING: Israel accuses Russia of war crimes in Ukraine
1508194787001831431,DzidziSandiego,2022-03-27 21:30:32+00:00,0,Israel,"Clubhouse started on iPhones, and then after the pilot, opened up to the masses. Similarly, God's choice of Israel wasn't a rejection of other nations. Israel was a pilot project. The plan was always for ""WHOSOEVER believes in Him"" to be let in. God always had everyone in mind."
1508649315950116864,Zimmlaw175,2022-03-29 03:36:40+00:00,0,Israel,Antizionists are literally excusing an ISIS terrorist attack because it happened in Israel.
1503780629284012042,robotwithaplan,2022-03-15 17:10:15+00:00,0,Israel,Israel has suspended the visa-free entry regime for Ukrainians and will not accept refugees. Now Ukrainians who want to enter the country must first obtain a special permit from the Israel Ministry of Interior.
1505609985706889218,CorpitosBeerCo,2022-03-20 18:19:28+00:00,0,Israel,BREAKING: Zelensky says 'time for Israel to make its choice' and back Ukraine
1510095245035274243,racso77772,2022-04-02 03:22:17+00:00,1,Israel,LET'S SEE IF THE NEW MASTER WILL BE BETTER THAN THE USA KHAZAR/JEWS. EVEN DO THAT CHINA IS BOUGHT AND PAID BY ISRAEL. L. AMERICA DOESN'T NEED NO ONE.
1505915756604796928,better_boston,2022-03-21 14:34:29+00:00,0,Israel,"Israel has ignored Ukraine’s plea for Iron Dome weapons to defend against missiles. \nNever forget?\nA new dictator is invading Europe.\nIsrael, did you forget that thing you vowed to never forget?"
1516141159239798799,dharrison203,2022-04-18 19:46:35+00:00,0,Israel,"He contended that the Jews of Africa came from the tribes of Dan, Naphtali, Gad and Asher, who had fled the Land of Israel so as not to participate\nin the civil war between Judah and Israel during the time of Jereboam’s succession and reign over the Northern Kingdom (922-901BCE"
1514288582332145670,AbdulHai23,2022-04-13 17:05:06+00:00,0,Israel,"While alarming, violent Israeli attacks in Jenin are not unusual. \n\nIsrael has a history of using collective punishment against Palestinians living in the occupied Palestinian city."
1506621887832489987,JustPakistan23,2022-03-23 13:20:24+00:00,1,Israel,"“I think we should understand that Israel is colonizing Palestine. It started colonizing it in the late 19th century and still colonizing today.” Prof. Ilan Pappe, an Israeli anti-Zionist Historian. #23MarchPakistanDay2022"
1508927646704545793,JonahKarsh,2022-03-29 22:02:40+00:00,0,Israel,Horrified and heartbroken about the deadly attack today in Israel
1506535332363177987,dsrved759,2022-03-23 07:36:27+00:00,0,Israel,"Luke 2:25(KJV) And, behold, there was a man in Jerusalem, whose name was Simeon; and the same man was just and devout, waiting for the consolation of Israel: and the Holy Ghost was upon him."
1513319586753617923,Avi12311,2022-04-11 00:54:40+00:00,0,Israel,"An essential truth: the reason Palestinians are being denied statehood is because they want a state *in lieu of* Israel, not a state *next to* Israel. They have the power to alleviate their own plight, but for now, it’s the chant “We don’t want 2 states…we want all of it”"
1505814325683970048,Fer_Procrastina,2022-03-21 07:51:26+00:00,0,Israel,"Many people seem to support Zelensky doing everything he can to fight an invading force, including banning opposition groups and consolidating the media.\n\nI'm sure they'd support Assad doing the same thing to fight not one, but three occupiers (Israel, US, Turkey). Right? lmao"
1525569194250706949,glynwintle,2022-05-14 20:10:14+00:00,0,Israel,Israel's Defense Ministry on Saturday denied a false report that it had agreed to Estonia's request to equip Ukraine with the Blue Spear land-to-sea missile system
1536703318516547584,tparsi,2022-06-14 13:33:16+00:00,0,Israel,"Biden's admitted his Saudi trip isn't to reduce gas prices but rather about Israeli security. But pushing more states to recognize Israel while Israel continues to kill the two-state solution by expanding illegal settlements does not enhance Israeli, US or regional security."
1562827452023738368,ChristIsComing5,2022-08-25 15:41:15+00:00,0,Israel,"Psalm 25:22 KJV Redeem Israel, O God, out of all his troubles. #praise #worship #Jesus"
1538925238574096384,AuntGaby,2022-06-20 16:42:23+00:00,0,Israel,Israel dissolving its parliament!!
1543452682215628800,MyBoyAnder,2022-07-03 04:32:50+00:00,0,Israel,Israel doing the Undertaker ðŸ˜­ðŸ˜­ðŸ˜­
1552691146266185733,Usman_gorsi,2022-07-28 16:23:11+00:00,0,Israel,"Best Countries for Quality of Life, 2021 1.ðŸ‡¨ðŸ‡¦Canada 2.ðŸ‡ðŸ‡°Denmark 3.ðŸ‡¸ðŸ‡ªSweden 4.ðŸ‡³ðŸ‡´Norway 5.ðŸ‡¨ðŸ‡­Switzerland 6.ðŸ‡¦ðŸ‡ºAustralia 7.ðŸ‡³ðŸ‡±Netherlands 8.ðŸ‡«ðŸ‡Finland 9.ðŸ‡ðŸ‡ªGermany 10.ðŸ‡³ðŸ‡¿NZL 14.ðŸ‡¬ðŸ‡§UK 17.ðŸ‡«ðŸ‡·France 20.ðŸ‡ºðŸ‡¸US 23.ðŸ‡¨ðŸ‡³China 33.ðŸ‡¸ðŸ‡¦S Arabia 36.ðŸ‡ðŸ‡±Israel 38.ðŸ‡ðŸ‡³India 40.ðŸ‡¹ðŸ‡·Turkey (US News World Report)"
1521500607617671172,OAlmarkazy,2022-05-03 14:43:07+00:00,0,Israel,"SPEAK ON ZONING NOW, GOVERNOR AKEREDOLU TELLS ABDULLAHI ADAMU. BETTER! THEY ARE UP TO SOMETHING. THE NORTH ARE PLANNING TO RETAIN POWER IN 2023 AND THAT MAY BE THE END OF NIGERIA ðŸ‡³ðŸ‡¬. TO YOUR TENTS O ISRAEL."
1555963187626909698,BriHerremans,2022-08-06 17:05:06+00:00,0,Israel,"Israelâ€s attack against Gaza is outrageous. Adding insult to injury, few policy makers dare to insist that Israel: - violated IHL on a large scale in previous wars enjoys impunity. - doesnâ€t have the right to hold 2M civilians under siege. - has no interest in de-escalation."
1530128029384470529,TonyFergusonBot,2022-05-27 10:05:25+00:00,0,Israel,Tony Ferguson is the type of guy to text Israel Adesanya with elbows.
1557766430841528325,kalevservant,2022-08-11 16:30:33+00:00,0,Israel,"Zep 3:13 The remnant of Israel shall not do iniquity, nor speak lies; neither shall a deceitful tongue be found in their mouth: for they shall feed and lie down, and none shall make them afraid."
1548033737698316290,SeunSeunSunday1,2022-07-15 19:56:18+00:00,0,Israel,"which says; ""It had not been the Lord who was on our side, now may Israel say; If it had not been the Lord who was on our side, when men rose up against us. Then they had swallowed us up quick, when their wrath was kindled against us. Then the waters had overwhelmed us,"
1534240092490956801,elikaeim,2022-06-07 18:25:17+00:00,0,Israel,A lesson from USS Liberty for Americans: Israel is not your friend! #USSLiberty #MemorialDay
1536245589679165440,David_Rosenfild,2022-06-13 07:14:25+00:00,1,Israel,Pakistan came into existence to fight Israel. We can not accept them. #DrIsrar
1589368167364964352,jane_dotexe,2022-11-06 21:24:34+00:00,0,Israel,"Israelâ€s entry for yourselfâ€¦ For a new worlds and the flow is a lot of City Terrace, East LA, and surveillanceâ€”is his attempt"
1572652883178315777,shafique_soomro,2022-09-21 18:24:00+00:00,0,Israel,What is the big deal about recognizing #Israel and maintaining diplomatic relations..!
1585465243727056896,spargles,2022-10-27 02:55:45+00:00,0,Israel,Iâ€d be very interested in getting down into the nuts and bolts of what â€œsupporting Israelâ€ and â€œsupporting Palestineâ€ actually respectively entail because I think so much of the discussion around the topic keeps them intentionally vague.
1579111601000828935,YLRHype,2022-10-09 14:08:38+00:00,0,Israel,#NowPlaying Who You Gon' Be feat. Israel Houghton Trip Lee by GAWVI
1585959758082686977,AliNaqi6230,2022-10-28 11:40:46+00:00,0,Israel,America Israel don't want a strong nuclear Islamic State in Middle East in South East Asia. As it's an assumption that Iran is a Nuclear State moreover their Nuclear head warfare missiles were also used by Russia in Ukraine so Israel USA did that conspiracy to punish Iran
1579522862725369858,Letha_Hughes,2022-10-10 17:22:51+00:00,0,Israel,"Criticizing Israel is not antisemitic - just like finding fault with Islam is not Islamaphobic Criticizing countries or ideas is a necessary prerogative in lieu of civil/human rights abuses Making judgments against a people, tho, is bigotry or prejudice Thereâ€s a distinction"
1580101192549421056,NellyDamayanti4,2022-10-12 07:40:55+00:00,0,Israel,"So MaryMartha couldn't control whenhow Yeshua,Lord God Israel, did,so Yeshua resurrected Lazarus had been buried f4 days by just called himLazarus soon came out of the tomb,since then Phariseesdeviant priests looking for a way to kill Yeshua"
1590110992792686595,IfNotNowOrg,2022-11-08 22:36:18+00:00,0,Israel,The only answer is a truly progressive coalition. One from Israel to Hungary to the US beyond. Today is about rising fascism around the world. The US and Israel are part of that larger movement. But there is another movement in response. What vision will we create? /ðŸ§µ
1595497765341171714,AlnuaimiNasser1,2022-11-23 19:21:24+00:00,0,Israel,"2-implement United Nations resolutions. Israel is the only country excluded from the implementation of United Nations resolutions. It is a country outside international law. See? The extreme right, the owners of arms factories, and the parliaments submissive to the Zionist lobby."
1584581127292866566,Da00263408,2022-10-24 16:22:35+00:00,1,Israel,"The absence of clear and deterrent laws for Israel's violence in Palestine is a major reason for the persistence of killings and violent crimes. "" Israel"" must be held to account! #UNDay #IsraeliCrimes"
1601709731135238144,DohaAyman5555,2022-12-10 22:45:32+00:00,1,Israel,"â€œIsrael practices apartheid not only in the occupied territories, but everywhere Israel rule extends. It is a regime of Jewish supremacy everywhereâ€ - Human Rights Watch #HumanRightsDay #IsraeliApartheid"
1629971798509928451,19MW98,2023-02-26 22:28:54+00:00,1,Israel,"As the previous Director of Labour Friends of Israel returns to New Labour, settlers in the illegally occupied areas of Israel embark on an orgy of violence against Palestinians. No doubt supported by apartheid paramilitaries and the IDF. What will these Blairites say of it?"
1646901726358765571,BlissAireMD,2023-04-14 15:42:24+00:00,0,Israel,"Nasrallah calling for financial support and arms for West Bank militant groups. Anyone who can transfer arms needs to do this, saying this is a duty. He adds the West Bank is the shield of Jerusalem. Israel is trying to isolate the West Bank, Lebanon and Gaza."
1620017618320248832,prwilliams55,2023-01-30 11:14:33+00:00,0,Israel,Israel has a right to self-defense.
1619735130352017409,lambbreyani,2023-01-29 16:32:02+00:00,1,Israel,"3/If the international community does not act swiftly to bring an end to Israel's colonial occupation its apartheid regime, this will further weaken security of both Israelis Palestinians further undermine the authority of int'l law everywhere else."
1640292930479878144,JamesAtLangton,2023-03-27 10:01:24+00:00,0,Israel,US activist investment firm Elliott Management is planning to take over beleaguered #cinema chain Cineworld's operations in eastern Europe and Israel\n\n$CINE shares up 10% on the news but Co has stated before that it expects any deal with creditors will wipe out shareholders
1624793366390280192,SevadalAKO,2023-02-12 15:31:40+00:00,0,Israel,"Adani ji has never done the work of making military equipment before, but PM Modi goes to Israel and Adani gets this contract. Modani Against India"
1634234189363965952,yesar,2023-03-10 16:46:08+00:00,0,Israel,"This leaves US ðŸ‡ºðŸ‡¸ reaction which has to be smart and measured as this overall is a positive development - US can't lose Saudi and can't slam it for defusing tensions in the region\n\nIsrael ðŸ‡ðŸ‡± is not out of options/in loss here, Tel Aviv enjoys strong ties to Beijing...."
1619208206299049984,AninoNiAlbert,2023-01-28 05:38:14+00:00,0,Israel,"Ukraine, Bolivia,â€¦that means, USA, Russia, Israel, Chinaâ€¦got their exemption certificates from ICC"
1647719613885456391,Mubashi07528094,2023-04-16 21:52:23+00:00,0,Israel,"In the Qur'an, when a commandment is given by mentioning the Children of Israel, it means that this commandment is not new; it was given to them and it is relevant to us as well.\n#ItikafCity2023 #Ø´ÛØ±_Ø§Ø¹ØªÚØ§Ù2023 #RamadanKareem"
1644984611192164353,Olamideae,2023-04-09 08:44:28+00:00,0,Israel,"Anthony Joshua won\n\nIsrael Adesanya won\n\nUsman is next ðŸ‡³ðŸ‡¬\n\nNaija, e dide"
1644926264179064834,yungkizuato,2023-04-09 04:52:37+00:00,0,Israel,ISRAEL ADESANYA GETS REVENGE!!!!!! HE WINS VIA KO!!!
1628172722969751552,jkiejm,2023-02-21 23:20:01+00:00,0,Israel,fuck israel
1619322842130284545,theseRthetimes,2023-01-28 13:13:45+00:00,0,Israel,Pfizer used Israel as a lab for Covid vaccines. Now even in Israel nobody wants their unsafe and ineffective boosters.\n\nThe most epic failure of a drug in history.
1611723932272365576,Melissa72667366,2023-01-07 13:58:24+00:00,0,Israel,Israel ðŸ‡ðŸ‡± today: A 34 year old male collapsed and died within an hour of receiving his 5th booster shot (while still at the clinic which administered the shot).\n\nResponse from health officials: â€œunknown if this is related to the vaccineâ€ ðŸ¤¯
1641177953215078400,Cree66522165,2023-03-29 20:38:10+00:00,0,Israel,"Slightly jarring to hear about Israelâ€s â€˜right-wing, nationalist governmentâ€ facing massive protests against attempts to transfer power from the judiciary to the government *in the same BBC bulletin* as a report about the U.K. governmentâ€s desire to do the same."
1630353342328107008,shamziman,2023-02-27 23:45:01+00:00,0,Israel,Israel's leaders have been utterly clear that retaliatory attacks against innocent Palestinians are unacceptable.\n\nI have never heard a Palestinian leader say the same about attacks on innocent Israelis.
1634332058876014592,BibleVRT,2023-03-10 23:15:01+00:00,0,Israel,"..Israel said to Samuel, ""Do not cease to cry to the LORD our God for us, that He may save us from the hand of the Philistines.""\n1Sm7:8 NASB"
1619169659802255361,junimond_hh,2023-01-28 03:05:04+00:00,0,Israel,"Deeply concerned about events in Jenin today, including Palestinian fatalities. Israel has a right to self-defence but security operations must be in line with International Humanitarian law. I urge Israel to show restraint in use of live fire ensure medical access."
1620467791886430212,WesternGamayun,2023-01-31 17:03:23+00:00,0,Israel,"Israel has 1 million Arab citizens who vote, serve in the government and participate fully and equally in society. \nIn the Palestinian areas, Jews are murdered outside synagogues. In Gaza, no Jew is legally allowed to live there. \nName the apartheid area?"
1641175481511714816,SteveFranssen,2023-03-29 20:28:21+00:00,0,Israel,Would be hilarious if the State Department regime changed Israel.\n\nWhoops!
1628449831923449856,freespeechlover,2023-02-22 17:41:09+00:00,0,Israel,"Today in Nablus, Palestine: Israeli forces murdered 10 people, children and elderly included. 100 injured. In one video an Israeli armoured vehicle rammed into a crowd. Many analysts now suggesting Israel wants to provoke a Palestinian uprising to legitimate mass violence."
1644933880934195202,HeySkiddo,2023-04-09 05:22:53+00:00,0,Israel,Israel is still a boring fighter idc
1619271143869022208,ChatNoi45350683,2023-01-28 09:48:19+00:00,0,Israel,"Israel raided Jenin and slaughtered 9 Palestinians, wounding 20 others. The videos are horrific. They bulldozed their youth center and prevented ambulances from reaching the wounded. If only the victims were born Ukrainian, perhaps the world would care more and send them tanks."
1611263964448542720,TheDrei,2023-01-06 07:30:39+00:00,0,Israel,Israel ðŸ‡ðŸ‡± today: A 34 year old male collapsed and died within an hour of receiving his 5th booster shot (while still at the clinic which administered the shot).\n\nResponse from health officials: â€œunknown if this is related to the vaccineâ€ ðŸ¤¯
1636060674060087300,OneDroid0Ficial,2023-03-15 17:43:55+00:00,0,Israel,Update: Israel: Finance Minister Smotrich will also return to Israel and will not proceed to his planned visit to Panama and South Africa.
1611771089633280003,SameerSojod,2023-01-07 17:05:47+00:00,1,Israel,"On the first days of 2014 aggression, â€œIsraelâ€ committed a heinous massacre\nin Khan Younis city, southern the Gaza Strip, claiming the lives of 11\nPalestinians.\n#PalestinianMartyrDay\n#IsraeliCrimes\n#16theOctoberGroup"
1641054566866206722,jidaey,2023-03-29 12:27:52+00:00,0,Israel,"Some people are celebrating Dayo Israel getting robbed in Abuja. Lovers of Nigeria ðŸ‡³ðŸ‡¬, where is your humanity?"
1619821076648976386,la_roche1,2023-01-29 22:13:34+00:00,0,Israel,Israel just launched a series of drone strikes on Iran.
1615472877653958671,MirajKhattak,2023-01-17 22:15:22+00:00,1,Israel,Palestinian children are carrying goodbye letters in their pockets in case they are killed by Israel.
1648497046243151873,NigeriaIsAZoo,2023-04-19 01:21:38+00:00,0,Israel,"What other country, besides #Israel prouldy displays a logo of a Jewish Star #MagenDavid Star of David ?"
1643636736025583617,trnkusm,2023-04-05 15:28:29+00:00,0,Israel,I add my voice to the many in strongly condemning the attack on Palestinians at prayer in Al Aqsa masjid. The cycle of violence must end. It is imperative that Israel's government act immediately to bring calm and that all sides work for a peaceful and just solution.
1621527584579407872,JanWhit79656323,2023-02-03 15:14:37+00:00,0,Israel,"I served with Ilhan Omar and spoke to her about her attitude about Jews and Israel. As a Jew, Iâ€m convinced she is not anti-Semitic."
1630411816663695365,MY_MUSLIM,2023-02-28 03:37:23+00:00,1,Israel,Israel gets $10 million/day from the US; here's how they use our money:
1646492543616684032,hshu22,2023-04-13 12:36:27+00:00,0,Israel,"The IRI must be teettering before it's final demise judging by the amount of ""collapse of Israel"" propaganda it has been spewing over the last week or so.\nKeep on deflecting whilst you disappear into the dustbin of history"
1644811117674344451,JonPJonP,2023-04-08 21:15:04+00:00,0,Israel,"#Netanyahu invited Lapid, head of the opposition, to a security update. It seems something significant might happen #Israel"
1627077815589015553,fixurheart2016,2023-02-18 22:49:15+00:00,0,Israel,"[24]Surely, shall one say, in YHVH have I righteousness and strength: even to him shall men come; and all that are incensed against him shall be ashamed.\n[25]In YHVH shall all the seed of Israel be justified, and shall glory."
1623184275993509889,YishaiFleisher,2023-02-08 04:57:43+00:00,0,Israel,"It's important to understand the psychology of Israel's extreme Left, a small but vocal minority: They prefer to burn down the country rather than handing over the keys of the state to the religious and nationalist Right."
1630615937157066752,WithAdele1,2023-02-28 17:08:29+00:00,0,Israel,You can never attack another country! Unless you're Israel and the US.
1634143286024601603,zzinovvv,2023-03-10 10:44:54+00:00,0,Israel,"JUST IN ðŸš¨ A â€œhorrible nuclear warâ€ will break out if the world does not stop Iran from obtaining atomic weapons, Israel Prime Minister Netanyahu said in an interview"
1640751871374819328,yocibou,2023-03-28 16:25:04+00:00,0,Israel,McDonald's announces the closure of branches in Israel due to ongoing protests.
1639335129913884687,LordFuckwit09,2023-03-24 18:35:27+00:00,1,Israel,Israel's new government is intensifying the oppression of the Palestinian people - one Minister even recently denied their very existence.\n\nRishi Sunak shouldnâ€t be rolling out the red carpet for Netanyahu but taking action to help end Israel's illegal occupation of Palestine.
1643992570010419200,KomradeKarlF,2023-04-06 15:02:27+00:00,1,Israel,Apartheid is deprivation.\nApartheid is segregation. \nApartheid is fragmentation. \nApartheid is dispossession. \n\nIsraelâ€s apartheid over Palestinians is a crime against humanity
1619898575294730240,YaudatTalyi,2023-01-30 03:21:31+00:00,1,Israel,"Note that I always now use the term Zionist State, or Zionists, not ""Israel."" Why? Because nobody can show me ""Israel"" on a map. It's a nation with no declared borders, which means it's not a nation at all."
1640329024357507072,Buckeye662,2023-03-27 12:24:49+00:00,0,Israel,The transnational Left is furious Netanyahu may restrict their ability to control Israel through unaccountable judges and government Deep State lawyers.
1642589970769616896,TeslaradarB,2023-04-02 18:09:01+00:00,0,Israel,"Coolio! steelmanx was first to spot a 2023 Tesla Model 3 ðŸ‡¨ðŸ‡³ Performance in Tel Aviv, Israel! ðŸ‡ðŸ‡± #TeslaRadar #Tesla #Israel #Model3 #Performance"
1640250890274873345,spitfirechef822,2023-03-27 07:14:21+00:00,0,Israel,"For those of you wondering what the mass protests in Israel are all about:\n\nNetanyahu wants to limit constitutional powers and transfer them from Israel's Supreme Court to the Knesset, the Israeli parliament. His Defense Minister, Yoav Gallant, criticized this and got fired."
1619013591910477824,sukru_saygi,2023-01-27 16:44:54+00:00,0,Israel,"Israel raided Jenin and slaughtered 9 Palestinians, wounding 20 others. The videos are horrific. They bulldozed their youth center and prevented ambulances from reaching the wounded. If only the victims were born Ukrainian, perhaps the world would care more and send them tanks."
1644792946766618626,Popcorn00Fresh,2023-04-08 20:02:51+00:00,0,Israel,#BREAKING âš¡ï¸ðŸ‡¸ðŸ‡¾ðŸ‡ðŸ‡·ðŸ‡ðŸ‡± THE SYRIAN REGIME AND IRANIAN-BACKED MILITIAS ARE FIRING ROCKETS AT ISRAEL IN THE GOLAN.
1636057662604599417,Remember1421,2023-03-15 17:31:57+00:00,1,Israel,Donbass is Russia\nKosovo is Serbia\nTaiwan is China \nIsrael is Palestine\n\nHave a good day.
1630075805601603584,27kislev5719,2023-02-27 05:22:12+00:00,0,Israel,"6:40 pm, Arabs threw stones at a bus and vehicles on Route 60 in the area of â€‹â€‹the Arab schools of the village of Luban al-Sharqiya, northeast of Ramallah;\n\n7:04 pm Arabs burn tires on the road between Einav and Avne Chefetz;\n\n7:12 pm, Arabs throw rocks at 2 buses passing Hawara"
1619023792390672384,Alejand12022025,2023-01-27 17:25:26+00:00,0,Israel,Pfizer used Israel as a lab for Covid vaccines. Now even in Israel nobody wants their unsafe and ineffective boosters.\n\nThe most epic failure of a drug in history.
1619151768696520705,sheikhwaleed495,2023-01-28 01:53:58+00:00,0,Israel,Israel continues to massacre innocent Palestinians with impunity. Killing of 10 Palestinians including an elderly woman in Occupied West Bank calls for the strongest condemnation. Sustainable peace in ME is linked to two-state solution. Pakistan stands with people of Palestine ðŸ‡µðŸ‡¸
1651586689750401024,dublinactivist,2023-04-27 13:58:46+00:00,1,Israel,"Supporting Israel is how Europeans can relive their most fascist and racist colonial dreams not only without guilt, but even feeling virtuous, as if their support for this blood-soaked horror show makes them Good People who Learned from History."
1638134937537708033,Bobby28620729,2023-03-21 11:06:18+00:00,0,Israel,What can we learn from Psalm 121?\n\nThree big truths about God's help and care for you. 1) The Creator is your helper. 2) The God of Israel is your protector. (3) the LORD will keep you from all harm.ðŸ„
1469723164481568770,cahlberg,2021-12-11 12:38:03+00:00,0,Israel,"Russian foreign minister Sergei Lavrov, who was set to arrive in Israel on Sunday, has postponed his trip. He is reported to have cancelled his entire trip to the Middle East. It would have been Lavrov's first visit to Jerusalem since 2018."
1466382272169496576,Welly03488243,2021-12-02 07:22:32+00:00,0,Israel,“Israel has forgotten his Maker and built palaces.” Hosea 8:14
1447398266711289857,ReformedWallet,2021-10-10 23:06:52+00:00,0,Israel,"“The Proverbs of Solomon, son of David, King of Israel: To know wisdom and instruction, to understand words of insight” Proverbs 1:1-2"
1469037922984857603,HeavenzHalo31,2021-12-09 15:15:08+00:00,0,Israel,Ok.. so me and my dad were just talking about the two witnesses and he said it could be Israel and America. Read very closely Revelation 11:5-12
1459562411862552576,drsusan59,2021-11-13 11:42:51+00:00,0,Israel,FULLY VAXXED= 3 shot. We should follow Israel lead and just say “3rd shot” and define “fully vaccinated” as 3 shots only. The CDC needs to get serious and not dance around with “booster” language anymore—redefinition 3 shots = fully vaccinated ASAP. #COVID19
1459921263560994819,PhumlaniMMajozi,2021-11-14 11:28:47+00:00,0,Israel,The Miss Universe competition is in Israel next month. Wonderful news! And it will be hosted by the mighty Steve Harvey. I’m a big fan of Steve. It’s a shame the ANC government has withdrawn support for Miss South Africa.
1471233855055187974,MankoMash,2021-12-15 16:40:59+00:00,0,Israel,Nna guys I won’t lie. I don’t understand Lalela’s situation. Are we angry or celebrating her? Is she friends of Israel or not? It’s just Mathematics paper 2 here by me
1433924839388041219,sanmoix,2021-09-03 18:48:17+00:00,0,Israel,"How come Israel, the highest vaccinated country, has the worse Covid cases rate per population right now?"
1437171711791677441,kingfishererst,2021-09-12 17:50:12+00:00,0,Israel,"11,396 new Covid cases in Israel today. With the majority of its adult population fully vaccinated."
1468256423926763522,AlbertoMiguelF5,2021-12-07 11:29:45+00:00,0,Israel,"""[Hamas/PIJ officials] do not live among the people and do not suffer as they do. They have investments and properties, frequently travel, then come back and praise the resistance and steadfastness, challenging [Israel] and voicing flowery slogans that the people are sick of."""
1456686701846351872,ellyngail,2021-11-05 14:15:48+00:00,0,Israel,"When an Israel-hater says, ""Why should I ignore this conflict, just because there's a hundred more?"" they should add under their breath, ""Besides, this is the trendy chic dispute, I get to bash Jews in a socially acceptable way AND I get a free kaffiyeh!"""
1451445237885243395,The_anishsingh,2021-10-22 03:08:05+00:00,0,Israel,Organization/People who praised India on 100cr vaccination mark - Bill gates - WHO - Israel PM - PM of Sri Lanka Bhutan People who think 100cr vaccination mark is nothing - Swara - Bainjal - Youtuber Dalla Abhisar - Hansraj The message is clear
1472857282631319557,3delights,2021-12-20 04:11:55+00:00,1,Israel,Remind me again why the US continues to stand by apartheid Israel.
1438918688871264256,tomofromtheyo,2021-09-17 13:32:03+00:00,0,Israel,"Israel, where over 80% of adults are fully vaccinated with Pfizer, has 130% more cases and 56% more deaths than at this time last year, according to the WHO."
1446009667751223297,Wordsmith_Manda,2021-10-07 03:09:05+00:00,0,Israel,"One of the simplest, least disruptive, least divisive, AND most effective steps we can take to fight climate change is plant more trees. I'm fully in favour* (*But not pines in Israel!)"
1452955956099256325,harry12567862,2021-10-26 07:11:09+00:00,1,Israel,"An attack on this scale has to be state-backed, Israel and USA primary suspects."
1475543294377558019,TimesWeary,2021-12-27 14:05:10+00:00,0,Israel,"""If everyone would just get vaccinated, this could all end."" Good point. It worked for Israel."
1437431171445571587,Bodog1966,2021-09-13 11:01:12+00:00,0,Israel,Sweden didn't vax or mask. Stop the bs. Israel did both and lead in new Covid cases. Stop the tyranny.
1473613323119874049,tijmcvq,2021-12-22 06:16:09+00:00,0,Israel,"Israel, a heavily vaccinated country, is now pushing a fourth jab against COVID. Where will this end? Will it ever end?"
1461103197834121218,COVIDLive,2021-11-17 17:45:23+00:00,0,Israel,379 new cases and 6 new deaths in Israel [23:45 GMT] #coronavirus #CoronaVirusUpdate #COVID19 #CoronavirusPandemic
1460680557097111560,hosta357,2021-11-16 13:45:57+00:00,0,Israel,Question for Keir Starmer... Why is campaigning for sanctions (BDS) against a state (Israel) that is illegally occupying the territory of another state (Palestine) in defiance of numerous UN resolutions holding it to a standard to which no other country is subjected?
1465226731757858820,dumingo33,2021-11-29 02:50:50+00:00,0,Israel,"African countries who take instructions from the United States of, United Kingdom and Israel have taken a decision to ban SADC member counties due to the new variant. SADC your are on your own but you will survive Unite."
1468424542544670723,yb2ob,2021-12-07 22:37:47+00:00,1,Israel,All Religions are preaching acceptance of UNGODLY LAWLESS HEATHENS BEHAVIOR! Israel Had UNHOLY CONFUSION ENTITY AS MODEL. Hollywood actors are CONFUSION ENTITIES NOT OF G-D TMH'S ELOHYIM UNIVERSAL CREATORS HOLY SPIRIT IN LAWS NATURE! Why Preachers AFRAID OF TRUTH?
1464156936346259485,AchimKansy,2021-11-26 03:59:51+00:00,0,Israel,#BREAKING Israel Health Ministry says it has identified three cases of the new South African Covid19 variant
1448757684262551552,Tazz1972Tazz,2021-10-14 17:08:43+00:00,0,Israel,"By approving the settlement expansion while Lapid was in DC, Israel gave the U.S. the perfect opportunity to vigorously denounce the move and take a stand against the plans. Instead, Blinken said nothing but gave lip service to “peace.”"
1461647839935836163,HistoricArc,2021-11-19 05:49:35+00:00,1,Israel,"Palestine will be free from apartheid Israel. Killing innocent children was never ok, and the world sits back and watches Israel kill more. When will this end??? When will my country be at peace???"
1461511114462830593,2020seeya,2021-11-18 20:46:17+00:00,0,Israel,BREAKING: Israel reports 0 coronavirus deaths for the third time in less than a week
1440413581615321103,WKiraW,2021-09-21 16:32:14+00:00,0,Israel,"Israel is America’s most critical ally. We must continue to stand with and support them. However, today the Democrats decided to pull $1 billion in funding from the Iron Dome– a missile defense system that protects Israel from Hamas’ rocket attacks."
1435276290723024898,qofcode,2021-09-07 12:18:28+00:00,0,Israel,They are discussing third and fourth “booster” vaccine shots. Israel in one the most vaccinated countries in the world and yet suffers from one of the highest infection rates. Are we still banned from having an honest discussion about the efficacy of these vaccines?
1465190333185069058,RealC816,2021-11-29 00:26:12+00:00,0,Israel,"When you see ISRAEL and Japan, both with great healthcare system and with disciplined populace, imposing travel ban and border closure, then our country should review our RED list ASAP - Hong Kong should be included in that list due to its proximity to volume of OCWs in HK"
1437880163681845251,AYankeeBell,2021-09-14 16:45:20+00:00,0,Israel,Israel Study: Fully “Vaccinated” are 27 Times MORE Likely 2 Get Covid Compared to People With Natural Immunity
1471208058424631300,putonahat,2021-12-15 14:58:29+00:00,0,Israel,Israel extends border closure until December 29 due to Omicron
1435470254600122374,RebeccaTurner5,2021-09-08 01:09:13+00:00,0,Israel,"IN their desperation Israel is arresting relatives of the 6 escapees in an illegal way to punish them or even hold them hostages. Collective punishment is a war crime - اعتقال يعقوب نفيعات، والد الاسير مناضل نفيعات ,رداد عارضه، شقيق الاسير محمود عارضه ,باسم قاسم شقيق محمد قاسم"
1435466400030605323,SWestenrider,2021-09-08 00:53:54+00:00,0,Israel,"In the US, we've tested at less than one third the rate of the UK and Israel during the Delta wave. Because of this, we've likely missed A LOT more cases—and opportunities to stop spread."
1467456323092561925,Gyansin59868940,2021-12-05 06:30:26+00:00,0,Israel,"American call West Asian Quad () as ""I2,U2"" -- Israel, India (I2), UAE, US (U2)."
1438145470216478729,klassikist,2021-09-15 10:19:34+00:00,1,Israel,"Instead of taking care of its people, America pumps tons of taxpayer cash into the apartheid state of Israel. #FreePalestine"
1477052229207175179,McIXeAAgDT,2021-12-31 18:01:08+00:00,0,Israel,Biden’s 2021 in review: Energy crisis Gas crisis Supply chain crisis Delta crisis Omicron crisis Mandate crisis Israel/Palestinian crisis Afghanistan crisis China crisis Inflation crisis Debt crisis Crime crisis Job crisis Welfare crisis Drug crisis Border crisis Migrant crisis
1434267639447175173,GlacerFM,2021-09-04 17:30:27+00:00,0,Israel,Official - THE BEST OF - The Real J Israel
1464285272200335365,cgtnamerica,2021-11-26 12:29:48+00:00,0,Israel,The Nu COVID-19 variant - identified as B.1.1.529 - has been discovered in these countries and regions: South Africa Botswana Hong Kong Israel #NuVariant
1442196077009068034,Roach_Collector,2021-09-26 14:35:14+00:00,0,Israel,"Israel and Palestine will recognize one another before I recognize Dunkin Donuts' rebrand to ""Dunkin"""
1450133764097470468,RozRothstein,2021-10-18 12:16:46+00:00,0,Israel,We recall his admiration for friendship towards the State of Israel the Jewish People. (2/2)
1434208833082208261,chrisfos72,2021-09-04 13:36:46+00:00,1,Israel,The occupying army of Israel are just a gang of fascist thugs.
1465812625711849475,DemocraShe,2021-11-30 17:38:58+00:00,0,Israel,"What we need to remember about #IlhanOmar is she's an immigrant from the Middle East. Her experiences with Israel are much different than ours. I don't condone anti-semitism, but we, also, need to be mindful of her perspective and HER truth as an immigrant."
1437082789795569671,IsraelMFA,2021-09-12 11:56:51+00:00,0,Israel,"International investment inside the Gaza Strip and joint economic projects with Israel, Egypt and the Palestinian Authority will be advanced. Industrial and employment zones will be built near the Erez Crossing."
1433539674782507010,Patriotsamo,2021-09-02 17:17:47+00:00,0,Israel,"It's in Canada's best interest to stand with our democratic ally Israel, and its right to exist -- and we don't care if that upsets you."
1455827660555309057,bastheekhoe,2021-11-03 05:22:16+00:00,0,Israel,pretty wild how often Israel bombs Syria without much of a peep of outrage or concern from really anyone
1466312863564271623,A_D_Morgan,2021-12-02 02:46:44+00:00,0,Israel,"This is how Israel suppresses resistance more quietly, this kind of action is routine but doesn’t get international attention or pushback."
1435318855350558722,donbunker,2021-09-07 15:07:36+00:00,0,Israel,They are discussing third and fourth “booster” vaccine shots. Israel in one the most vaccinated countries in the world and yet suffers from one of the highest infection rates. Are we still banned from having an honest discussion about the efficacy of these vaccines?
1467178454651133966,Iobey10,2021-12-04 12:06:17+00:00,0,Israel,"A doctor in Israel who got BOTH vaxs + booster now has omicron. He didn’t know it until after he performed 10 surgeries, was in close contact w many others. But, he only passed it on to ONE person. “Terribly contagious?” THREE still infected? So many lie*s!"
1466885669159120896,javiii86_,2021-12-03 16:42:51+00:00,1,Israel,let kids believe in Santa! y’all old af and believe in Israel
1440519289816055811,HuntTerrie,2021-09-21 23:32:16+00:00,0,Israel,"Father, for the sake of Israel, Please Restore President Trump to lead our nation. Remember him for good as he befriended thy chosen people. Remember him for his protection of the Unborn and his support for Christians. Save our Republic. Have mercy on us. In Jesus name Amen."
1448013306359320576,BayernLM10,2021-10-12 15:50:49+00:00,0,Israel,"Assists: 4-14 Goals: 37-38 Big chances: 65-30 Pens: 8-4 Not to mention 7 of Ronaldo’s goals have come against Israel, Luxembourg, Ireland, Qatar, and not to mention the tap-ins and opposition errors"
1468332039216803847,blackintheempir,2021-12-07 16:30:13+00:00,0,Israel,She is counting on the fact that people either don't know or don't remember that she voted to fund Israel in August.
1434755272577142784,Jennifer_in_OZY,2021-09-06 01:48:08+00:00,0,Israel,Israel is now preparing to administer FOURTH doses of the COVID-19 vaccine.
1442539826528481285,MairavZ,2021-09-27 13:21:10+00:00,0,Israel,"Bennett's disappearance of the Palestinians from his UNGA speech, even as the IDF continues raids in the West Bank, even as Israel struggles to cope with Gaza crisis, is an effort to make Israel appear like a normal nation, while still demanding special treatment. /3"
1448066079218094084,MidlifeDirtbag,2021-10-12 19:20:31+00:00,0,Israel,Retail workers in the United States without healthcare are paying taxes so citizens in Israel can have free healthcare. Make this make sense.
1444036811316203520,EvanWelcher,2021-10-01 16:29:39+00:00,0,Israel,In short I would argue that God’s judgment against Israel is not so much that women are ruling as much as it is that bad women are ruling. Proud consumeristic women who are the counterparts of men who rob the poor. These women are not like Deborah.
1432935546104451074,chief77717,2021-09-01 01:17:11+00:00,0,Israel,Israel has reported the highest number of COVID cases since the start of the pandemic…Israel also has the highest vaccination rate in the world… Make it make sense.
1443163664048168966,PalBint,2021-09-29 06:40:04+00:00,0,Israel,If there's another way to hold Israel to account other than imposing sanctions I would love to know what it is. Palestinians have been waiting 73 years for Western politicians to hold Israel to account.
1449803807756595202,beachboyzz,2021-10-17 14:25:38+00:00,1,Israel,Three words. Devastating truth. - Not for Israel. There it’s program. ‘Kill the snakes!’ says Jaked. Minister of the Israeli government.
1459903539636019214,sellwanenkoman1,2021-11-14 10:18:22+00:00,0,Israel,I hope Lalela will go and win that title of Miss Universe ko Israel a swabise dira
1440413828668289026,Goldenzgirl1,2021-09-21 16:33:13+00:00,0,Israel,"Iron Dome, like other missile defense systems, was co-developed by the US and Israel. The research that went into the design of this system is shared between our two countries and can be used to protect our bases abroad, in addition to Israeli civilians in their homes. (3/5)"
1434584560067559427,teresabarno,2021-09-05 14:29:47+00:00,0,Israel,"THE MESSIAH went to The Cross, then GOD THE FATHER stopped the clock. Israel is the PROPHETIC CLOCK OF GOD that si running the PROPHETIC TIME OF GOD on the earth.#PreparationforRapture"
1473736506057625601,talkJenny,2021-12-22 14:25:38+00:00,0,Israel,"Israel, a heavily vaccinated country, is now pushing a fourth jab against COVID. Where will this end? Will it ever end?"
1462688630057541633,mortazavi,2021-11-22 02:45:19+00:00,1,Israel,"Gideon Levy, Haaretz: ""A Brief History of Killing Children"" Israel killed 2171 Palestinian children since the year 2000"
1458514255716786182,penseaumot,2021-11-10 14:17:51+00:00,0,Israel,Israel speechless
1467539664743587851,kol_Hakavod,2021-12-05 12:01:36+00:00,0,Israel,Hey Desmond Chidimma! Many thanks for the follow! Israel is forever!!!
1451650480208326661,AlishaLaws6,2021-10-22 16:43:39+00:00,0,Israel,"Jesus Heals a Mute Man (Isaiah 35:1-10; Mark 7:31-37) 32As they went out, behold, they brought to him a dumb man possessed with a devil. 33And when the devil was cast out, the dumb spake: and the multitudes marvelled, saying, It was never so seen in Israel. 34But the Pharisees"
1445336256850890753,Philodemus_AG,2021-10-05 06:33:11+00:00,1,Israel,"Israel government denies from twice vaccinated to attend a restaurant in an open space unless getting the 3rd booster. = mass coercion of FDA unapproved indications. = contrary to MOH recommendation = if a physician contradicts this, he'll be fired A Dictatorship."
1442978128394014722,2tGskNmmdHNTiR0,2021-09-28 18:22:49+00:00,0,Israel,"A distress call to the world from Erbil, Iraq. We who held the peace conference with Israel. We are now being arrested and the world is only watching. We are being killed silently. #إسرائيل #edycohen #mr_davidjalal #الأمم_المتحدة #UNGA #HumanRights"
1459693784581689344,somethingamyss,2021-11-13 20:24:52+00:00,0,Israel,Reminder that these people say they can’t be antisemitic because they “support Israel” but they only “support Israel” because they need it for the rapture. They hate Jews.
1453760871549788163,Pahlavi51726791,2021-10-28 12:29:36+00:00,0,Israel,"Secret U.S. missile and electro-optics technology was transferred to China recently by Israel, prompting anger from the U.S. and causing a senior Israeli defense official to resign"
1436844372369317889,eyad48819516,2021-09-11 20:09:28+00:00,1,Israel,"#AIPAC, Israel has been striking the Gaza Strip since the ceasefire last May. Many innocent people have been killed, including 12 children. Why are you keeping quiet about this? #ThisIsIsrael #IsraeliTerrorism #Israeliwarcrimes #BDS #IsraeliApartheid #swilkinsonbc #SaveIsraa"
1441622196149968896,kikrogers20,2021-09-25 00:34:50+00:00,0,Israel,God never writes off anyone with whom He is in covenant relationship. Israel was mocked and ridiculed by those that observed their state because their enemies assumed that the God Israel serves had forsaken them. (Ezekiel 36:6-11) But this was not the case. #PhanerooDevotion
1475199164753625088,solomonsucceeds,2021-12-26 15:17:43+00:00,0,Israel,"Desmond Tutu supported BDS ""Those who continue to do business with Israel, contributing to sense of 'normalcy' in Israeli society, are doing people of Israel Palestine a disservice. They contribute to the perpetuation of a profoundly unjust status quo"" UK Gov want to ban this"
1457925695460552709,DanielsenSteven,2021-11-08 23:19:07+00:00,0,Israel,"to the names of the children of Israel, twelve, according to their names, like the engravings of a signet, every one with his name, according to the twelve tribes."
1434910939992702978,Magazking,2021-09-06 12:06:42+00:00,0,Israel,"Jill and I extend our warmest wishes to all those celebrating Rosh Hashanah in the United States, Israel, and around the world. Shanah Tovah U’Metukah. May it be a sweet, healthy, and happy new year."
1441734276949676036,lentenpromise,2021-09-25 08:00:12+00:00,0,Israel,"Saturday of the Twenty-fifth Week in Ordinary Time Responsorial Psalm Jeremiah 31:10, 11-12ab, 13 R. (see 10d) The Lord will guard us as a shepherd guards his flock. Hear the word of the LORD, O nations, proclaim it on distant isles, and say: He who scattered Israel, now"
1451737362287845382,N7Verner,2021-10-22 22:28:53+00:00,0,Israel,"If so, why is Israel going for a fourth? Asking for a species."
1463145109189496836,HeadNinja007,2021-11-23 08:59:12+00:00,0,Israel,"Today, the United States has given 10 million of your tax dollars to the Israeli government. Divest from Israel. Invest in Black Americans."
1474799710984626183,Waters102,2021-12-25 12:50:26+00:00,0,Israel,"The Qur’an on Jesus Christ: •Requires Muslims accept Jesus as an Article of Faith •He was sent to the Tribes of Israel •He was Messiah, born of Virgin Mary, was sinless •Prophecies his 2nd coming •Names Chapter 19 after Mary Our faiths have more in common than many think!"
1436835231298895875,army_antifa,2021-09-11 19:33:08+00:00,0,Israel,Andrew Yang believes: - Israel has never done anything wrong - Russia is our greatest threat - The answer to climate crisis is “move to higher ground” - $15 min wage is too much - Assange should stand trial This amazing 3rd party he’s creating should be called ‘The Democrats!’
1461547221669711873,islamocommunism,2021-11-18 23:09:46+00:00,1,Israel,"notice how most of the children israel murders as of recently are palestinian boys. the whole idea of ""we need to save women and children needs to go because it sets up palestinian males as antagonistic to the liberation of palestine. all palestinian life deserves freedom."
1447886719869669376,fixerofthings,2021-10-12 07:27:49+00:00,0,Israel,"Why do you want Nike, Israel? They use forced labor in CHINA! Remember where the virus was released. Let them go broke !"
1439400067044102144,NTruthurtz,2021-09-18 21:24:53+00:00,0,Israel,The US gives Israel $10 million a day so that Israeli occupation forces can do things like this:
1473411639173160961,Ride4Truth,2021-12-21 16:54:44+00:00,0,Israel,BREAKING: Israel to offer 4th dose of COVID-19 vaccine to people over the age of 60
1437033307317940224,DonaldP28785881,2021-09-12 08:40:13+00:00,0,Israel,"KJV EXO 14:31 ""And Israel saw that great work which the LORD did upon the Egyptians: and the people feared the LORD, and believed the LORD, and his servant Moses."""
1446671980619608072,whsieh,2021-10-08 23:00:52+00:00,0,Israel,"Pakistan, India, and Israel didn’t ask for permission to get nukes. *cough* *cough*"
1461772474094338048,johnjoechad,2021-11-19 14:04:50+00:00,0,Israel,Israel recently outlawed Palestinian human rights groups as 'terror organisations'. Now the UK has declared any support for Hamas – and the millions of Palestinians it represents politically – will be illegal. Maybe just get on with it and call all Palestinians terrorists
1441205223373033472,LittleMsT2,2021-09-23 20:57:56+00:00,0,Israel,It is probably time for a serious look at what is happening in Israel
1463617131946205187,TarteApricot,2021-11-24 16:14:51+00:00,1,Israel,"The entire rationale for the presence of Israel in Palestine let alone the oPT is nothing short of a perverse, fanciful, mythical land grab at gunpoint."
1441135998033752066,LarryFinesHair,2021-09-23 16:22:51+00:00,0,Israel,The only two countries in the world that aren't allowed to have borders: The United States and Israel. Discuss.
1453233626141888515,WillaABell1,2021-10-27 01:34:30+00:00,0,Israel,"The United States sends Israel $3B a year. Israel offers 26 weeks family leave, paying for 15 weeks, Universities are subsidized only charging students $3,000/year. Israel has universal healthcare and abortions are not only subsidized but most cases, free."
1460983194602381319,John210750,2021-11-17 09:48:32+00:00,1,Israel,"In order to stop the pro-Israel lobby doing to him what they did to Jeremy Corbyn, #LiarStarmer has sold his soul to an apartheid regime. In other words, in order to prevent another fake ""antisemitism crisis"", he's made the Labour Party genuinely pro-racist. A thread."
1444381575131566084,EBluemountain1,2021-10-02 15:19:37+00:00,0,Israel,"Calling for Palestine ""from the River to the Sea"" or for a ""post Zionist"" Israel ... a PC way of espousing Hitler's Final Solution."
1435378047440474114,Alohoemoron,2021-09-07 19:02:49+00:00,0,Israel,Israel bombed a WATER FACILITY. Gaza is having issues w/a water shortage. Israel is committing war crimes.
1458933854325067782,bozzystuff,2021-11-11 18:05:11+00:00,0,Israel,FULLY VAXXED= 3 shot. We should follow Israel lead and just say “3rd shot” and define “fully vaccinated” as 3 shots only. The CDC needs to get serious and not dance around with “booster” language anymore—redefinition 3 shots = fully vaccinated ASAP. #COVID19
1473729841761599489,monicadamb,2021-12-22 13:59:09+00:00,0,Israel,Israel today: Covid hospitalizations: 124 Omicron hospitalizations: 0 Flu hospitalizations: 1088
1444988795108139008,PrinceGx,2021-10-04 07:32:30+00:00,1,Israel,"Vaccinated or not you can still catch the vaccine and pass it. Look at Israel and other highly Vaccinated countries, meaning this is just something to divide people and a way to force their agendas on the world. Think for yourself and do your own research before it's illegal."
1468352346380021764,aNellytics,2021-12-07 17:50:54+00:00,0,Israel,Let's do some more #Devy ranks! Rank this group of '23 eligible RBs: Blake Corum Brandon Thomas DeaMonte Trayanum Deuce Vaughn Devon Achane DeWayne McBride Israel Abanikanda Jalen Berger Jase McClellan Jaylan Knighton Keaton Mitchell Kendall Milton Kendre Miller
1470810587265388548,JeanMakaveli95,2021-12-14 12:39:05+00:00,0,Israel,Israel is protected by very advanced Aerial Defense Weapons while Africa is protected by the God of Israel
1456279282938834944,Claire_V0ltaire,2021-11-04 11:16:52+00:00,0,Israel,I was today years old when I learned antizionists don’t think Jews are a nation. Oh well. Am Israel Chai.
1458392151562260486,_lesegot,2021-11-10 06:12:39+00:00,1,Israel,You know why the Miss SA team is sending Lalela to Israel despite the outrage? Because they never saw anything wrong with apartheid then and they do not see anything wrong with it now.
1438129525121032193,samah_fadil,2021-09-15 09:16:12+00:00,0,Israel,"Today, the United States has given 10 million of your tax dollars to the Israeli government. Divest from Israel. Invest in Black Americans."
1456924052904370176,RealKudaMupfeka,2021-11-06 05:58:57+00:00,0,Israel,"Just like He pushed back the waters of the Red Sea for Moses and Israel to cross on dry ground, I pray The Spirit of The Living God will push back the waters so you may walk through what you are going through!"
1393696446453518336,sircryptalot,2021-05-15 22:35:01+00:00,0,Israel,BREAKING: Reports of shooting at Qalandia checkpoint North of Jerusalem #Israel
1411236973164048384,hannahomge,2021-07-03 08:14:48+00:00,0,Israel,reminder that just bc shits not trendy anymore doesnt mean we can forget ab palestine like bro israel is still being a whore
1417914778098360320,HoldingOn2Me,2021-07-21 18:30:01+00:00,0,Israel,"Amos 3 Authority of the Prophetâ€s Message 3Â Hear this word that the Lord has spoken against you, O children of Israel, against the whole family which I brought up from the land of Egypt, saying: 2Â â€œYou only have I known of all the families of the earth; Therefore I will punish"
1403117211846418438,Moshcrates,2021-06-10 22:29:46+00:00,0,Israel,"Imagine saying, in truth, that many countries and organizations commit human atrocities such as: the US, Israel, Hamas, Egypt, Taliban, ISIS....and it being controversial. Pretty easy way to avoid that comparison...stop committing atrocities. #StandWithIlhan"
1393049509702377472,Mayarma57056111,2021-05-14 03:44:19+00:00,0,Israel,"and kicked you just because they think it's theirs ? Please understand that this is not about religion !! Jews ,Christians and Muslims coexisted in Palestine peacefully before Israel even existed ! this is a humanitarian crisis and everyone needs to know about whatâ€s happening"
1393040226533085185,DarkTimeIan,2021-05-14 03:07:26+00:00,0,Israel,Is that a large % of children casualties? Do Israel intentionally bomb families in their homes? Do Israel intentionally bomb children?
1393653621686931456,JoshuaPotash,2021-05-15 19:44:50+00:00,0,Israel,"I don't understand how a single person accepts the idea that blowing up homes, media offices, stores, anything is more acceptable because Israel warned them it was coming."
1394556707242758145,nezar78,2021-05-18 07:33:23+00:00,0,Israel,like Turkey keep silent observing following up the event in Palestine without even cutting Relationship among them and Israel When we get human feel and Solidarity with truth and justice from who accused of bad morals while we DONâ€T by WHO ACT and CLAIM !! It just Would deserv
1394073434322182148,JVartndesign,2021-05-16 23:33:02+00:00,0,Israel,I dont think the 2 state solution can work any more We need a unified Israel Palestine with a new name thats a genuine multi ethnic secular democracy Get rid of or curb both Hamas n jihadist groups and militant settlers
1393270874145378305,SdDrilla,2021-05-14 18:23:56+00:00,0,Israel,"Thereâ€s absolutely no way you can show any support to the government of Israel or agree with them . The British government , America and the UN are all to blame . May Allah make it easy for the people of Palestine . I know this situation has been on every Muslims mind ."
